Copyright 1986-2022 Xilinx, Inc. All Rights Reserved. Copyright 2022-2024 Advanced Micro Devices, Inc. All Rights Reserved.
------------------------------------------------------------------------------------------------------------------------------------------------------------------------------
| Tool Version : Vivado v.2024.1 (lin64) Build 5076996 Wed May 22 18:36:09 MDT 2024
| Date         : Fri Feb 20 00:38:53 2026
| Host         : pop-os running 64-bit Pop!_OS 22.04 LTS
| Command      : report_timing_summary -file /home/han4n/cva6_experiments/bitstreams/reports/timing/timing_ariane_IC4k_4w_128L_DC128_4w_128L_BTB16_BHT16_RAS2_ITLB4_DTLB4.rpt
| Design       : SoC_wrapper
| Device       : 7z020-clg400
| Speed File   : -1  PRODUCTION 1.12 2019-11-22
| Design State : Routed
------------------------------------------------------------------------------------------------------------------------------------------------------------------------------

Timing Summary Report

------------------------------------------------------------------------------------------------
| Timer Settings
| --------------
------------------------------------------------------------------------------------------------

  Enable Multi Corner Analysis               :  Yes
  Enable Pessimism Removal                   :  Yes
  Pessimism Removal Resolution               :  Nearest Common Node
  Enable Input Delay Default Clock           :  No
  Enable Preset / Clear Arcs                 :  No
  Disable Flight Delays                      :  No
  Ignore I/O Paths                           :  No
  Timing Early Launch at Borrowing Latches   :  No
  Borrow Time for Max Delay Exceptions       :  Yes
  Merge Timing Exceptions                    :  Yes
  Inter-SLR Compensation                     :  Conservative

  Corner  Analyze    Analyze    
  Name    Max Paths  Min Paths  
  ------  ---------  ---------  
  Slow    Yes        Yes        
  Fast    Yes        Yes        


------------------------------------------------------------------------------------------------
| Report Methodology
| ------------------
------------------------------------------------------------------------------------------------

Rule     Severity  Description                   Violations  
-------  --------  ----------------------------  ----------  
LUTAR-1  Warning   LUT drives async reset alert  11          

Note: This report is based on the most recent report_methodology run and may not be up-to-date. Run report_methodology on the current design for the latest report.



check_timing report

Table of Contents
-----------------
1. checking no_clock (0)
2. checking constant_clock (0)
3. checking pulse_width_clock (0)
4. checking unconstrained_internal_endpoints (0)
5. checking no_input_delay (3)
6. checking no_output_delay (4)
7. checking multiple_clock (0)
8. checking generated_clocks (0)
9. checking loops (0)
10. checking partial_input_delay (0)
11. checking partial_output_delay (0)
12. checking latch_loops (0)

1. checking no_clock (0)
------------------------
 There are 0 register/latch pins with no clock.


2. checking constant_clock (0)
------------------------------
 There are 0 register/latch pins with constant_clock.


3. checking pulse_width_clock (0)
---------------------------------
 There are 0 register/latch pins which need pulse_width check


4. checking unconstrained_internal_endpoints (0)
------------------------------------------------
 There are 0 pins that are not constrained for maximum delay.

 There are 0 pins that are not constrained for maximum delay due to constant clock.


5. checking no_input_delay (3)
------------------------------
 There are 3 input ports with no input delay specified. (HIGH)

 There are 0 input ports with no input delay but user has a false path constraint.


6. checking no_output_delay (4)
-------------------------------
 There are 4 ports with no output delay specified. (HIGH)

 There are 0 ports with no output delay but user has a false path constraint

 There are 0 ports with no output delay but with a timing clock defined on it or propagating through it


7. checking multiple_clock (0)
------------------------------
 There are 0 register/latch pins with multiple clocks.


8. checking generated_clocks (0)
--------------------------------
 There are 0 generated clocks that are not connected to a clock source.


9. checking loops (0)
---------------------
 There are 0 combinational loops in the design.


10. checking partial_input_delay (0)
------------------------------------
 There are 0 input ports with partial input delay specified.


11. checking partial_output_delay (0)
-------------------------------------
 There are 0 ports with partial output delay specified.


12. checking latch_loops (0)
----------------------------
 There are 0 combinational latch loops in the design through latch input



------------------------------------------------------------------------------------------------
| Design Timing Summary
| ---------------------
------------------------------------------------------------------------------------------------

    WNS(ns)      TNS(ns)  TNS Failing Endpoints  TNS Total Endpoints      WHS(ns)      THS(ns)  THS Failing Endpoints  THS Total Endpoints     WPWS(ns)     TPWS(ns)  TPWS Failing Endpoints  TPWS Total Endpoints  
    -------      -------  ---------------------  -------------------      -------      -------  ---------------------  -------------------     --------     --------  ----------------------  --------------------  
      1.439        0.000                      0                78444        0.037        0.000                      0                78394        2.000        0.000                       0                 26219  


All user specified timing constraints are met.


------------------------------------------------------------------------------------------------
| Clock Summary
| -------------
------------------------------------------------------------------------------------------------

Clock                       Waveform(ns)         Period(ns)      Frequency(MHz)
-----                       ------------         ----------      --------------
clk_fpga_0                  {0.000 10.000}       20.000          50.000          
sys_clock                   {0.000 4.000}        8.000           125.000         
  clk_25_SoC_clk_wiz_0_0    {0.000 20.000}       40.000          25.000          
  clk_50_SoC_clk_wiz_0_0    {0.000 10.000}       20.000          50.000          
  clkfbout_SoC_clk_wiz_0_0  {0.000 4.000}        8.000           125.000         


------------------------------------------------------------------------------------------------
| Intra Clock Table
| -----------------
------------------------------------------------------------------------------------------------

Clock                           WNS(ns)      TNS(ns)  TNS Failing Endpoints  TNS Total Endpoints      WHS(ns)      THS(ns)  THS Failing Endpoints  THS Total Endpoints     WPWS(ns)     TPWS(ns)  TPWS Failing Endpoints  TPWS Total Endpoints  
-----                           -------      -------  ---------------------  -------------------      -------      -------  ---------------------  -------------------     --------     --------  ----------------------  --------------------  
sys_clock                                                                                                                                                                     2.000        0.000                       0                     1  
  clk_25_SoC_clk_wiz_0_0          1.439        0.000                      0                58499        0.037        0.000                      0                58499       18.750        0.000                       0                 25477  
  clk_50_SoC_clk_wiz_0_0         11.503        0.000                      0                 1359        0.079        0.000                      0                 1359        8.750        0.000                       0                   738  
  clkfbout_SoC_clk_wiz_0_0                                                                                                                                                    5.845        0.000                       0                     3  


------------------------------------------------------------------------------------------------
| Inter Clock Table
| -----------------
------------------------------------------------------------------------------------------------

From Clock              To Clock                    WNS(ns)      TNS(ns)  TNS Failing Endpoints  TNS Total Endpoints      WHS(ns)      THS(ns)  THS Failing Endpoints  THS Total Endpoints  
----------              --------                    -------      -------  ---------------------  -------------------      -------      -------  ---------------------  -------------------  
clk_50_SoC_clk_wiz_0_0  clk_25_SoC_clk_wiz_0_0       10.211        0.000                      0                  449        0.181        0.000                      0                  415  
clk_25_SoC_clk_wiz_0_0  clk_50_SoC_clk_wiz_0_0        7.858        0.000                      0                  557        0.126        0.000                      0                  541  


------------------------------------------------------------------------------------------------
| Other Path Groups Table
| -----------------------
------------------------------------------------------------------------------------------------

Path Group              From Clock              To Clock                    WNS(ns)      TNS(ns)  TNS Failing Endpoints  TNS Total Endpoints      WHS(ns)      THS(ns)  THS Failing Endpoints  THS Total Endpoints  
----------              ----------              --------                    -------      -------  ---------------------  -------------------      -------      -------  ---------------------  -------------------  
**async_default**       clk_25_SoC_clk_wiz_0_0  clk_25_SoC_clk_wiz_0_0       24.958        0.000                      0                17851        0.454        0.000                      0                17851  
**async_default**       clk_50_SoC_clk_wiz_0_0  clk_50_SoC_clk_wiz_0_0       16.610        0.000                      0                   96        0.587        0.000                      0                   96  


------------------------------------------------------------------------------------------------
| Timing Details
| --------------
------------------------------------------------------------------------------------------------


---------------------------------------------------------------------------------------------------
From Clock:  sys_clock
  To Clock:  sys_clock

Setup :           NA  Failing Endpoints,  Worst Slack           NA  ,  Total Violation           NA
Hold  :           NA  Failing Endpoints,  Worst Slack           NA  ,  Total Violation           NA
PW    :            0  Failing Endpoints,  Worst Slack        2.000ns,  Total Violation        0.000ns
---------------------------------------------------------------------------------------------------


Pulse Width Checks
--------------------------------------------------------------------------------------
Clock Name:         sys_clock
Waveform(ns):       { 0.000 4.000 }
Period(ns):         8.000
Sources:            { sys_clock }

Check Type        Corner  Lib Pin            Reference Pin  Required(ns)  Actual(ns)  Slack(ns)  Location         Pin
Min Period        n/a     MMCME2_ADV/CLKIN1  n/a            1.249         8.000       6.751      MMCME2_ADV_X1Y2  SoC_i/clk_wiz_0/inst/mmcm_adv_inst/CLKIN1
Max Period        n/a     MMCME2_ADV/CLKIN1  n/a            100.000       8.000       92.000     MMCME2_ADV_X1Y2  SoC_i/clk_wiz_0/inst/mmcm_adv_inst/CLKIN1
Low Pulse Width   Slow    MMCME2_ADV/CLKIN1  n/a            2.000         4.000       2.000      MMCME2_ADV_X1Y2  SoC_i/clk_wiz_0/inst/mmcm_adv_inst/CLKIN1
High Pulse Width  Slow    MMCME2_ADV/CLKIN1  n/a            2.000         4.000       2.000      MMCME2_ADV_X1Y2  SoC_i/clk_wiz_0/inst/mmcm_adv_inst/CLKIN1



---------------------------------------------------------------------------------------------------
From Clock:  clk_25_SoC_clk_wiz_0_0
  To Clock:  clk_25_SoC_clk_wiz_0_0

Setup :            0  Failing Endpoints,  Worst Slack        1.439ns,  Total Violation        0.000ns
Hold  :            0  Failing Endpoints,  Worst Slack        0.037ns,  Total Violation        0.000ns
PW    :            0  Failing Endpoints,  Worst Slack       18.750ns,  Total Violation        0.000ns
---------------------------------------------------------------------------------------------------


Max Delay Paths
--------------------------------------------------------------------------------------
Slack (MET) :             1.439ns  (required time - arrival time)
  Source:                 SoC_i/ariane_peripherals_0/inst/i_peripherals_mapper/i_ariane_peripherals/i_plic/threshold_q_reg[0][0]/C
                            (rising edge-triggered cell FDCE clocked by clk_25_SoC_clk_wiz_0_0  {rise@0.000ns fall@20.000ns period=40.000ns})
  Destination:            SoC_i/ariane_peripherals_0/inst/i_peripherals_mapper/i_ariane_peripherals/i_plic/gen_target[0].i_target/gen_sequential.irq_id_reg[0]/D
                            (rising edge-triggered cell FDCE clocked by clk_25_SoC_clk_wiz_0_0  {rise@0.000ns fall@20.000ns period=40.000ns})
  Path Group:             clk_25_SoC_clk_wiz_0_0
  Path Type:              Setup (Max at Slow Process Corner)
  Requirement:            40.000ns  (clk_25_SoC_clk_wiz_0_0 rise@40.000ns - clk_25_SoC_clk_wiz_0_0 rise@0.000ns)
  Data Path Delay:        38.528ns  (logic 8.866ns (23.012%)  route 29.662ns (76.988%))
  Logic Levels:           49  (LUT2=1 LUT3=11 LUT4=11 LUT5=1 LUT6=25)
  Clock Path Skew:        -0.024ns (DCD - SCD + CPR)
    Destination Clock Delay (DCD):    -1.587ns = ( 38.413 - 40.000 ) 
    Source Clock Delay      (SCD):    -0.960ns
    Clock Pessimism Removal (CPR):    0.603ns
  Clock Uncertainty:      0.090ns  ((TSJ^2 + DJ^2)^1/2) / 2 + PE
    Total System Jitter     (TSJ):    0.071ns
    Discrete Jitter          (DJ):    0.165ns
    Phase Error              (PE):    0.000ns

    Location             Delay type                Incr(ns)  Path(ns)    Netlist Resource(s)
  -------------------------------------------------------------------    -------------------
                         (clock clk_25_SoC_clk_wiz_0_0 rise edge)
                                                      0.000     0.000 r  
    H16                                               0.000     0.000 r  sys_clock (IN)
                         net (fo=0)                   0.000     0.000    SoC_i/clk_wiz_0/inst/clk_in1
    H16                  IBUF (Prop_ibuf_I_O)         1.451     1.451 r  SoC_i/clk_wiz_0/inst/clkin1_ibufg/O
                         net (fo=1, routed)           1.285     2.736    SoC_i/clk_wiz_0/inst/clk_in1_SoC_clk_wiz_0_0
    MMCME2_ADV_X1Y2      MMCME2_ADV (Prop_mmcme2_adv_CLKIN1_CLKOUT0)
                                                     -7.759    -5.023 r  SoC_i/clk_wiz_0/inst/mmcm_adv_inst/CLKOUT0
                         net (fo=2, routed)           2.206    -2.817    SoC_i/clk_wiz_0/inst/clk_25_SoC_clk_wiz_0_0
    BUFGCTRL_X0Y17       BUFGCTRL (Prop_bufgctrl_I0_O)
                                                      0.101    -2.716 r  SoC_i/clk_wiz_0/inst/clkout1_buf/O
                         net (fo=25466, routed)       1.756    -0.960    SoC_i/ariane_peripherals_0/inst/i_peripherals_mapper/i_ariane_peripherals/i_plic/aclk
    SLICE_X10Y8          FDCE                                         r  SoC_i/ariane_peripherals_0/inst/i_peripherals_mapper/i_ariane_peripherals/i_plic/threshold_q_reg[0][0]/C
  -------------------------------------------------------------------    -------------------
    SLICE_X10Y8          FDCE (Prop_fdce_C_Q)         0.518    -0.442 r  SoC_i/ariane_peripherals_0/inst/i_peripherals_mapper/i_ariane_peripherals/i_plic/threshold_q_reg[0][0]/Q
                         net (fo=9, routed)           0.888     0.445    SoC_i/ariane_peripherals_0/inst/i_peripherals_mapper/i_ariane_peripherals/i_plic/gen_target[0].i_target/gen_sequential.irq_i_79_4
    SLICE_X10Y8          LUT3 (Prop_lut3_I0_O)        0.124     0.569 f  SoC_i/ariane_peripherals_0/inst/i_peripherals_mapper/i_ariane_peripherals/i_plic/gen_target[0].i_target/gen_sequential.irq_i_34/O
                         net (fo=2, routed)           0.583     1.152    SoC_i/ariane_peripherals_0/inst/i_peripherals_mapper/i_ariane_peripherals/i_plic/i_rv_plic_gateway/gen_sequential.irq_i_76_0
    SLICE_X9Y8           LUT4 (Prop_lut4_I3_O)        0.150     1.302 f  SoC_i/ariane_peripherals_0/inst/i_peripherals_mapper/i_ariane_peripherals/i_plic/i_rv_plic_gateway/gen_sequential.irq_i_80__0/O
                         net (fo=3, routed)           0.643     1.945    SoC_i/ariane_peripherals_0/inst/i_peripherals_mapper/i_ariane_peripherals/i_plic/i_rv_plic_gateway/gen_sequential.irq_i_80__0_n_0
    SLICE_X10Y9          LUT6 (Prop_lut6_I5_O)        0.326     2.271 r  SoC_i/ariane_peripherals_0/inst/i_peripherals_mapper/i_ariane_peripherals/i_plic/i_rv_plic_gateway/gen_sequential.irq_i_32/O
                         net (fo=5, routed)           0.623     2.894    SoC_i/ariane_peripherals_0/inst/i_peripherals_mapper/i_ariane_peripherals/i_plic/i_rv_plic_gateway/gen_target[0].i_target/gen_sequential.max_prio13_out
    SLICE_X9Y9           LUT3 (Prop_lut3_I1_O)        0.124     3.018 f  SoC_i/ariane_peripherals_0/inst/i_peripherals_mapper/i_ariane_peripherals/i_plic/i_rv_plic_gateway/gen_sequential.irq_i_76/O
                         net (fo=4, routed)           0.607     3.626    SoC_i/ariane_peripherals_0/inst/i_peripherals_mapper/i_ariane_peripherals/i_plic/i_rv_plic_gateway/gen_sequential.irq_i_76_n_0
    SLICE_X9Y11          LUT4 (Prop_lut4_I3_O)        0.118     3.744 f  SoC_i/ariane_peripherals_0/inst/i_peripherals_mapper/i_ariane_peripherals/i_plic/i_rv_plic_gateway/gen_sequential.irq_i_74__0/O
                         net (fo=5, routed)           0.599     4.343    SoC_i/ariane_peripherals_0/inst/i_peripherals_mapper/i_ariane_peripherals/i_plic/i_rv_plic_gateway/gen_sequential.irq_i_74__0_n_0
    SLICE_X10Y12         LUT6 (Prop_lut6_I0_O)        0.326     4.669 r  SoC_i/ariane_peripherals_0/inst/i_peripherals_mapper/i_ariane_peripherals/i_plic/i_rv_plic_gateway/gen_sequential.irq_i_110/O
                         net (fo=1, routed)           0.466     5.135    SoC_i/ariane_peripherals_0/inst/i_peripherals_mapper/i_ariane_peripherals/i_plic/i_rv_plic_gateway/gen_target[0].i_target/gen_sequential.max_prio29_in
    SLICE_X10Y12         LUT6 (Prop_lut6_I2_O)        0.124     5.259 r  SoC_i/ariane_peripherals_0/inst/i_peripherals_mapper/i_ariane_peripherals/i_plic/i_rv_plic_gateway/gen_sequential.irq_i_70/O
                         net (fo=1, routed)           0.301     5.560    SoC_i/ariane_peripherals_0/inst/i_peripherals_mapper/i_ariane_peripherals/i_plic/i_rv_plic_gateway/gen_sequential.irq_i_70_n_0
    SLICE_X9Y12          LUT6 (Prop_lut6_I1_O)        0.124     5.684 r  SoC_i/ariane_peripherals_0/inst/i_peripherals_mapper/i_ariane_peripherals/i_plic/i_rv_plic_gateway/gen_sequential.irq_i_29/O
                         net (fo=6, routed)           0.768     6.451    SoC_i/ariane_peripherals_0/inst/i_peripherals_mapper/i_ariane_peripherals/i_plic/i_rv_plic_gateway/gen_target[0].i_target/gen_sequential.max_prio115_out
    SLICE_X11Y14         LUT3 (Prop_lut3_I1_O)        0.124     6.575 f  SoC_i/ariane_peripherals_0/inst/i_peripherals_mapper/i_ariane_peripherals/i_plic/i_rv_plic_gateway/gen_sequential.irq_i_64/O
                         net (fo=4, routed)           0.759     7.334    SoC_i/ariane_peripherals_0/inst/i_peripherals_mapper/i_ariane_peripherals/i_plic/i_rv_plic_gateway/gen_sequential.irq_i_64_n_0
    SLICE_X8Y14          LUT4 (Prop_lut4_I3_O)        0.150     7.484 f  SoC_i/ariane_peripherals_0/inst/i_peripherals_mapper/i_ariane_peripherals/i_plic/i_rv_plic_gateway/gen_sequential.irq_i_62__0/O
                         net (fo=5, routed)           0.890     8.374    SoC_i/ariane_peripherals_0/inst/i_peripherals_mapper/i_ariane_peripherals/i_plic/i_rv_plic_gateway/gen_sequential.irq_i_62__0_n_0
    SLICE_X7Y15          LUT6 (Prop_lut6_I0_O)        0.328     8.702 r  SoC_i/ariane_peripherals_0/inst/i_peripherals_mapper/i_ariane_peripherals/i_plic/i_rv_plic_gateway/gen_sequential.irq_i_95/O
                         net (fo=1, routed)           0.149     8.851    SoC_i/ariane_peripherals_0/inst/i_peripherals_mapper/i_ariane_peripherals/i_plic/i_rv_plic_gateway/gen_target[0].i_target/gen_sequential.max_prio221_in
    SLICE_X7Y15          LUT6 (Prop_lut6_I2_O)        0.124     8.975 r  SoC_i/ariane_peripherals_0/inst/i_peripherals_mapper/i_ariane_peripherals/i_plic/i_rv_plic_gateway/gen_sequential.irq_i_52/O
                         net (fo=1, routed)           0.433     9.408    SoC_i/ariane_peripherals_0/inst/i_peripherals_mapper/i_ariane_peripherals/i_plic/i_rv_plic_gateway/gen_sequential.irq_i_52_n_0
    SLICE_X7Y12          LUT6 (Prop_lut6_I1_O)        0.124     9.532 r  SoC_i/ariane_peripherals_0/inst/i_peripherals_mapper/i_ariane_peripherals/i_plic/i_rv_plic_gateway/gen_sequential.irq_i_22/O
                         net (fo=6, routed)           0.685    10.217    SoC_i/ariane_peripherals_0/inst/i_peripherals_mapper/i_ariane_peripherals/i_plic/i_rv_plic_gateway/gen_target[0].i_target/gen_sequential.max_prio127_out
    SLICE_X6Y12          LUT3 (Prop_lut3_I1_O)        0.124    10.341 f  SoC_i/ariane_peripherals_0/inst/i_peripherals_mapper/i_ariane_peripherals/i_plic/i_rv_plic_gateway/gen_sequential.irq_i_40/O
                         net (fo=4, routed)           0.725    11.067    SoC_i/ariane_peripherals_0/inst/i_peripherals_mapper/i_ariane_peripherals/i_plic/i_rv_plic_gateway/gen_sequential.irq_i_40_n_0
    SLICE_X5Y11          LUT4 (Prop_lut4_I3_O)        0.150    11.217 f  SoC_i/ariane_peripherals_0/inst/i_peripherals_mapper/i_ariane_peripherals/i_plic/i_rv_plic_gateway/gen_sequential.irq_i_38__0/O
                         net (fo=5, routed)           1.023    12.240    SoC_i/ariane_peripherals_0/inst/i_peripherals_mapper/i_ariane_peripherals/i_plic/i_rv_plic_gateway/gen_sequential.irq_i_38__0_n_0
    SLICE_X4Y10          LUT4 (Prop_lut4_I3_O)        0.354    12.594 f  SoC_i/ariane_peripherals_0/inst/i_peripherals_mapper/i_ariane_peripherals/i_plic/i_rv_plic_gateway/gen_sequential.irq_i_50__0/O
                         net (fo=3, routed)           0.609    13.203    SoC_i/ariane_peripherals_0/inst/i_peripherals_mapper/i_ariane_peripherals/i_plic/i_rv_plic_gateway/gen_sequential.irq_i_50__0_n_0
    SLICE_X2Y10          LUT6 (Prop_lut6_I5_O)        0.328    13.531 r  SoC_i/ariane_peripherals_0/inst/i_peripherals_mapper/i_ariane_peripherals/i_plic/i_rv_plic_gateway/gen_sequential.irq_i_21/O
                         net (fo=7, routed)           0.624    14.155    SoC_i/ariane_peripherals_0/inst/i_peripherals_mapper/i_ariane_peripherals/i_plic/i_rv_plic_gateway/gen_target[0].i_target/gen_sequential.max_prio139_out
    SLICE_X1Y11          LUT3 (Prop_lut3_I1_O)        0.124    14.279 f  SoC_i/ariane_peripherals_0/inst/i_peripherals_mapper/i_ariane_peripherals/i_plic/i_rv_plic_gateway/gen_sequential.irq_i_68/O
                         net (fo=4, routed)           0.528    14.807    SoC_i/ariane_peripherals_0/inst/i_peripherals_mapper/i_ariane_peripherals/i_plic/i_rv_plic_gateway/gen_sequential.irq_i_68_n_0
    SLICE_X0Y11          LUT4 (Prop_lut4_I3_O)        0.150    14.957 f  SoC_i/ariane_peripherals_0/inst/i_peripherals_mapper/i_ariane_peripherals/i_plic/i_rv_plic_gateway/gen_sequential.irq_i_66__0/O
                         net (fo=5, routed)           0.594    15.551    SoC_i/ariane_peripherals_0/inst/i_peripherals_mapper/i_ariane_peripherals/i_plic/i_rv_plic_gateway/gen_sequential.irq_i_66__0_n_0
    SLICE_X0Y10          LUT6 (Prop_lut6_I0_O)        0.348    15.899 r  SoC_i/ariane_peripherals_0/inst/i_peripherals_mapper/i_ariane_peripherals/i_plic/i_rv_plic_gateway/gen_sequential.irq_i_88/O
                         net (fo=1, routed)           0.432    16.331    SoC_i/ariane_peripherals_0/inst/i_peripherals_mapper/i_ariane_peripherals/i_plic/i_rv_plic_gateway/gen_target[0].i_target/gen_sequential.max_prio245_in
    SLICE_X0Y9           LUT6 (Prop_lut6_I2_O)        0.124    16.455 r  SoC_i/ariane_peripherals_0/inst/i_peripherals_mapper/i_ariane_peripherals/i_plic/i_rv_plic_gateway/gen_sequential.irq_i_44/O
                         net (fo=1, routed)           0.586    17.041    SoC_i/ariane_peripherals_0/inst/i_peripherals_mapper/i_ariane_peripherals/i_plic/i_rv_plic_gateway/gen_sequential.irq_i_44_n_0
    SLICE_X2Y9           LUT6 (Prop_lut6_I1_O)        0.124    17.165 r  SoC_i/ariane_peripherals_0/inst/i_peripherals_mapper/i_ariane_peripherals/i_plic/i_rv_plic_gateway/gen_sequential.irq_i_20/O
                         net (fo=5, routed)           0.616    17.781    SoC_i/ariane_peripherals_0/inst/i_peripherals_mapper/i_ariane_peripherals/i_plic/i_rv_plic_gateway/gen_target[0].i_target/gen_sequential.max_prio151_out
    SLICE_X2Y8           LUT3 (Prop_lut3_I1_O)        0.124    17.905 f  SoC_i/ariane_peripherals_0/inst/i_peripherals_mapper/i_ariane_peripherals/i_plic/i_rv_plic_gateway/gen_sequential.irq_i_42/O
                         net (fo=4, routed)           0.871    18.776    SoC_i/ariane_peripherals_0/inst/i_peripherals_mapper/i_ariane_peripherals/i_plic/i_rv_plic_gateway/gen_sequential.irq_i_42_n_0
    SLICE_X2Y8           LUT4 (Prop_lut4_I3_O)        0.150    18.926 f  SoC_i/ariane_peripherals_0/inst/i_peripherals_mapper/i_ariane_peripherals/i_plic/i_rv_plic_gateway/gen_sequential.irq_i_60__0/O
                         net (fo=5, routed)           0.671    19.597    SoC_i/ariane_peripherals_0/inst/i_peripherals_mapper/i_ariane_peripherals/i_plic/i_rv_plic_gateway/gen_sequential.irq_i_60__0_n_0
    SLICE_X1Y8           LUT4 (Prop_lut4_I3_O)        0.374    19.971 f  SoC_i/ariane_peripherals_0/inst/i_peripherals_mapper/i_ariane_peripherals/i_plic/i_rv_plic_gateway/gen_sequential.irq_i_58__0/O
                         net (fo=3, routed)           0.464    20.435    SoC_i/ariane_peripherals_0/inst/i_peripherals_mapper/i_ariane_peripherals/i_plic/i_rv_plic_gateway/gen_sequential.irq_i_58__0_n_0
    SLICE_X0Y8           LUT6 (Prop_lut6_I5_O)        0.326    20.761 r  SoC_i/ariane_peripherals_0/inst/i_peripherals_mapper/i_ariane_peripherals/i_plic/i_rv_plic_gateway/gen_sequential.irq_i_23/O
                         net (fo=5, routed)           0.625    21.386    SoC_i/ariane_peripherals_0/inst/i_peripherals_mapper/i_ariane_peripherals/i_plic/i_rv_plic_gateway/gen_target[0].i_target/gen_sequential.max_prio163_out
    SLICE_X1Y6           LUT3 (Prop_lut3_I1_O)        0.124    21.510 r  SoC_i/ariane_peripherals_0/inst/i_peripherals_mapper/i_ariane_peripherals/i_plic/i_rv_plic_gateway/gen_sequential.irq_id[4]_i_26/O
                         net (fo=4, routed)           0.865    22.375    SoC_i/ariane_peripherals_0/inst/i_peripherals_mapper/i_ariane_peripherals/i_plic/i_rv_plic_gateway/gen_sequential.irq_id[4]_i_26_n_0
    SLICE_X0Y6           LUT6 (Prop_lut6_I4_O)        0.124    22.499 f  SoC_i/ariane_peripherals_0/inst/i_peripherals_mapper/i_ariane_peripherals/i_plic/i_rv_plic_gateway/gen_sequential.irq_id[4]_i_37/O
                         net (fo=3, routed)           0.888    23.387    SoC_i/ariane_peripherals_0/inst/i_peripherals_mapper/i_ariane_peripherals/i_plic/i_rv_plic_gateway/gen_sequential.irq_id[4]_i_37_n_0
    SLICE_X0Y3           LUT6 (Prop_lut6_I5_O)        0.124    23.511 r  SoC_i/ariane_peripherals_0/inst/i_peripherals_mapper/i_ariane_peripherals/i_plic/i_rv_plic_gateway/gen_sequential.irq_id[4]_i_38/O
                         net (fo=1, routed)           0.452    23.963    SoC_i/ariane_peripherals_0/inst/i_peripherals_mapper/i_ariane_peripherals/i_plic/i_rv_plic_gateway/gen_target[0].i_target/gen_sequential.max_prio269_in
    SLICE_X0Y3           LUT6 (Prop_lut6_I2_O)        0.124    24.087 r  SoC_i/ariane_peripherals_0/inst/i_peripherals_mapper/i_ariane_peripherals/i_plic/i_rv_plic_gateway/gen_sequential.irq_id[4]_i_18/O
                         net (fo=1, routed)           0.404    24.492    SoC_i/ariane_peripherals_0/inst/i_peripherals_mapper/i_ariane_peripherals/i_plic/i_rv_plic_gateway/gen_sequential.irq_id[4]_i_18_n_0
    SLICE_X1Y3           LUT6 (Prop_lut6_I1_O)        0.124    24.616 r  SoC_i/ariane_peripherals_0/inst/i_peripherals_mapper/i_ariane_peripherals/i_plic/i_rv_plic_gateway/gen_sequential.irq_id[4]_i_7/O
                         net (fo=6, routed)           0.638    25.253    SoC_i/ariane_peripherals_0/inst/i_peripherals_mapper/i_ariane_peripherals/i_plic/i_rv_plic_gateway/gen_target[0].i_target/gen_sequential.max_prio175_out
    SLICE_X3Y2           LUT3 (Prop_lut3_I1_O)        0.124    25.377 f  SoC_i/ariane_peripherals_0/inst/i_peripherals_mapper/i_ariane_peripherals/i_plic/i_rv_plic_gateway/gen_sequential.irq_id[4]_i_22/O
                         net (fo=4, routed)           0.572    25.949    SoC_i/ariane_peripherals_0/inst/i_peripherals_mapper/i_ariane_peripherals/i_plic/i_rv_plic_gateway/gen_sequential.irq_id[4]_i_22_n_0
    SLICE_X5Y1           LUT4 (Prop_lut4_I3_O)        0.124    26.073 f  SoC_i/ariane_peripherals_0/inst/i_peripherals_mapper/i_ariane_peripherals/i_plic/i_rv_plic_gateway/gen_sequential.irq_id[4]_i_36__0/O
                         net (fo=5, routed)           0.962    27.035    SoC_i/ariane_peripherals_0/inst/i_peripherals_mapper/i_ariane_peripherals/i_plic/i_rv_plic_gateway/gen_sequential.irq_id[4]_i_36__0_n_0
    SLICE_X9Y0           LUT6 (Prop_lut6_I0_O)        0.124    27.159 r  SoC_i/ariane_peripherals_0/inst/i_peripherals_mapper/i_ariane_peripherals/i_plic/i_rv_plic_gateway/gen_sequential.irq_id[4]_i_50/O
                         net (fo=1, routed)           0.294    27.454    SoC_i/ariane_peripherals_0/inst/i_peripherals_mapper/i_ariane_peripherals/i_plic/i_rv_plic_gateway/gen_target[0].i_target/gen_sequential.max_prio281_in
    SLICE_X9Y1           LUT6 (Prop_lut6_I2_O)        0.124    27.578 r  SoC_i/ariane_peripherals_0/inst/i_peripherals_mapper/i_ariane_peripherals/i_plic/i_rv_plic_gateway/gen_sequential.irq_id[4]_i_32/O
                         net (fo=1, routed)           0.299    27.877    SoC_i/ariane_peripherals_0/inst/i_peripherals_mapper/i_ariane_peripherals/i_plic/i_rv_plic_gateway/gen_sequential.irq_id[4]_i_32_n_0
    SLICE_X11Y1          LUT6 (Prop_lut6_I1_O)        0.124    28.001 r  SoC_i/ariane_peripherals_0/inst/i_peripherals_mapper/i_ariane_peripherals/i_plic/i_rv_plic_gateway/gen_sequential.irq_id[4]_i_15/O
                         net (fo=5, routed)           0.504    28.505    SoC_i/ariane_peripherals_0/inst/i_peripherals_mapper/i_ariane_peripherals/i_plic/i_rv_plic_gateway/gen_target[0].i_target/gen_sequential.max_prio187_out
    SLICE_X10Y0          LUT3 (Prop_lut3_I1_O)        0.124    28.629 f  SoC_i/ariane_peripherals_0/inst/i_peripherals_mapper/i_ariane_peripherals/i_plic/i_rv_plic_gateway/gen_sequential.irq_id[4]_i_30/O
                         net (fo=4, routed)           0.587    29.216    SoC_i/ariane_peripherals_0/inst/i_peripherals_mapper/i_ariane_peripherals/i_plic/i_rv_plic_gateway/gen_sequential.irq_id[4]_i_30_n_0
    SLICE_X12Y0          LUT4 (Prop_lut4_I3_O)        0.116    29.332 f  SoC_i/ariane_peripherals_0/inst/i_peripherals_mapper/i_ariane_peripherals/i_plic/i_rv_plic_gateway/gen_sequential.irq_id[4]_i_28__0/O
                         net (fo=5, routed)           0.675    30.007    SoC_i/ariane_peripherals_0/inst/i_peripherals_mapper/i_ariane_peripherals/i_plic/i_rv_plic_gateway/gen_sequential.irq_id[4]_i_28__0_n_0
    SLICE_X13Y0          LUT6 (Prop_lut6_I0_O)        0.328    30.335 r  SoC_i/ariane_peripherals_0/inst/i_peripherals_mapper/i_ariane_peripherals/i_plic/i_rv_plic_gateway/gen_sequential.irq_id[1]_i_15/O
                         net (fo=1, routed)           0.418    30.754    SoC_i/ariane_peripherals_0/inst/i_peripherals_mapper/i_ariane_peripherals/i_plic/i_rv_plic_gateway/gen_target[0].i_target/gen_sequential.max_prio293_in
    SLICE_X14Y0          LUT6 (Prop_lut6_I2_O)        0.124    30.878 r  SoC_i/ariane_peripherals_0/inst/i_peripherals_mapper/i_ariane_peripherals/i_plic/i_rv_plic_gateway/gen_sequential.irq_id[1]_i_8/O
                         net (fo=1, routed)           0.302    31.180    SoC_i/ariane_peripherals_0/inst/i_peripherals_mapper/i_ariane_peripherals/i_plic/i_rv_plic_gateway/gen_sequential.irq_id[1]_i_8_n_0
    SLICE_X14Y1          LUT6 (Prop_lut6_I1_O)        0.124    31.304 r  SoC_i/ariane_peripherals_0/inst/i_peripherals_mapper/i_ariane_peripherals/i_plic/i_rv_plic_gateway/gen_sequential.irq_id[1]_i_3/O
                         net (fo=6, routed)           0.607    31.910    SoC_i/ariane_peripherals_0/inst/i_peripherals_mapper/i_ariane_peripherals/i_plic/i_rv_plic_gateway/gen_target[0].i_target/gen_sequential.max_prio199_out
    SLICE_X15Y2          LUT3 (Prop_lut3_I1_O)        0.124    32.034 f  SoC_i/ariane_peripherals_0/inst/i_peripherals_mapper/i_ariane_peripherals/i_plic/i_rv_plic_gateway/gen_sequential.irq_id[1]_i_6/O
                         net (fo=4, routed)           0.577    32.611    SoC_i/ariane_peripherals_0/inst/i_peripherals_mapper/i_ariane_peripherals/i_plic/i_rv_plic_gateway/gen_sequential.irq_id[1]_i_6_n_0
    SLICE_X13Y2          LUT4 (Prop_lut4_I3_O)        0.150    32.761 f  SoC_i/ariane_peripherals_0/inst/i_peripherals_mapper/i_ariane_peripherals/i_plic/i_rv_plic_gateway/gen_sequential.irq_id[2]_i_8__0/O
                         net (fo=5, routed)           0.612    33.373    SoC_i/ariane_peripherals_0/inst/i_peripherals_mapper/i_ariane_peripherals/i_plic/i_rv_plic_gateway/gen_sequential.irq_id[2]_i_8__0_n_0
    SLICE_X12Y1          LUT6 (Prop_lut6_I0_O)        0.332    33.705 r  SoC_i/ariane_peripherals_0/inst/i_peripherals_mapper/i_ariane_peripherals/i_plic/i_rv_plic_gateway/gen_sequential.irq_id[2]_i_16/O
                         net (fo=1, routed)           0.564    34.269    SoC_i/ariane_peripherals_0/inst/i_peripherals_mapper/i_ariane_peripherals/i_plic/i_rv_plic_gateway/gen_target[0].i_target/gen_sequential.max_prio2105_in
    SLICE_X12Y3          LUT6 (Prop_lut6_I2_O)        0.124    34.393 r  SoC_i/ariane_peripherals_0/inst/i_peripherals_mapper/i_ariane_peripherals/i_plic/i_rv_plic_gateway/gen_sequential.irq_id[2]_i_10/O
                         net (fo=1, routed)           0.605    34.998    SoC_i/ariane_peripherals_0/inst/i_peripherals_mapper/i_ariane_peripherals/i_plic/i_rv_plic_gateway/gen_sequential.irq_id[2]_i_10_n_0
    SLICE_X9Y4           LUT6 (Prop_lut6_I1_O)        0.124    35.122 r  SoC_i/ariane_peripherals_0/inst/i_peripherals_mapper/i_ariane_peripherals/i_plic/i_rv_plic_gateway/gen_sequential.irq_id[2]_i_5/O
                         net (fo=5, routed)           0.469    35.592    SoC_i/ariane_peripherals_0/inst/i_peripherals_mapper/i_ariane_peripherals/i_plic/i_rv_plic_gateway/gen_target[0].i_target/gen_sequential.max_prio1111_out
    SLICE_X10Y3          LUT3 (Prop_lut3_I1_O)        0.124    35.716 f  SoC_i/ariane_peripherals_0/inst/i_peripherals_mapper/i_ariane_peripherals/i_plic/i_rv_plic_gateway/gen_sequential.irq_i_16/O
                         net (fo=1, routed)           0.618    36.333    SoC_i/ariane_peripherals_0/inst/i_peripherals_mapper/i_ariane_peripherals/i_plic/i_rv_plic_gateway/gen_sequential.irq_i_16_n_0
    SLICE_X10Y3          LUT5 (Prop_lut5_I4_O)        0.124    36.457 r  SoC_i/ariane_peripherals_0/inst/i_peripherals_mapper/i_ariane_peripherals/i_plic/i_rv_plic_gateway/gen_sequential.irq_i_4/O
                         net (fo=6, routed)           0.987    37.444    SoC_i/ariane_peripherals_0/inst/i_peripherals_mapper/i_ariane_peripherals/i_plic/i_rv_plic_gateway/gen_target[0].i_target/gen_sequential.irq_next1__1
    SLICE_X10Y5          LUT2 (Prop_lut2_I1_O)        0.124    37.568 r  SoC_i/ariane_peripherals_0/inst/i_peripherals_mapper/i_ariane_peripherals/i_plic/i_rv_plic_gateway/gen_sequential.irq_id[0]_i_1/O
                         net (fo=1, routed)           0.000    37.568    SoC_i/ariane_peripherals_0/inst/i_peripherals_mapper/i_ariane_peripherals/i_plic/gen_target[0].i_target/D[0]
    SLICE_X10Y5          FDCE                                         r  SoC_i/ariane_peripherals_0/inst/i_peripherals_mapper/i_ariane_peripherals/i_plic/gen_target[0].i_target/gen_sequential.irq_id_reg[0]/D
  -------------------------------------------------------------------    -------------------

                         (clock clk_25_SoC_clk_wiz_0_0 rise edge)
                                                     40.000    40.000 r  
    H16                                               0.000    40.000 r  sys_clock (IN)
                         net (fo=0)                   0.000    40.000    SoC_i/clk_wiz_0/inst/clk_in1
    H16                  IBUF (Prop_ibuf_I_O)         1.380    41.380 r  SoC_i/clk_wiz_0/inst/clkin1_ibufg/O
                         net (fo=1, routed)           1.162    42.542    SoC_i/clk_wiz_0/inst/clk_in1_SoC_clk_wiz_0_0
    MMCME2_ADV_X1Y2      MMCME2_ADV (Prop_mmcme2_adv_CLKIN1_CLKOUT0)
                                                     -7.814    34.728 r  SoC_i/clk_wiz_0/inst/mmcm_adv_inst/CLKOUT0
                         net (fo=2, routed)           2.012    36.740    SoC_i/clk_wiz_0/inst/clk_25_SoC_clk_wiz_0_0
    BUFGCTRL_X0Y17       BUFGCTRL (Prop_bufgctrl_I0_O)
                                                      0.091    36.831 r  SoC_i/clk_wiz_0/inst/clkout1_buf/O
                         net (fo=25466, routed)       1.581    38.413    SoC_i/ariane_peripherals_0/inst/i_peripherals_mapper/i_ariane_peripherals/i_plic/gen_target[0].i_target/aclk
    SLICE_X10Y5          FDCE                                         r  SoC_i/ariane_peripherals_0/inst/i_peripherals_mapper/i_ariane_peripherals/i_plic/gen_target[0].i_target/gen_sequential.irq_id_reg[0]/C
                         clock pessimism              0.603    39.016    
                         clock uncertainty           -0.090    38.926    
    SLICE_X10Y5          FDCE (Setup_fdce_C_D)        0.081    39.007    SoC_i/ariane_peripherals_0/inst/i_peripherals_mapper/i_ariane_peripherals/i_plic/gen_target[0].i_target/gen_sequential.irq_id_reg[0]
  -------------------------------------------------------------------
                         required time                         39.007    
                         arrival time                         -37.568    
  -------------------------------------------------------------------
                         slack                                  1.439    





Min Delay Paths
--------------------------------------------------------------------------------------
Slack (MET) :             0.037ns  (arrival time - required time)
  Source:                 SoC_i/northbridge/axi_interconnect_0/m06_couplers/auto_ds/inst/gen_downsizer.gen_simple_downsizer.axi_downsizer_inst/USE_WRITE.write_addr_inst/split_addr_mask_q_reg[6]/C
                            (rising edge-triggered cell FDRE clocked by clk_25_SoC_clk_wiz_0_0  {rise@0.000ns fall@20.000ns period=40.000ns})
  Destination:            SoC_i/northbridge/axi_interconnect_0/m06_couplers/auto_ds/inst/gen_downsizer.gen_simple_downsizer.axi_downsizer_inst/USE_WRITE.write_addr_inst/next_mi_addr_reg[6]/D
                            (rising edge-triggered cell FDRE clocked by clk_25_SoC_clk_wiz_0_0  {rise@0.000ns fall@20.000ns period=40.000ns})
  Path Group:             clk_25_SoC_clk_wiz_0_0
  Path Type:              Hold (Min at Fast Process Corner)
  Requirement:            0.000ns  (clk_25_SoC_clk_wiz_0_0 rise@0.000ns - clk_25_SoC_clk_wiz_0_0 rise@0.000ns)
  Data Path Delay:        0.396ns  (logic 0.246ns (62.139%)  route 0.150ns (37.861%))
  Logic Levels:           1  (LUT6=1)
  Clock Path Skew:        0.266ns (DCD - SCD - CPR)
    Destination Clock Delay (DCD):    -0.912ns
    Source Clock Delay      (SCD):    -0.675ns
    Clock Pessimism Removal (CPR):    -0.504ns

    Location             Delay type                Incr(ns)  Path(ns)    Netlist Resource(s)
  -------------------------------------------------------------------    -------------------
                         (clock clk_25_SoC_clk_wiz_0_0 rise edge)
                                                      0.000     0.000 r  
    H16                                               0.000     0.000 r  sys_clock (IN)
                         net (fo=0)                   0.000     0.000    SoC_i/clk_wiz_0/inst/clk_in1
    H16                  IBUF (Prop_ibuf_I_O)         0.219     0.219 r  SoC_i/clk_wiz_0/inst/clkin1_ibufg/O
                         net (fo=1, routed)           0.440     0.659    SoC_i/clk_wiz_0/inst/clk_in1_SoC_clk_wiz_0_0
    MMCME2_ADV_X1Y2      MMCME2_ADV (Prop_mmcme2_adv_CLKIN1_CLKOUT0)
                                                     -2.613    -1.954 r  SoC_i/clk_wiz_0/inst/mmcm_adv_inst/CLKOUT0
                         net (fo=2, routed)           0.696    -1.257    SoC_i/clk_wiz_0/inst/clk_25_SoC_clk_wiz_0_0
    BUFGCTRL_X0Y17       BUFGCTRL (Prop_bufgctrl_I0_O)
                                                      0.026    -1.231 r  SoC_i/clk_wiz_0/inst/clkout1_buf/O
                         net (fo=25466, routed)       0.557    -0.675    SoC_i/northbridge/axi_interconnect_0/m06_couplers/auto_ds/inst/gen_downsizer.gen_simple_downsizer.axi_downsizer_inst/USE_WRITE.write_addr_inst/CLK
    SLICE_X50Y7          FDRE                                         r  SoC_i/northbridge/axi_interconnect_0/m06_couplers/auto_ds/inst/gen_downsizer.gen_simple_downsizer.axi_downsizer_inst/USE_WRITE.write_addr_inst/split_addr_mask_q_reg[6]/C
  -------------------------------------------------------------------    -------------------
    SLICE_X50Y7          FDRE (Prop_fdre_C_Q)         0.148    -0.527 r  SoC_i/northbridge/axi_interconnect_0/m06_couplers/auto_ds/inst/gen_downsizer.gen_simple_downsizer.axi_downsizer_inst/USE_WRITE.write_addr_inst/split_addr_mask_q_reg[6]/Q
                         net (fo=1, routed)           0.150    -0.377    SoC_i/northbridge/axi_interconnect_0/m06_couplers/auto_ds/inst/gen_downsizer.gen_simple_downsizer.axi_downsizer_inst/USE_WRITE.write_addr_inst/split_addr_mask_q_reg_n_0_[6]
    SLICE_X49Y7          LUT6 (Prop_lut6_I0_O)        0.098    -0.279 r  SoC_i/northbridge/axi_interconnect_0/m06_couplers/auto_ds/inst/gen_downsizer.gen_simple_downsizer.axi_downsizer_inst/USE_WRITE.write_addr_inst/next_mi_addr[6]_i_1/O
                         net (fo=1, routed)           0.000    -0.279    SoC_i/northbridge/axi_interconnect_0/m06_couplers/auto_ds/inst/gen_downsizer.gen_simple_downsizer.axi_downsizer_inst/USE_WRITE.write_addr_inst/pre_mi_addr[6]
    SLICE_X49Y7          FDRE                                         r  SoC_i/northbridge/axi_interconnect_0/m06_couplers/auto_ds/inst/gen_downsizer.gen_simple_downsizer.axi_downsizer_inst/USE_WRITE.write_addr_inst/next_mi_addr_reg[6]/D
  -------------------------------------------------------------------    -------------------

                         (clock clk_25_SoC_clk_wiz_0_0 rise edge)
                                                      0.000     0.000 r  
    H16                                               0.000     0.000 r  sys_clock (IN)
                         net (fo=0)                   0.000     0.000    SoC_i/clk_wiz_0/inst/clk_in1
    H16                  IBUF (Prop_ibuf_I_O)         0.406     0.406 r  SoC_i/clk_wiz_0/inst/clkin1_ibufg/O
                         net (fo=1, routed)           0.480     0.886    SoC_i/clk_wiz_0/inst/clk_in1_SoC_clk_wiz_0_0
    MMCME2_ADV_X1Y2      MMCME2_ADV (Prop_mmcme2_adv_CLKIN1_CLKOUT0)
                                                     -3.407    -2.521 r  SoC_i/clk_wiz_0/inst/mmcm_adv_inst/CLKOUT0
                         net (fo=2, routed)           0.752    -1.769    SoC_i/clk_wiz_0/inst/clk_25_SoC_clk_wiz_0_0
    BUFGCTRL_X0Y17       BUFGCTRL (Prop_bufgctrl_I0_O)
                                                      0.029    -1.740 r  SoC_i/clk_wiz_0/inst/clkout1_buf/O
                         net (fo=25466, routed)       0.828    -0.912    SoC_i/northbridge/axi_interconnect_0/m06_couplers/auto_ds/inst/gen_downsizer.gen_simple_downsizer.axi_downsizer_inst/USE_WRITE.write_addr_inst/CLK
    SLICE_X49Y7          FDRE                                         r  SoC_i/northbridge/axi_interconnect_0/m06_couplers/auto_ds/inst/gen_downsizer.gen_simple_downsizer.axi_downsizer_inst/USE_WRITE.write_addr_inst/next_mi_addr_reg[6]/C
                         clock pessimism              0.504    -0.408    
    SLICE_X49Y7          FDRE (Hold_fdre_C_D)         0.092    -0.316    SoC_i/northbridge/axi_interconnect_0/m06_couplers/auto_ds/inst/gen_downsizer.gen_simple_downsizer.axi_downsizer_inst/USE_WRITE.write_addr_inst/next_mi_addr_reg[6]
  -------------------------------------------------------------------
                         required time                          0.316    
                         arrival time                          -0.279    
  -------------------------------------------------------------------
                         slack                                  0.037    





Pulse Width Checks
--------------------------------------------------------------------------------------
Clock Name:         clk_25_SoC_clk_wiz_0_0
Waveform(ns):       { 0.000 20.000 }
Period(ns):         40.000
Sources:            { SoC_i/clk_wiz_0/inst/mmcm_adv_inst/CLKOUT0 }

Check Type        Corner  Lib Pin             Reference Pin  Required(ns)  Actual(ns)  Slack(ns)  Location         Pin
Min Period        n/a     RAMB36E1/CLKARDCLK  n/a            2.944         40.000      37.056     RAMB36_X4Y2      SoC_i/cpu_0/inst/i_cva6_wrapper/i_ariane/i_cva6/gen_cache_wt.i_cache_subsystem/i_cva6_icache/gen_sram[0].data_sram/data_sram/gen_cut[0].i_tc_sram_wrapper/i_ram/Mem_DP_reg/CLKARDCLK
Max Period        n/a     MMCME2_ADV/CLKOUT0  n/a            213.360       40.000      173.360    MMCME2_ADV_X1Y2  SoC_i/clk_wiz_0/inst/mmcm_adv_inst/CLKOUT0
Low Pulse Width   Slow    RAMD32/CLK          n/a            1.250         20.000      18.750     SLICE_X22Y36     SoC_i/cpu_0/inst/i_cva6_wrapper/i_ariane/i_cva6/gen_cache_wt.i_cache_subsystem/i_adapter/i_b_fifo/gen_fpga_queue.fifo_ram/mem_reg_0_3_0_4/RAMA/CLK
High Pulse Width  Slow    RAMD32/CLK          n/a            1.250         20.000      18.750     SLICE_X22Y36     SoC_i/cpu_0/inst/i_cva6_wrapper/i_ariane/i_cva6/gen_cache_wt.i_cache_subsystem/i_adapter/i_b_fifo/gen_fpga_queue.fifo_ram/mem_reg_0_3_0_4/RAMA/CLK



---------------------------------------------------------------------------------------------------
From Clock:  clk_50_SoC_clk_wiz_0_0
  To Clock:  clk_50_SoC_clk_wiz_0_0

Setup :            0  Failing Endpoints,  Worst Slack       11.503ns,  Total Violation        0.000ns
Hold  :            0  Failing Endpoints,  Worst Slack        0.079ns,  Total Violation        0.000ns
PW    :            0  Failing Endpoints,  Worst Slack        8.750ns,  Total Violation        0.000ns
---------------------------------------------------------------------------------------------------


Max Delay Paths
--------------------------------------------------------------------------------------
Slack (MET) :             11.503ns  (required time - arrival time)
  Source:                 SoC_i/axi_quad_spi_0/U0/NO_DUAL_QUAD_MODE.QSPI_NORMAL/QSPI_ENHANCED_MD_GEN.QSPI_CORE_INTERFACE_I/FIFO_EXISTS.CLK_CROSS_I/LOGIC_GENERATION_CDC.SPICR_2_MST_N_SLV_AX2S_1/GENERATE_LEVEL_P_S_CDC.SINGLE_BIT.CROSS_PLEVEL_IN2SCNDRY_s_level_out_d3/C
                            (rising edge-triggered cell FDRE clocked by clk_50_SoC_clk_wiz_0_0  {rise@0.000ns fall@10.000ns period=20.000ns})
  Destination:            SoC_i/axi_quad_spi_0/U0/NO_DUAL_QUAD_MODE.QSPI_NORMAL/QSPI_ENHANCED_MD_GEN.QSPI_CORE_INTERFACE_I/LOGIC_FOR_MD_0_GEN.SPI_MODULE_I/RATIO_NOT_EQUAL_4_GENERATE.SCK_O_NQ_4_NO_STARTUP_USED.SCK_O_NE_4_FDRE_INST/R
                            (rising edge-triggered cell FDRE clocked by clk_50_SoC_clk_wiz_0_0  {rise@0.000ns fall@10.000ns period=20.000ns})
  Path Group:             clk_50_SoC_clk_wiz_0_0
  Path Type:              Setup (Max at Slow Process Corner)
  Requirement:            20.000ns  (clk_50_SoC_clk_wiz_0_0 rise@20.000ns - clk_50_SoC_clk_wiz_0_0 rise@0.000ns)
  Data Path Delay:        7.536ns  (logic 0.580ns (7.696%)  route 6.956ns (92.304%))
  Logic Levels:           1  (LUT1=1)
  Clock Path Skew:        -0.083ns (DCD - SCD + CPR)
    Destination Clock Delay (DCD):    -1.505ns = ( 18.495 - 20.000 ) 
    Source Clock Delay      (SCD):    -0.969ns
    Clock Pessimism Removal (CPR):    0.452ns
  Clock Uncertainty:      0.080ns  ((TSJ^2 + DJ^2)^1/2) / 2 + PE
    Total System Jitter     (TSJ):    0.071ns
    Discrete Jitter          (DJ):    0.144ns
    Phase Error              (PE):    0.000ns

    Location             Delay type                Incr(ns)  Path(ns)    Netlist Resource(s)
  -------------------------------------------------------------------    -------------------
                         (clock clk_50_SoC_clk_wiz_0_0 rise edge)
                                                      0.000     0.000 r  
    H16                                               0.000     0.000 r  sys_clock (IN)
                         net (fo=0)                   0.000     0.000    SoC_i/clk_wiz_0/inst/clk_in1
    H16                  IBUF (Prop_ibuf_I_O)         1.451     1.451 r  SoC_i/clk_wiz_0/inst/clkin1_ibufg/O
                         net (fo=1, routed)           1.285     2.736    SoC_i/clk_wiz_0/inst/clk_in1_SoC_clk_wiz_0_0
    MMCME2_ADV_X1Y2      MMCME2_ADV (Prop_mmcme2_adv_CLKIN1_CLKOUT1)
                                                     -7.759    -5.023 r  SoC_i/clk_wiz_0/inst/mmcm_adv_inst/CLKOUT1
                         net (fo=2, routed)           2.206    -2.817    SoC_i/clk_wiz_0/inst/clk_50_SoC_clk_wiz_0_0
    BUFGCTRL_X0Y16       BUFGCTRL (Prop_bufgctrl_I0_O)
                                                      0.101    -2.716 r  SoC_i/clk_wiz_0/inst/clkout2_buf/O
                         net (fo=728, routed)         1.747    -0.969    SoC_i/axi_quad_spi_0/U0/NO_DUAL_QUAD_MODE.QSPI_NORMAL/QSPI_ENHANCED_MD_GEN.QSPI_CORE_INTERFACE_I/FIFO_EXISTS.CLK_CROSS_I/LOGIC_GENERATION_CDC.SPICR_2_MST_N_SLV_AX2S_1/ext_spi_clk
    SLICE_X29Y5          FDRE                                         r  SoC_i/axi_quad_spi_0/U0/NO_DUAL_QUAD_MODE.QSPI_NORMAL/QSPI_ENHANCED_MD_GEN.QSPI_CORE_INTERFACE_I/FIFO_EXISTS.CLK_CROSS_I/LOGIC_GENERATION_CDC.SPICR_2_MST_N_SLV_AX2S_1/GENERATE_LEVEL_P_S_CDC.SINGLE_BIT.CROSS_PLEVEL_IN2SCNDRY_s_level_out_d3/C
  -------------------------------------------------------------------    -------------------
    SLICE_X29Y5          FDRE (Prop_fdre_C_Q)         0.456    -0.513 f  SoC_i/axi_quad_spi_0/U0/NO_DUAL_QUAD_MODE.QSPI_NORMAL/QSPI_ENHANCED_MD_GEN.QSPI_CORE_INTERFACE_I/FIFO_EXISTS.CLK_CROSS_I/LOGIC_GENERATION_CDC.SPICR_2_MST_N_SLV_AX2S_1/GENERATE_LEVEL_P_S_CDC.SINGLE_BIT.CROSS_PLEVEL_IN2SCNDRY_s_level_out_d3/Q
                         net (fo=10, routed)          5.504     4.991    SoC_i/axi_quad_spi_0/U0/NO_DUAL_QUAD_MODE.QSPI_NORMAL/QSPI_ENHANCED_MD_GEN.QSPI_CORE_INTERFACE_I/FIFO_EXISTS.CLK_CROSS_I/LOGIC_GENERATION_CDC.SPICR_2_MST_N_SLV_AX2S_1/scndry_out
    SLICE_X111Y66        LUT1 (Prop_lut1_I0_O)        0.124     5.115 r  SoC_i/axi_quad_spi_0/U0/NO_DUAL_QUAD_MODE.QSPI_NORMAL/QSPI_ENHANCED_MD_GEN.QSPI_CORE_INTERFACE_I/FIFO_EXISTS.CLK_CROSS_I/LOGIC_GENERATION_CDC.SPICR_2_MST_N_SLV_AX2S_1/RATIO_NOT_EQUAL_4_GENERATE.SCK_O_NQ_4_NO_STARTUP_USED.SCK_O_NE_4_FDRE_INST_i_1/O
                         net (fo=1, routed)           1.452     6.567    SoC_i/axi_quad_spi_0/U0/NO_DUAL_QUAD_MODE.QSPI_NORMAL/QSPI_ENHANCED_MD_GEN.QSPI_CORE_INTERFACE_I/LOGIC_FOR_MD_0_GEN.SPI_MODULE_I/R
    OLOGIC_X1Y97         FDRE                                         r  SoC_i/axi_quad_spi_0/U0/NO_DUAL_QUAD_MODE.QSPI_NORMAL/QSPI_ENHANCED_MD_GEN.QSPI_CORE_INTERFACE_I/LOGIC_FOR_MD_0_GEN.SPI_MODULE_I/RATIO_NOT_EQUAL_4_GENERATE.SCK_O_NQ_4_NO_STARTUP_USED.SCK_O_NE_4_FDRE_INST/R
  -------------------------------------------------------------------    -------------------

                         (clock clk_50_SoC_clk_wiz_0_0 rise edge)
                                                     20.000    20.000 r  
    H16                                               0.000    20.000 r  sys_clock (IN)
                         net (fo=0)                   0.000    20.000    SoC_i/clk_wiz_0/inst/clk_in1
    H16                  IBUF (Prop_ibuf_I_O)         1.380    21.380 r  SoC_i/clk_wiz_0/inst/clkin1_ibufg/O
                         net (fo=1, routed)           1.162    22.542    SoC_i/clk_wiz_0/inst/clk_in1_SoC_clk_wiz_0_0
    MMCME2_ADV_X1Y2      MMCME2_ADV (Prop_mmcme2_adv_CLKIN1_CLKOUT1)
                                                     -7.814    14.728 r  SoC_i/clk_wiz_0/inst/mmcm_adv_inst/CLKOUT1
                         net (fo=2, routed)           2.012    16.740    SoC_i/clk_wiz_0/inst/clk_50_SoC_clk_wiz_0_0
    BUFGCTRL_X0Y16       BUFGCTRL (Prop_bufgctrl_I0_O)
                                                      0.091    16.831 r  SoC_i/clk_wiz_0/inst/clkout2_buf/O
                         net (fo=728, routed)         1.664    18.495    SoC_i/axi_quad_spi_0/U0/NO_DUAL_QUAD_MODE.QSPI_NORMAL/QSPI_ENHANCED_MD_GEN.QSPI_CORE_INTERFACE_I/LOGIC_FOR_MD_0_GEN.SPI_MODULE_I/ext_spi_clk
    OLOGIC_X1Y97         FDRE                                         r  SoC_i/axi_quad_spi_0/U0/NO_DUAL_QUAD_MODE.QSPI_NORMAL/QSPI_ENHANCED_MD_GEN.QSPI_CORE_INTERFACE_I/LOGIC_FOR_MD_0_GEN.SPI_MODULE_I/RATIO_NOT_EQUAL_4_GENERATE.SCK_O_NQ_4_NO_STARTUP_USED.SCK_O_NE_4_FDRE_INST/C
                         clock pessimism              0.452    18.948    
                         clock uncertainty           -0.080    18.868    
    OLOGIC_X1Y97         FDRE (Setup_fdre_C_R)       -0.798    18.070    SoC_i/axi_quad_spi_0/U0/NO_DUAL_QUAD_MODE.QSPI_NORMAL/QSPI_ENHANCED_MD_GEN.QSPI_CORE_INTERFACE_I/LOGIC_FOR_MD_0_GEN.SPI_MODULE_I/RATIO_NOT_EQUAL_4_GENERATE.SCK_O_NQ_4_NO_STARTUP_USED.SCK_O_NE_4_FDRE_INST
  -------------------------------------------------------------------
                         required time                         18.070    
                         arrival time                          -6.567    
  -------------------------------------------------------------------
                         slack                                 11.503    





Min Delay Paths
--------------------------------------------------------------------------------------
Slack (MET) :             0.079ns  (arrival time - required time)
  Source:                 SoC_i/axi_quad_spi_0/U0/NO_DUAL_QUAD_MODE.QSPI_NORMAL/QSPI_ENHANCED_MD_GEN.QSPI_CORE_INTERFACE_I/FIFO_EXISTS.RX_FIFO_II/gnuram_async_fifo.xpm_fifo_base_inst/xpm_fifo_rst_inst/gen_rst_ic.wr_rst_busy_ic_reg/C
                            (rising edge-triggered cell FDRE clocked by clk_50_SoC_clk_wiz_0_0  {rise@0.000ns fall@10.000ns period=20.000ns})
  Destination:            SoC_i/axi_quad_spi_0/U0/NO_DUAL_QUAD_MODE.QSPI_NORMAL/QSPI_ENHANCED_MD_GEN.QSPI_CORE_INTERFACE_I/FIFO_EXISTS.RX_FIFO_II/gnuram_async_fifo.xpm_fifo_base_inst/gaf_wptr_p3.wrpp3_inst/count_value_i_reg[2]/R
                            (rising edge-triggered cell FDRE clocked by clk_50_SoC_clk_wiz_0_0  {rise@0.000ns fall@10.000ns period=20.000ns})
  Path Group:             clk_50_SoC_clk_wiz_0_0
  Path Type:              Hold (Min at Fast Process Corner)
  Requirement:            0.000ns  (clk_50_SoC_clk_wiz_0_0 rise@0.000ns - clk_50_SoC_clk_wiz_0_0 rise@0.000ns)
  Data Path Delay:        0.328ns  (logic 0.141ns (43.018%)  route 0.187ns (56.982%))
  Logic Levels:           0  
  Clock Path Skew:        0.266ns (DCD - SCD - CPR)
    Destination Clock Delay (DCD):    -0.910ns
    Source Clock Delay      (SCD):    -0.673ns
    Clock Pessimism Removal (CPR):    -0.504ns

    Location             Delay type                Incr(ns)  Path(ns)    Netlist Resource(s)
  -------------------------------------------------------------------    -------------------
                         (clock clk_50_SoC_clk_wiz_0_0 rise edge)
                                                      0.000     0.000 r  
    H16                                               0.000     0.000 r  sys_clock (IN)
                         net (fo=0)                   0.000     0.000    SoC_i/clk_wiz_0/inst/clk_in1
    H16                  IBUF (Prop_ibuf_I_O)         0.219     0.219 r  SoC_i/clk_wiz_0/inst/clkin1_ibufg/O
                         net (fo=1, routed)           0.440     0.659    SoC_i/clk_wiz_0/inst/clk_in1_SoC_clk_wiz_0_0
    MMCME2_ADV_X1Y2      MMCME2_ADV (Prop_mmcme2_adv_CLKIN1_CLKOUT1)
                                                     -2.613    -1.954 r  SoC_i/clk_wiz_0/inst/mmcm_adv_inst/CLKOUT1
                         net (fo=2, routed)           0.696    -1.257    SoC_i/clk_wiz_0/inst/clk_50_SoC_clk_wiz_0_0
    BUFGCTRL_X0Y16       BUFGCTRL (Prop_bufgctrl_I0_O)
                                                      0.026    -1.231 r  SoC_i/clk_wiz_0/inst/clkout2_buf/O
                         net (fo=728, routed)         0.559    -0.673    SoC_i/axi_quad_spi_0/U0/NO_DUAL_QUAD_MODE.QSPI_NORMAL/QSPI_ENHANCED_MD_GEN.QSPI_CORE_INTERFACE_I/FIFO_EXISTS.RX_FIFO_II/gnuram_async_fifo.xpm_fifo_base_inst/xpm_fifo_rst_inst/wr_clk
    SLICE_X51Y0          FDRE                                         r  SoC_i/axi_quad_spi_0/U0/NO_DUAL_QUAD_MODE.QSPI_NORMAL/QSPI_ENHANCED_MD_GEN.QSPI_CORE_INTERFACE_I/FIFO_EXISTS.RX_FIFO_II/gnuram_async_fifo.xpm_fifo_base_inst/xpm_fifo_rst_inst/gen_rst_ic.wr_rst_busy_ic_reg/C
  -------------------------------------------------------------------    -------------------
    SLICE_X51Y0          FDRE (Prop_fdre_C_Q)         0.141    -0.532 r  SoC_i/axi_quad_spi_0/U0/NO_DUAL_QUAD_MODE.QSPI_NORMAL/QSPI_ENHANCED_MD_GEN.QSPI_CORE_INTERFACE_I/FIFO_EXISTS.RX_FIFO_II/gnuram_async_fifo.xpm_fifo_base_inst/xpm_fifo_rst_inst/gen_rst_ic.wr_rst_busy_ic_reg/Q
                         net (fo=50, routed)          0.187    -0.345    SoC_i/axi_quad_spi_0/U0/NO_DUAL_QUAD_MODE.QSPI_NORMAL/QSPI_ENHANCED_MD_GEN.QSPI_CORE_INTERFACE_I/FIFO_EXISTS.RX_FIFO_II/gnuram_async_fifo.xpm_fifo_base_inst/gaf_wptr_p3.wrpp3_inst/wrst_busy
    SLICE_X45Y0          FDRE                                         r  SoC_i/axi_quad_spi_0/U0/NO_DUAL_QUAD_MODE.QSPI_NORMAL/QSPI_ENHANCED_MD_GEN.QSPI_CORE_INTERFACE_I/FIFO_EXISTS.RX_FIFO_II/gnuram_async_fifo.xpm_fifo_base_inst/gaf_wptr_p3.wrpp3_inst/count_value_i_reg[2]/R
  -------------------------------------------------------------------    -------------------

                         (clock clk_50_SoC_clk_wiz_0_0 rise edge)
                                                      0.000     0.000 r  
    H16                                               0.000     0.000 r  sys_clock (IN)
                         net (fo=0)                   0.000     0.000    SoC_i/clk_wiz_0/inst/clk_in1
    H16                  IBUF (Prop_ibuf_I_O)         0.406     0.406 r  SoC_i/clk_wiz_0/inst/clkin1_ibufg/O
                         net (fo=1, routed)           0.480     0.886    SoC_i/clk_wiz_0/inst/clk_in1_SoC_clk_wiz_0_0
    MMCME2_ADV_X1Y2      MMCME2_ADV (Prop_mmcme2_adv_CLKIN1_CLKOUT1)
                                                     -3.407    -2.521 r  SoC_i/clk_wiz_0/inst/mmcm_adv_inst/CLKOUT1
                         net (fo=2, routed)           0.752    -1.769    SoC_i/clk_wiz_0/inst/clk_50_SoC_clk_wiz_0_0
    BUFGCTRL_X0Y16       BUFGCTRL (Prop_bufgctrl_I0_O)
                                                      0.029    -1.740 r  SoC_i/clk_wiz_0/inst/clkout2_buf/O
                         net (fo=728, routed)         0.830    -0.910    SoC_i/axi_quad_spi_0/U0/NO_DUAL_QUAD_MODE.QSPI_NORMAL/QSPI_ENHANCED_MD_GEN.QSPI_CORE_INTERFACE_I/FIFO_EXISTS.RX_FIFO_II/gnuram_async_fifo.xpm_fifo_base_inst/gaf_wptr_p3.wrpp3_inst/wr_clk
    SLICE_X45Y0          FDRE                                         r  SoC_i/axi_quad_spi_0/U0/NO_DUAL_QUAD_MODE.QSPI_NORMAL/QSPI_ENHANCED_MD_GEN.QSPI_CORE_INTERFACE_I/FIFO_EXISTS.RX_FIFO_II/gnuram_async_fifo.xpm_fifo_base_inst/gaf_wptr_p3.wrpp3_inst/count_value_i_reg[2]/C
                         clock pessimism              0.504    -0.406    
    SLICE_X45Y0          FDRE (Hold_fdre_C_R)        -0.018    -0.424    SoC_i/axi_quad_spi_0/U0/NO_DUAL_QUAD_MODE.QSPI_NORMAL/QSPI_ENHANCED_MD_GEN.QSPI_CORE_INTERFACE_I/FIFO_EXISTS.RX_FIFO_II/gnuram_async_fifo.xpm_fifo_base_inst/gaf_wptr_p3.wrpp3_inst/count_value_i_reg[2]
  -------------------------------------------------------------------
                         required time                          0.424    
                         arrival time                          -0.345    
  -------------------------------------------------------------------
                         slack                                  0.079    





Pulse Width Checks
--------------------------------------------------------------------------------------
Clock Name:         clk_50_SoC_clk_wiz_0_0
Waveform(ns):       { 0.000 10.000 }
Period(ns):         20.000
Sources:            { SoC_i/clk_wiz_0/inst/mmcm_adv_inst/CLKOUT1 }

Check Type        Corner  Lib Pin             Reference Pin  Required(ns)  Actual(ns)  Slack(ns)  Location         Pin
Min Period        n/a     RAMB18E1/CLKARDCLK  n/a            2.576         20.000      17.424     RAMB18_X2Y0      SoC_i/axi_quad_spi_0/U0/NO_DUAL_QUAD_MODE.QSPI_NORMAL/QSPI_ENHANCED_MD_GEN.QSPI_CORE_INTERFACE_I/FIFO_EXISTS.RX_FIFO_II/gnuram_async_fifo.xpm_fifo_base_inst/gen_sdpram.xpm_memory_base_inst/gen_wr_a.gen_word_narrow.mem_reg/CLKARDCLK
Max Period        n/a     MMCME2_ADV/CLKOUT1  n/a            213.360       20.000      193.360    MMCME2_ADV_X1Y2  SoC_i/clk_wiz_0/inst/mmcm_adv_inst/CLKOUT1
Low Pulse Width   Slow    RAMD32/CLK          n/a            1.250         10.000      8.750      SLICE_X2Y48      SoC_i/axi_mem_intercon/s00_couplers/auto_pc/inst/gen_axi4_axi3.axi3_conv_inst/USE_READ.USE_SPLIT_R.read_addr_inst/USE_R_CHANNEL.cmd_queue/inst/fifo_gen_inst/inst_fifo_gen/gconvfifo.rf/grf.rf/gntv_or_sync_fifo.mem/gdm.dm_gen.dm/RAM_reg_0_31_0_0/DP/CLK
High Pulse Width  Slow    RAMD32/CLK          n/a            1.250         10.000      8.750      SLICE_X2Y48      SoC_i/axi_mem_intercon/s00_couplers/auto_pc/inst/gen_axi4_axi3.axi3_conv_inst/USE_READ.USE_SPLIT_R.read_addr_inst/USE_R_CHANNEL.cmd_queue/inst/fifo_gen_inst/inst_fifo_gen/gconvfifo.rf/grf.rf/gntv_or_sync_fifo.mem/gdm.dm_gen.dm/RAM_reg_0_31_0_0/DP/CLK



---------------------------------------------------------------------------------------------------
From Clock:  clkfbout_SoC_clk_wiz_0_0
  To Clock:  clkfbout_SoC_clk_wiz_0_0

Setup :           NA  Failing Endpoints,  Worst Slack           NA  ,  Total Violation           NA
Hold  :           NA  Failing Endpoints,  Worst Slack           NA  ,  Total Violation           NA
PW    :            0  Failing Endpoints,  Worst Slack        5.845ns,  Total Violation        0.000ns
---------------------------------------------------------------------------------------------------


Pulse Width Checks
--------------------------------------------------------------------------------------
Clock Name:         clkfbout_SoC_clk_wiz_0_0
Waveform(ns):       { 0.000 4.000 }
Period(ns):         8.000
Sources:            { SoC_i/clk_wiz_0/inst/mmcm_adv_inst/CLKFBOUT }

Check Type  Corner  Lib Pin             Reference Pin  Required(ns)  Actual(ns)  Slack(ns)  Location         Pin
Min Period  n/a     BUFG/I              n/a            2.155         8.000       5.845      BUFGCTRL_X0Y18   SoC_i/clk_wiz_0/inst/clkf_buf/I
Max Period  n/a     MMCME2_ADV/CLKFBIN  n/a            100.000       8.000       92.000     MMCME2_ADV_X1Y2  SoC_i/clk_wiz_0/inst/mmcm_adv_inst/CLKFBIN



---------------------------------------------------------------------------------------------------
From Clock:  clk_50_SoC_clk_wiz_0_0
  To Clock:  clk_25_SoC_clk_wiz_0_0

Setup :            0  Failing Endpoints,  Worst Slack       10.211ns,  Total Violation        0.000ns
Hold  :            0  Failing Endpoints,  Worst Slack        0.181ns,  Total Violation        0.000ns
---------------------------------------------------------------------------------------------------


Max Delay Paths
--------------------------------------------------------------------------------------
Slack (MET) :             10.211ns  (required time - arrival time)
  Source:                 SoC_i/processing_system7_0/inst/PS7_i/SAXIHP0ACLK
                            (rising edge-triggered cell PS7 clocked by clk_50_SoC_clk_wiz_0_0  {rise@0.000ns fall@10.000ns period=20.000ns})
  Destination:            SoC_i/northbridge/axi_interconnect_0/m00_couplers/auto_cc/inst/gen_clock_conv.gen_sync_conv.gen_conv_write_ch.w_sync_clock_converter/gen_sync_clock_converter.m_tpayload_r_reg[36]/CE
                            (rising edge-triggered cell FDRE clocked by clk_25_SoC_clk_wiz_0_0  {rise@0.000ns fall@20.000ns period=40.000ns})
  Path Group:             clk_25_SoC_clk_wiz_0_0
  Path Type:              Setup (Max at Slow Process Corner)
  Requirement:            20.000ns  (clk_25_SoC_clk_wiz_0_0 rise@40.000ns - clk_50_SoC_clk_wiz_0_0 rise@20.000ns)
  Data Path Delay:        8.723ns  (logic 1.750ns (20.062%)  route 6.973ns (79.938%))
  Logic Levels:           2  (LUT3=1 LUT4=1)
  Clock Path Skew:        -0.443ns (DCD - SCD + CPR)
    Destination Clock Delay (DCD):    -1.587ns = ( 38.413 - 40.000 ) 
    Source Clock Delay      (SCD):    -0.896ns = ( 19.104 - 20.000 ) 
    Clock Pessimism Removal (CPR):    0.249ns
  Clock Uncertainty:      0.210ns  ((TSJ^2 + DJ^2)^1/2) / 2 + PE
    Total System Jitter     (TSJ):    0.071ns
    Discrete Jitter          (DJ):    0.165ns
    Phase Error              (PE):    0.120ns

    Location             Delay type                Incr(ns)  Path(ns)    Netlist Resource(s)
  -------------------------------------------------------------------    -------------------
                         (clock clk_50_SoC_clk_wiz_0_0 rise edge)
                                                     20.000    20.000 r  
    H16                                               0.000    20.000 r  sys_clock (IN)
                         net (fo=0)                   0.000    20.000    SoC_i/clk_wiz_0/inst/clk_in1
    H16                  IBUF (Prop_ibuf_I_O)         1.451    21.451 r  SoC_i/clk_wiz_0/inst/clkin1_ibufg/O
                         net (fo=1, routed)           1.285    22.736    SoC_i/clk_wiz_0/inst/clk_in1_SoC_clk_wiz_0_0
    MMCME2_ADV_X1Y2      MMCME2_ADV (Prop_mmcme2_adv_CLKIN1_CLKOUT1)
                                                     -7.759    14.977 r  SoC_i/clk_wiz_0/inst/mmcm_adv_inst/CLKOUT1
                         net (fo=2, routed)           2.206    17.183    SoC_i/clk_wiz_0/inst/clk_50_SoC_clk_wiz_0_0
    BUFGCTRL_X0Y16       BUFGCTRL (Prop_bufgctrl_I0_O)
                                                      0.101    17.284 r  SoC_i/clk_wiz_0/inst/clkout2_buf/O
                         net (fo=728, routed)         1.820    19.104    SoC_i/processing_system7_0/inst/S_AXI_HP0_ACLK
    PS7_X0Y0             PS7                                          r  SoC_i/processing_system7_0/inst/PS7_i/SAXIHP0ACLK
  -------------------------------------------------------------------    -------------------
    PS7_X0Y0             PS7 (Prop_ps7_SAXIHP0ACLK_SAXIHP0WREADY)
                                                      1.277    20.381 r  SoC_i/processing_system7_0/inst/PS7_i/SAXIHP0WREADY
                         net (fo=4, routed)           1.611    21.992    SoC_i/axi_mem_intercon/s00_couplers/auto_pc/inst/gen_axi4_axi3.axi3_conv_inst/USE_WRITE.write_addr_inst/USE_BURSTS.cmd_queue/inst/m_axi_wready
    SLICE_X14Y48         LUT3 (Prop_lut3_I0_O)        0.150    22.142 r  SoC_i/axi_mem_intercon/s00_couplers/auto_pc/inst/gen_axi4_axi3.axi3_conv_inst/USE_WRITE.write_addr_inst/USE_BURSTS.cmd_queue/inst/s_axi_wready_INST_0/O
                         net (fo=86, routed)          2.042    24.184    SoC_i/northbridge/axi_interconnect_0/m00_couplers/auto_cc/inst/gen_clock_conv.gen_sync_conv.gen_conv_write_ch.w_sync_clock_converter/m_axi_wready
    SLICE_X21Y37         LUT4 (Prop_lut4_I1_O)        0.323    24.507 r  SoC_i/northbridge/axi_interconnect_0/m00_couplers/auto_cc/inst/gen_clock_conv.gen_sync_conv.gen_conv_write_ch.w_sync_clock_converter/gen_sync_clock_converter.m_tpayload_r[73]_i_1/O
                         net (fo=72, routed)          3.320    27.827    SoC_i/northbridge/axi_interconnect_0/m00_couplers/auto_cc/inst/gen_clock_conv.gen_sync_conv.gen_conv_write_ch.w_sync_clock_converter/gen_sync_clock_converter.load_tpayload
    SLICE_X15Y47         FDRE                                         r  SoC_i/northbridge/axi_interconnect_0/m00_couplers/auto_cc/inst/gen_clock_conv.gen_sync_conv.gen_conv_write_ch.w_sync_clock_converter/gen_sync_clock_converter.m_tpayload_r_reg[36]/CE
  -------------------------------------------------------------------    -------------------

                         (clock clk_25_SoC_clk_wiz_0_0 rise edge)
                                                     40.000    40.000 r  
    H16                                               0.000    40.000 r  sys_clock (IN)
                         net (fo=0)                   0.000    40.000    SoC_i/clk_wiz_0/inst/clk_in1
    H16                  IBUF (Prop_ibuf_I_O)         1.380    41.380 r  SoC_i/clk_wiz_0/inst/clkin1_ibufg/O
                         net (fo=1, routed)           1.162    42.542    SoC_i/clk_wiz_0/inst/clk_in1_SoC_clk_wiz_0_0
    MMCME2_ADV_X1Y2      MMCME2_ADV (Prop_mmcme2_adv_CLKIN1_CLKOUT0)
                                                     -7.814    34.728 r  SoC_i/clk_wiz_0/inst/mmcm_adv_inst/CLKOUT0
                         net (fo=2, routed)           2.012    36.740    SoC_i/clk_wiz_0/inst/clk_25_SoC_clk_wiz_0_0
    BUFGCTRL_X0Y17       BUFGCTRL (Prop_bufgctrl_I0_O)
                                                      0.091    36.831 r  SoC_i/clk_wiz_0/inst/clkout1_buf/O
                         net (fo=25466, routed)       1.581    38.413    SoC_i/northbridge/axi_interconnect_0/m00_couplers/auto_cc/inst/gen_clock_conv.gen_sync_conv.gen_conv_write_ch.w_sync_clock_converter/out
    SLICE_X15Y47         FDRE                                         r  SoC_i/northbridge/axi_interconnect_0/m00_couplers/auto_cc/inst/gen_clock_conv.gen_sync_conv.gen_conv_write_ch.w_sync_clock_converter/gen_sync_clock_converter.m_tpayload_r_reg[36]/C
                         clock pessimism              0.249    38.661    
                         clock uncertainty           -0.210    38.451    
    SLICE_X15Y47         FDRE (Setup_fdre_C_CE)      -0.413    38.038    SoC_i/northbridge/axi_interconnect_0/m00_couplers/auto_cc/inst/gen_clock_conv.gen_sync_conv.gen_conv_write_ch.w_sync_clock_converter/gen_sync_clock_converter.m_tpayload_r_reg[36]
  -------------------------------------------------------------------
                         required time                         38.038    
                         arrival time                         -27.827    
  -------------------------------------------------------------------
                         slack                                 10.211    





Min Delay Paths
--------------------------------------------------------------------------------------
Slack (MET) :             0.181ns  (arrival time - required time)
  Source:                 SoC_i/northbridge/axi_interconnect_0/m00_couplers/auto_cc/inst/gen_clock_conv.gen_sync_conv.gen_conv_write_ch.aw_sync_clock_converter/gen_sync_clock_converter.m_tready_hold_reg/C
                            (rising edge-triggered cell FDRE clocked by clk_50_SoC_clk_wiz_0_0  {rise@0.000ns fall@10.000ns period=20.000ns})
  Destination:            SoC_i/northbridge/axi_interconnect_0/m00_couplers/auto_cc/inst/gen_clock_conv.gen_sync_conv.gen_conv_write_ch.aw_sync_clock_converter/FSM_sequential_gen_sync_clock_converter.state_reg[0]/D
                            (rising edge-triggered cell FDRE clocked by clk_25_SoC_clk_wiz_0_0  {rise@0.000ns fall@20.000ns period=40.000ns})
  Path Group:             clk_25_SoC_clk_wiz_0_0
  Path Type:              Hold (Min at Fast Process Corner)
  Requirement:            0.000ns  (clk_25_SoC_clk_wiz_0_0 rise@0.000ns - clk_50_SoC_clk_wiz_0_0 rise@0.000ns)
  Data Path Delay:        0.807ns  (logic 0.209ns (25.903%)  route 0.598ns (74.097%))
  Logic Levels:           1  (LUT6=1)
  Clock Path Skew:        0.325ns (DCD - SCD - CPR)
    Destination Clock Delay (DCD):    -0.887ns
    Source Clock Delay      (SCD):    -0.645ns
    Clock Pessimism Removal (CPR):    -0.567ns
  Clock Uncertainty:      0.210ns  ((TSJ^2 + DJ^2)^1/2) / 2 + PE
    Total System Jitter     (TSJ):    0.071ns
    Discrete Jitter          (DJ):    0.165ns
    Phase Error              (PE):    0.120ns

    Location             Delay type                Incr(ns)  Path(ns)    Netlist Resource(s)
  -------------------------------------------------------------------    -------------------
                         (clock clk_50_SoC_clk_wiz_0_0 rise edge)
                                                      0.000     0.000 r  
    H16                                               0.000     0.000 r  sys_clock (IN)
                         net (fo=0)                   0.000     0.000    SoC_i/clk_wiz_0/inst/clk_in1
    H16                  IBUF (Prop_ibuf_I_O)         0.219     0.219 r  SoC_i/clk_wiz_0/inst/clkin1_ibufg/O
                         net (fo=1, routed)           0.440     0.659    SoC_i/clk_wiz_0/inst/clk_in1_SoC_clk_wiz_0_0
    MMCME2_ADV_X1Y2      MMCME2_ADV (Prop_mmcme2_adv_CLKIN1_CLKOUT1)
                                                     -2.613    -1.954 r  SoC_i/clk_wiz_0/inst/mmcm_adv_inst/CLKOUT1
                         net (fo=2, routed)           0.696    -1.257    SoC_i/clk_wiz_0/inst/clk_50_SoC_clk_wiz_0_0
    BUFGCTRL_X0Y16       BUFGCTRL (Prop_bufgctrl_I0_O)
                                                      0.026    -1.231 r  SoC_i/clk_wiz_0/inst/clkout2_buf/O
                         net (fo=728, routed)         0.587    -0.645    SoC_i/northbridge/axi_interconnect_0/m00_couplers/auto_cc/inst/gen_clock_conv.gen_sync_conv.gen_conv_write_ch.aw_sync_clock_converter/out
    SLICE_X12Y29         FDRE                                         r  SoC_i/northbridge/axi_interconnect_0/m00_couplers/auto_cc/inst/gen_clock_conv.gen_sync_conv.gen_conv_write_ch.aw_sync_clock_converter/gen_sync_clock_converter.m_tready_hold_reg/C
  -------------------------------------------------------------------    -------------------
    SLICE_X12Y29         FDRE (Prop_fdre_C_Q)         0.164    -0.481 r  SoC_i/northbridge/axi_interconnect_0/m00_couplers/auto_cc/inst/gen_clock_conv.gen_sync_conv.gen_conv_write_ch.aw_sync_clock_converter/gen_sync_clock_converter.m_tready_hold_reg/Q
                         net (fo=5, routed)           0.598     0.117    SoC_i/northbridge/axi_interconnect_0/m00_couplers/auto_cc/inst/gen_clock_conv.gen_sync_conv.gen_conv_write_ch.aw_sync_clock_converter/gen_sync_clock_converter.m_tready_hold_1
    SLICE_X13Y28         LUT6 (Prop_lut6_I1_O)        0.045     0.162 r  SoC_i/northbridge/axi_interconnect_0/m00_couplers/auto_cc/inst/gen_clock_conv.gen_sync_conv.gen_conv_write_ch.aw_sync_clock_converter/FSM_sequential_gen_sync_clock_converter.state[0]_i_1/O
                         net (fo=1, routed)           0.000     0.162    SoC_i/northbridge/axi_interconnect_0/m00_couplers/auto_cc/inst/gen_clock_conv.gen_sync_conv.gen_conv_write_ch.aw_sync_clock_converter/FSM_sequential_gen_sync_clock_converter.state[0]_i_1_n_0
    SLICE_X13Y28         FDRE                                         r  SoC_i/northbridge/axi_interconnect_0/m00_couplers/auto_cc/inst/gen_clock_conv.gen_sync_conv.gen_conv_write_ch.aw_sync_clock_converter/FSM_sequential_gen_sync_clock_converter.state_reg[0]/D
  -------------------------------------------------------------------    -------------------

                         (clock clk_25_SoC_clk_wiz_0_0 rise edge)
                                                      0.000     0.000 r  
    H16                                               0.000     0.000 r  sys_clock (IN)
                         net (fo=0)                   0.000     0.000    SoC_i/clk_wiz_0/inst/clk_in1
    H16                  IBUF (Prop_ibuf_I_O)         0.406     0.406 r  SoC_i/clk_wiz_0/inst/clkin1_ibufg/O
                         net (fo=1, routed)           0.480     0.886    SoC_i/clk_wiz_0/inst/clk_in1_SoC_clk_wiz_0_0
    MMCME2_ADV_X1Y2      MMCME2_ADV (Prop_mmcme2_adv_CLKIN1_CLKOUT0)
                                                     -3.407    -2.521 r  SoC_i/clk_wiz_0/inst/mmcm_adv_inst/CLKOUT0
                         net (fo=2, routed)           0.752    -1.769    SoC_i/clk_wiz_0/inst/clk_25_SoC_clk_wiz_0_0
    BUFGCTRL_X0Y17       BUFGCTRL (Prop_bufgctrl_I0_O)
                                                      0.029    -1.740 r  SoC_i/clk_wiz_0/inst/clkout1_buf/O
                         net (fo=25466, routed)       0.853    -0.887    SoC_i/northbridge/axi_interconnect_0/m00_couplers/auto_cc/inst/gen_clock_conv.gen_sync_conv.gen_conv_write_ch.aw_sync_clock_converter/FSM_sequential_gen_sync_clock_converter.state_reg[0]_0
    SLICE_X13Y28         FDRE                                         r  SoC_i/northbridge/axi_interconnect_0/m00_couplers/auto_cc/inst/gen_clock_conv.gen_sync_conv.gen_conv_write_ch.aw_sync_clock_converter/FSM_sequential_gen_sync_clock_converter.state_reg[0]/C
                         clock pessimism              0.567    -0.320    
                         clock uncertainty            0.210    -0.110    
    SLICE_X13Y28         FDRE (Hold_fdre_C_D)         0.091    -0.019    SoC_i/northbridge/axi_interconnect_0/m00_couplers/auto_cc/inst/gen_clock_conv.gen_sync_conv.gen_conv_write_ch.aw_sync_clock_converter/FSM_sequential_gen_sync_clock_converter.state_reg[0]
  -------------------------------------------------------------------
                         required time                          0.019    
                         arrival time                           0.162    
  -------------------------------------------------------------------
                         slack                                  0.181    





---------------------------------------------------------------------------------------------------
From Clock:  clk_25_SoC_clk_wiz_0_0
  To Clock:  clk_50_SoC_clk_wiz_0_0

Setup :            0  Failing Endpoints,  Worst Slack        7.858ns,  Total Violation        0.000ns
Hold  :            0  Failing Endpoints,  Worst Slack        0.126ns,  Total Violation        0.000ns
---------------------------------------------------------------------------------------------------


Max Delay Paths
--------------------------------------------------------------------------------------
Slack (MET) :             7.858ns  (required time - arrival time)
  Source:                 SoC_i/cpu_reset_gen25/U0/ACTIVE_LOW_PR_OUT_DFF[0].FDRE_PER_N/C
                            (rising edge-triggered cell FDRE clocked by clk_25_SoC_clk_wiz_0_0  {rise@0.000ns fall@20.000ns period=40.000ns})
  Destination:            SoC_i/axi_mem_intercon/s00_couplers/auto_pc/inst/gen_axi4_axi3.axi3_conv_inst/USE_READ.USE_SPLIT_R.read_addr_inst/first_step_q_reg[11]/R
                            (rising edge-triggered cell FDRE clocked by clk_50_SoC_clk_wiz_0_0  {rise@0.000ns fall@10.000ns period=20.000ns})
  Path Group:             clk_50_SoC_clk_wiz_0_0
  Path Type:              Setup (Max at Slow Process Corner)
  Requirement:            20.000ns  (clk_50_SoC_clk_wiz_0_0 rise@20.000ns - clk_25_SoC_clk_wiz_0_0 rise@0.000ns)
  Data Path Delay:        10.760ns  (logic 0.670ns (6.227%)  route 10.090ns (93.773%))
  Logic Levels:           1  (LUT1=1)
  Clock Path Skew:        -0.535ns (DCD - SCD + CPR)
    Destination Clock Delay (DCD):    -1.662ns = ( 18.338 - 20.000 ) 
    Source Clock Delay      (SCD):    -0.878ns
    Clock Pessimism Removal (CPR):    0.249ns
  Clock Uncertainty:      0.210ns  ((TSJ^2 + DJ^2)^1/2) / 2 + PE
    Total System Jitter     (TSJ):    0.071ns
    Discrete Jitter          (DJ):    0.165ns
    Phase Error              (PE):    0.120ns

    Location             Delay type                Incr(ns)  Path(ns)    Netlist Resource(s)
  -------------------------------------------------------------------    -------------------
                         (clock clk_25_SoC_clk_wiz_0_0 rise edge)
                                                      0.000     0.000 r  
    H16                                               0.000     0.000 r  sys_clock (IN)
                         net (fo=0)                   0.000     0.000    SoC_i/clk_wiz_0/inst/clk_in1
    H16                  IBUF (Prop_ibuf_I_O)         1.451     1.451 r  SoC_i/clk_wiz_0/inst/clkin1_ibufg/O
                         net (fo=1, routed)           1.285     2.736    SoC_i/clk_wiz_0/inst/clk_in1_SoC_clk_wiz_0_0
    MMCME2_ADV_X1Y2      MMCME2_ADV (Prop_mmcme2_adv_CLKIN1_CLKOUT0)
                                                     -7.759    -5.023 r  SoC_i/clk_wiz_0/inst/mmcm_adv_inst/CLKOUT0
                         net (fo=2, routed)           2.206    -2.817    SoC_i/clk_wiz_0/inst/clk_25_SoC_clk_wiz_0_0
    BUFGCTRL_X0Y17       BUFGCTRL (Prop_bufgctrl_I0_O)
                                                      0.101    -2.716 r  SoC_i/clk_wiz_0/inst/clkout1_buf/O
                         net (fo=25466, routed)       1.838    -0.878    SoC_i/cpu_reset_gen25/U0/slowest_sync_clk
    SLICE_X4Y1           FDRE                                         r  SoC_i/cpu_reset_gen25/U0/ACTIVE_LOW_PR_OUT_DFF[0].FDRE_PER_N/C
  -------------------------------------------------------------------    -------------------
    SLICE_X4Y1           FDRE (Prop_fdre_C_Q)         0.518    -0.360 f  SoC_i/cpu_reset_gen25/U0/ACTIVE_LOW_PR_OUT_DFF[0].FDRE_PER_N/Q
                         net (fo=46, routed)          4.280     3.919    SoC_i/axi_mem_intercon/s00_couplers/auto_pc/inst/gen_axi4_axi3.axi3_conv_inst/USE_WRITE.write_addr_inst/USE_BURSTS.cmd_queue/inst/aresetn
    SLICE_X13Y49         LUT1 (Prop_lut1_I0_O)        0.152     4.071 r  SoC_i/axi_mem_intercon/s00_couplers/auto_pc/inst/gen_axi4_axi3.axi3_conv_inst/USE_WRITE.write_addr_inst/USE_BURSTS.cmd_queue/inst/S_AXI_AREADY_I_i_1/O
                         net (fo=284, routed)         5.810     9.882    SoC_i/axi_mem_intercon/s00_couplers/auto_pc/inst/gen_axi4_axi3.axi3_conv_inst/USE_READ.USE_SPLIT_R.read_addr_inst/SR[0]
    SLICE_X27Y72         FDRE                                         r  SoC_i/axi_mem_intercon/s00_couplers/auto_pc/inst/gen_axi4_axi3.axi3_conv_inst/USE_READ.USE_SPLIT_R.read_addr_inst/first_step_q_reg[11]/R
  -------------------------------------------------------------------    -------------------

                         (clock clk_50_SoC_clk_wiz_0_0 rise edge)
                                                     20.000    20.000 r  
    H16                                               0.000    20.000 r  sys_clock (IN)
                         net (fo=0)                   0.000    20.000    SoC_i/clk_wiz_0/inst/clk_in1
    H16                  IBUF (Prop_ibuf_I_O)         1.380    21.380 r  SoC_i/clk_wiz_0/inst/clkin1_ibufg/O
                         net (fo=1, routed)           1.162    22.542    SoC_i/clk_wiz_0/inst/clk_in1_SoC_clk_wiz_0_0
    MMCME2_ADV_X1Y2      MMCME2_ADV (Prop_mmcme2_adv_CLKIN1_CLKOUT1)
                                                     -7.814    14.728 r  SoC_i/clk_wiz_0/inst/mmcm_adv_inst/CLKOUT1
                         net (fo=2, routed)           2.012    16.740    SoC_i/clk_wiz_0/inst/clk_50_SoC_clk_wiz_0_0
    BUFGCTRL_X0Y16       BUFGCTRL (Prop_bufgctrl_I0_O)
                                                      0.091    16.831 r  SoC_i/clk_wiz_0/inst/clkout2_buf/O
                         net (fo=728, routed)         1.507    18.338    SoC_i/axi_mem_intercon/s00_couplers/auto_pc/inst/gen_axi4_axi3.axi3_conv_inst/USE_READ.USE_SPLIT_R.read_addr_inst/aclk
    SLICE_X27Y72         FDRE                                         r  SoC_i/axi_mem_intercon/s00_couplers/auto_pc/inst/gen_axi4_axi3.axi3_conv_inst/USE_READ.USE_SPLIT_R.read_addr_inst/first_step_q_reg[11]/C
                         clock pessimism              0.249    18.587    
                         clock uncertainty           -0.210    18.377    
    SLICE_X27Y72         FDRE (Setup_fdre_C_R)       -0.637    17.740    SoC_i/axi_mem_intercon/s00_couplers/auto_pc/inst/gen_axi4_axi3.axi3_conv_inst/USE_READ.USE_SPLIT_R.read_addr_inst/first_step_q_reg[11]
  -------------------------------------------------------------------
                         required time                         17.740    
                         arrival time                          -9.882    
  -------------------------------------------------------------------
                         slack                                  7.858    





Min Delay Paths
--------------------------------------------------------------------------------------
Slack (MET) :             0.126ns  (arrival time - required time)
  Source:                 SoC_i/northbridge/axi_interconnect_0/m00_couplers/auto_cc/inst/gen_clock_conv.gen_sync_conv.gen_conv_write_ch.aw_sync_clock_converter/gen_sync_clock_converter.m_tpayload_r_reg[61]/C
                            (rising edge-triggered cell FDRE clocked by clk_25_SoC_clk_wiz_0_0  {rise@0.000ns fall@20.000ns period=40.000ns})
  Destination:            SoC_i/axi_mem_intercon/s00_couplers/auto_pc/inst/gen_axi4_axi3.axi3_conv_inst/USE_WRITE.write_addr_inst/S_AXI_AADDR_Q_reg[31]/D
                            (rising edge-triggered cell FDRE clocked by clk_50_SoC_clk_wiz_0_0  {rise@0.000ns fall@10.000ns period=20.000ns})
  Path Group:             clk_50_SoC_clk_wiz_0_0
  Path Type:              Hold (Min at Fast Process Corner)
  Requirement:            0.000ns  (clk_50_SoC_clk_wiz_0_0 rise@0.000ns - clk_25_SoC_clk_wiz_0_0 rise@0.000ns)
  Data Path Delay:        0.770ns  (logic 0.279ns (36.239%)  route 0.491ns (63.761%))
  Logic Levels:           2  (CARRY4=1 LUT1=1)
  Clock Path Skew:        0.329ns (DCD - SCD - CPR)
    Destination Clock Delay (DCD):    -0.901ns
    Source Clock Delay      (SCD):    -0.662ns
    Clock Pessimism Removal (CPR):    -0.567ns
  Clock Uncertainty:      0.210ns  ((TSJ^2 + DJ^2)^1/2) / 2 + PE
    Total System Jitter     (TSJ):    0.071ns
    Discrete Jitter          (DJ):    0.165ns
    Phase Error              (PE):    0.120ns

    Location             Delay type                Incr(ns)  Path(ns)    Netlist Resource(s)
  -------------------------------------------------------------------    -------------------
                         (clock clk_25_SoC_clk_wiz_0_0 rise edge)
                                                      0.000     0.000 r  
    H16                                               0.000     0.000 r  sys_clock (IN)
                         net (fo=0)                   0.000     0.000    SoC_i/clk_wiz_0/inst/clk_in1
    H16                  IBUF (Prop_ibuf_I_O)         0.219     0.219 r  SoC_i/clk_wiz_0/inst/clkin1_ibufg/O
                         net (fo=1, routed)           0.440     0.659    SoC_i/clk_wiz_0/inst/clk_in1_SoC_clk_wiz_0_0
    MMCME2_ADV_X1Y2      MMCME2_ADV (Prop_mmcme2_adv_CLKIN1_CLKOUT0)
                                                     -2.613    -1.954 r  SoC_i/clk_wiz_0/inst/mmcm_adv_inst/CLKOUT0
                         net (fo=2, routed)           0.696    -1.257    SoC_i/clk_wiz_0/inst/clk_25_SoC_clk_wiz_0_0
    BUFGCTRL_X0Y17       BUFGCTRL (Prop_bufgctrl_I0_O)
                                                      0.026    -1.231 r  SoC_i/clk_wiz_0/inst/clkout1_buf/O
                         net (fo=25466, routed)       0.569    -0.662    SoC_i/northbridge/axi_interconnect_0/m00_couplers/auto_cc/inst/gen_clock_conv.gen_sync_conv.gen_conv_write_ch.aw_sync_clock_converter/FSM_sequential_gen_sync_clock_converter.state_reg[0]_0
    SLICE_X26Y65         FDRE                                         r  SoC_i/northbridge/axi_interconnect_0/m00_couplers/auto_cc/inst/gen_clock_conv.gen_sync_conv.gen_conv_write_ch.aw_sync_clock_converter/gen_sync_clock_converter.m_tpayload_r_reg[61]/C
  -------------------------------------------------------------------    -------------------
    SLICE_X26Y65         FDRE (Prop_fdre_C_Q)         0.164    -0.498 f  SoC_i/northbridge/axi_interconnect_0/m00_couplers/auto_cc/inst/gen_clock_conv.gen_sync_conv.gen_conv_write_ch.aw_sync_clock_converter/gen_sync_clock_converter.m_tpayload_r_reg[61]/Q
                         net (fo=2, routed)           0.491    -0.008    SoC_i/ram_offset_to_zero_0/inst/s_axi_ram_awaddr[4]
    SLICE_X28Y64         LUT1 (Prop_lut1_I0_O)        0.045     0.037 r  SoC_i/ram_offset_to_zero_0/inst/m_axi_ram_awaddr[31]_INST_0_i_4/O
                         net (fo=1, routed)           0.000     0.037    SoC_i/ram_offset_to_zero_0/inst/m_axi_ram_awaddr[31]_INST_0_i_4_n_0
    SLICE_X28Y64         CARRY4 (Prop_carry4_S[0]_O[0])
                                                      0.070     0.107 r  SoC_i/ram_offset_to_zero_0/inst/m_axi_ram_awaddr[31]_INST_0/O[0]
                         net (fo=1, routed)           0.000     0.107    SoC_i/axi_mem_intercon/s00_couplers/auto_pc/inst/gen_axi4_axi3.axi3_conv_inst/USE_WRITE.write_addr_inst/s_axi_awaddr[31]
    SLICE_X28Y64         FDRE                                         r  SoC_i/axi_mem_intercon/s00_couplers/auto_pc/inst/gen_axi4_axi3.axi3_conv_inst/USE_WRITE.write_addr_inst/S_AXI_AADDR_Q_reg[31]/D
  -------------------------------------------------------------------    -------------------

                         (clock clk_50_SoC_clk_wiz_0_0 rise edge)
                                                      0.000     0.000 r  
    H16                                               0.000     0.000 r  sys_clock (IN)
                         net (fo=0)                   0.000     0.000    SoC_i/clk_wiz_0/inst/clk_in1
    H16                  IBUF (Prop_ibuf_I_O)         0.406     0.406 r  SoC_i/clk_wiz_0/inst/clkin1_ibufg/O
                         net (fo=1, routed)           0.480     0.886    SoC_i/clk_wiz_0/inst/clk_in1_SoC_clk_wiz_0_0
    MMCME2_ADV_X1Y2      MMCME2_ADV (Prop_mmcme2_adv_CLKIN1_CLKOUT1)
                                                     -3.407    -2.521 r  SoC_i/clk_wiz_0/inst/mmcm_adv_inst/CLKOUT1
                         net (fo=2, routed)           0.752    -1.769    SoC_i/clk_wiz_0/inst/clk_50_SoC_clk_wiz_0_0
    BUFGCTRL_X0Y16       BUFGCTRL (Prop_bufgctrl_I0_O)
                                                      0.029    -1.740 r  SoC_i/clk_wiz_0/inst/clkout2_buf/O
                         net (fo=728, routed)         0.839    -0.901    SoC_i/axi_mem_intercon/s00_couplers/auto_pc/inst/gen_axi4_axi3.axi3_conv_inst/USE_WRITE.write_addr_inst/aclk
    SLICE_X28Y64         FDRE                                         r  SoC_i/axi_mem_intercon/s00_couplers/auto_pc/inst/gen_axi4_axi3.axi3_conv_inst/USE_WRITE.write_addr_inst/S_AXI_AADDR_Q_reg[31]/C
                         clock pessimism              0.567    -0.334    
                         clock uncertainty            0.210    -0.124    
    SLICE_X28Y64         FDRE (Hold_fdre_C_D)         0.105    -0.019    SoC_i/axi_mem_intercon/s00_couplers/auto_pc/inst/gen_axi4_axi3.axi3_conv_inst/USE_WRITE.write_addr_inst/S_AXI_AADDR_Q_reg[31]
  -------------------------------------------------------------------
                         required time                          0.019    
                         arrival time                           0.107    
  -------------------------------------------------------------------
                         slack                                  0.126    





---------------------------------------------------------------------------------------------------
Path Group:  **async_default**
From Clock:  clk_25_SoC_clk_wiz_0_0
  To Clock:  clk_25_SoC_clk_wiz_0_0

Setup :            0  Failing Endpoints,  Worst Slack       24.958ns,  Total Violation        0.000ns
Hold  :            0  Failing Endpoints,  Worst Slack        0.454ns,  Total Violation        0.000ns
---------------------------------------------------------------------------------------------------


Max Delay Paths
--------------------------------------------------------------------------------------
Slack (MET) :             24.958ns  (required time - arrival time)
  Source:                 SoC_i/cpu_reset_gen25/U0/ACTIVE_LOW_PR_OUT_DFF[0].FDRE_PER_N/C
                            (rising edge-triggered cell FDRE clocked by clk_25_SoC_clk_wiz_0_0  {rise@0.000ns fall@20.000ns period=40.000ns})
  Destination:            SoC_i/cpu_0/inst/i_cva6_wrapper/i_ariane/i_cva6/ex_stage_i/lsu_i/gen_mmu.i_cva6_mmu/i_dtlb/content_q_reg[1][gpte][ppn][28]/CLR
                            (recovery check against rising-edge clock clk_25_SoC_clk_wiz_0_0  {rise@0.000ns fall@20.000ns period=40.000ns})
  Path Group:             **async_default**
  Path Type:              Recovery (Max at Slow Process Corner)
  Requirement:            40.000ns  (clk_25_SoC_clk_wiz_0_0 rise@40.000ns - clk_25_SoC_clk_wiz_0_0 rise@0.000ns)
  Data Path Delay:        14.287ns  (logic 0.642ns (4.494%)  route 13.645ns (95.506%))
  Logic Levels:           1  (LUT1=1)
  Clock Path Skew:        -0.261ns (DCD - SCD + CPR)
    Destination Clock Delay (DCD):    -1.605ns = ( 38.395 - 40.000 ) 
    Source Clock Delay      (SCD):    -0.878ns
    Clock Pessimism Removal (CPR):    0.466ns
  Clock Uncertainty:      0.090ns  ((TSJ^2 + DJ^2)^1/2) / 2 + PE
    Total System Jitter     (TSJ):    0.071ns
    Discrete Jitter          (DJ):    0.165ns
    Phase Error              (PE):    0.000ns

    Location             Delay type                Incr(ns)  Path(ns)    Netlist Resource(s)
  -------------------------------------------------------------------    -------------------
                         (clock clk_25_SoC_clk_wiz_0_0 rise edge)
                                                      0.000     0.000 r  
    H16                                               0.000     0.000 r  sys_clock (IN)
                         net (fo=0)                   0.000     0.000    SoC_i/clk_wiz_0/inst/clk_in1
    H16                  IBUF (Prop_ibuf_I_O)         1.451     1.451 r  SoC_i/clk_wiz_0/inst/clkin1_ibufg/O
                         net (fo=1, routed)           1.285     2.736    SoC_i/clk_wiz_0/inst/clk_in1_SoC_clk_wiz_0_0
    MMCME2_ADV_X1Y2      MMCME2_ADV (Prop_mmcme2_adv_CLKIN1_CLKOUT0)
                                                     -7.759    -5.023 r  SoC_i/clk_wiz_0/inst/mmcm_adv_inst/CLKOUT0
                         net (fo=2, routed)           2.206    -2.817    SoC_i/clk_wiz_0/inst/clk_25_SoC_clk_wiz_0_0
    BUFGCTRL_X0Y17       BUFGCTRL (Prop_bufgctrl_I0_O)
                                                      0.101    -2.716 r  SoC_i/clk_wiz_0/inst/clkout1_buf/O
                         net (fo=25466, routed)       1.838    -0.878    SoC_i/cpu_reset_gen25/U0/slowest_sync_clk
    SLICE_X4Y1           FDRE                                         r  SoC_i/cpu_reset_gen25/U0/ACTIVE_LOW_PR_OUT_DFF[0].FDRE_PER_N/C
  -------------------------------------------------------------------    -------------------
    SLICE_X4Y1           FDRE (Prop_fdre_C_Q)         0.518    -0.360 r  SoC_i/cpu_reset_gen25/U0/ACTIVE_LOW_PR_OUT_DFF[0].FDRE_PER_N/Q
                         net (fo=46, routed)          6.717     6.357    SoC_i/cpu_0/inst/i_cva6_wrapper/i_ariane/i_cva6/gen_cache_wt.i_cache_subsystem/i_cva6_icache/aresetn
    SLICE_X53Y65         LUT1 (Prop_lut1_I0_O)        0.124     6.481 f  SoC_i/cpu_0/inst/i_cva6_wrapper/i_ariane/i_cva6/gen_cache_wt.i_cache_subsystem/i_cva6_icache/i_/O
                         net (fo=15321, routed)       6.928    13.408    SoC_i/cpu_0/inst/i_cva6_wrapper/i_ariane/i_cva6/ex_stage_i/lsu_i/gen_mmu.i_cva6_mmu/i_dtlb/content_q_reg[3][gpte][w]_0
    SLICE_X88Y4          FDCE                                         f  SoC_i/cpu_0/inst/i_cva6_wrapper/i_ariane/i_cva6/ex_stage_i/lsu_i/gen_mmu.i_cva6_mmu/i_dtlb/content_q_reg[1][gpte][ppn][28]/CLR
  -------------------------------------------------------------------    -------------------

                         (clock clk_25_SoC_clk_wiz_0_0 rise edge)
                                                     40.000    40.000 r  
    H16                                               0.000    40.000 r  sys_clock (IN)
                         net (fo=0)                   0.000    40.000    SoC_i/clk_wiz_0/inst/clk_in1
    H16                  IBUF (Prop_ibuf_I_O)         1.380    41.380 r  SoC_i/clk_wiz_0/inst/clkin1_ibufg/O
                         net (fo=1, routed)           1.162    42.542    SoC_i/clk_wiz_0/inst/clk_in1_SoC_clk_wiz_0_0
    MMCME2_ADV_X1Y2      MMCME2_ADV (Prop_mmcme2_adv_CLKIN1_CLKOUT0)
                                                     -7.814    34.728 r  SoC_i/clk_wiz_0/inst/mmcm_adv_inst/CLKOUT0
                         net (fo=2, routed)           2.012    36.740    SoC_i/clk_wiz_0/inst/clk_25_SoC_clk_wiz_0_0
    BUFGCTRL_X0Y17       BUFGCTRL (Prop_bufgctrl_I0_O)
                                                      0.091    36.831 r  SoC_i/clk_wiz_0/inst/clkout1_buf/O
                         net (fo=25466, routed)       1.563    38.395    SoC_i/cpu_0/inst/i_cva6_wrapper/i_ariane/i_cva6/ex_stage_i/lsu_i/gen_mmu.i_cva6_mmu/i_dtlb/aclk
    SLICE_X88Y4          FDCE                                         r  SoC_i/cpu_0/inst/i_cva6_wrapper/i_ariane/i_cva6/ex_stage_i/lsu_i/gen_mmu.i_cva6_mmu/i_dtlb/content_q_reg[1][gpte][ppn][28]/C
                         clock pessimism              0.466    38.861    
                         clock uncertainty           -0.090    38.771    
    SLICE_X88Y4          FDCE (Recov_fdce_C_CLR)     -0.405    38.366    SoC_i/cpu_0/inst/i_cva6_wrapper/i_ariane/i_cva6/ex_stage_i/lsu_i/gen_mmu.i_cva6_mmu/i_dtlb/content_q_reg[1][gpte][ppn][28]
  -------------------------------------------------------------------
                         required time                         38.366    
                         arrival time                         -13.408    
  -------------------------------------------------------------------
                         slack                                 24.958    





Min Delay Paths
--------------------------------------------------------------------------------------
Slack (MET) :             0.454ns  (arrival time - required time)
  Source:                 SoC_i/northbridge/axi_interconnect_0/s00_couplers/s00_data_fifo/inst/gen_fifo.fifo_gen_inst/inst_fifo_gen/gaxi_full_lite.gwrite_ch.gwach2.axi_wach/grf.rf/rstblk/grstd1.grst_full.grst_f.rst_d2_reg/C
                            (rising edge-triggered cell FDPE clocked by clk_25_SoC_clk_wiz_0_0  {rise@0.000ns fall@20.000ns period=40.000ns})
  Destination:            SoC_i/northbridge/axi_interconnect_0/s00_couplers/s00_data_fifo/inst/gen_fifo.fifo_gen_inst/inst_fifo_gen/gaxi_full_lite.gwrite_ch.gwach2.axi_wach/grf.rf/gntv_or_sync_fifo.gl0.wr/gwss.wsts/ram_full_fb_i_reg/PRE
                            (removal check against rising-edge clock clk_25_SoC_clk_wiz_0_0  {rise@0.000ns fall@20.000ns period=40.000ns})
  Path Group:             **async_default**
  Path Type:              Removal (Min at Fast Process Corner)
  Requirement:            0.000ns  (clk_25_SoC_clk_wiz_0_0 rise@0.000ns - clk_25_SoC_clk_wiz_0_0 rise@0.000ns)
  Data Path Delay:        0.344ns  (logic 0.148ns (43.079%)  route 0.196ns (56.921%))
  Logic Levels:           0  
  Clock Path Skew:        0.015ns (DCD - SCD - CPR)
    Destination Clock Delay (DCD):    -0.854ns
    Source Clock Delay      (SCD):    -0.615ns
    Clock Pessimism Removal (CPR):    -0.254ns

    Location             Delay type                Incr(ns)  Path(ns)    Netlist Resource(s)
  -------------------------------------------------------------------    -------------------
                         (clock clk_25_SoC_clk_wiz_0_0 rise edge)
                                                      0.000     0.000 r  
    H16                                               0.000     0.000 r  sys_clock (IN)
                         net (fo=0)                   0.000     0.000    SoC_i/clk_wiz_0/inst/clk_in1
    H16                  IBUF (Prop_ibuf_I_O)         0.219     0.219 r  SoC_i/clk_wiz_0/inst/clkin1_ibufg/O
                         net (fo=1, routed)           0.440     0.659    SoC_i/clk_wiz_0/inst/clk_in1_SoC_clk_wiz_0_0
    MMCME2_ADV_X1Y2      MMCME2_ADV (Prop_mmcme2_adv_CLKIN1_CLKOUT0)
                                                     -2.613    -1.954 r  SoC_i/clk_wiz_0/inst/mmcm_adv_inst/CLKOUT0
                         net (fo=2, routed)           0.696    -1.257    SoC_i/clk_wiz_0/inst/clk_25_SoC_clk_wiz_0_0
    BUFGCTRL_X0Y17       BUFGCTRL (Prop_bufgctrl_I0_O)
                                                      0.026    -1.231 r  SoC_i/clk_wiz_0/inst/clkout1_buf/O
                         net (fo=25466, routed)       0.617    -0.615    SoC_i/northbridge/axi_interconnect_0/s00_couplers/s00_data_fifo/inst/gen_fifo.fifo_gen_inst/inst_fifo_gen/gaxi_full_lite.gwrite_ch.gwach2.axi_wach/grf.rf/rstblk/s_aclk
    SLICE_X2Y30          FDPE                                         r  SoC_i/northbridge/axi_interconnect_0/s00_couplers/s00_data_fifo/inst/gen_fifo.fifo_gen_inst/inst_fifo_gen/gaxi_full_lite.gwrite_ch.gwach2.axi_wach/grf.rf/rstblk/grstd1.grst_full.grst_f.rst_d2_reg/C
  -------------------------------------------------------------------    -------------------
    SLICE_X2Y30          FDPE (Prop_fdpe_C_Q)         0.148    -0.467 f  SoC_i/northbridge/axi_interconnect_0/s00_couplers/s00_data_fifo/inst/gen_fifo.fifo_gen_inst/inst_fifo_gen/gaxi_full_lite.gwrite_ch.gwach2.axi_wach/grf.rf/rstblk/grstd1.grst_full.grst_f.rst_d2_reg/Q
                         net (fo=3, routed)           0.196    -0.271    SoC_i/northbridge/axi_interconnect_0/s00_couplers/s00_data_fifo/inst/gen_fifo.fifo_gen_inst/inst_fifo_gen/gaxi_full_lite.gwrite_ch.gwach2.axi_wach/grf.rf/gntv_or_sync_fifo.gl0.wr/gwss.wsts/out
    SLICE_X2Y31          FDPE                                         f  SoC_i/northbridge/axi_interconnect_0/s00_couplers/s00_data_fifo/inst/gen_fifo.fifo_gen_inst/inst_fifo_gen/gaxi_full_lite.gwrite_ch.gwach2.axi_wach/grf.rf/gntv_or_sync_fifo.gl0.wr/gwss.wsts/ram_full_fb_i_reg/PRE
  -------------------------------------------------------------------    -------------------

                         (clock clk_25_SoC_clk_wiz_0_0 rise edge)
                                                      0.000     0.000 r  
    H16                                               0.000     0.000 r  sys_clock (IN)
                         net (fo=0)                   0.000     0.000    SoC_i/clk_wiz_0/inst/clk_in1
    H16                  IBUF (Prop_ibuf_I_O)         0.406     0.406 r  SoC_i/clk_wiz_0/inst/clkin1_ibufg/O
                         net (fo=1, routed)           0.480     0.886    SoC_i/clk_wiz_0/inst/clk_in1_SoC_clk_wiz_0_0
    MMCME2_ADV_X1Y2      MMCME2_ADV (Prop_mmcme2_adv_CLKIN1_CLKOUT0)
                                                     -3.407    -2.521 r  SoC_i/clk_wiz_0/inst/mmcm_adv_inst/CLKOUT0
                         net (fo=2, routed)           0.752    -1.769    SoC_i/clk_wiz_0/inst/clk_25_SoC_clk_wiz_0_0
    BUFGCTRL_X0Y17       BUFGCTRL (Prop_bufgctrl_I0_O)
                                                      0.029    -1.740 r  SoC_i/clk_wiz_0/inst/clkout1_buf/O
                         net (fo=25466, routed)       0.886    -0.854    SoC_i/northbridge/axi_interconnect_0/s00_couplers/s00_data_fifo/inst/gen_fifo.fifo_gen_inst/inst_fifo_gen/gaxi_full_lite.gwrite_ch.gwach2.axi_wach/grf.rf/gntv_or_sync_fifo.gl0.wr/gwss.wsts/s_aclk
    SLICE_X2Y31          FDPE                                         r  SoC_i/northbridge/axi_interconnect_0/s00_couplers/s00_data_fifo/inst/gen_fifo.fifo_gen_inst/inst_fifo_gen/gaxi_full_lite.gwrite_ch.gwach2.axi_wach/grf.rf/gntv_or_sync_fifo.gl0.wr/gwss.wsts/ram_full_fb_i_reg/C
                         clock pessimism              0.254    -0.600    
    SLICE_X2Y31          FDPE (Remov_fdpe_C_PRE)     -0.125    -0.725    SoC_i/northbridge/axi_interconnect_0/s00_couplers/s00_data_fifo/inst/gen_fifo.fifo_gen_inst/inst_fifo_gen/gaxi_full_lite.gwrite_ch.gwach2.axi_wach/grf.rf/gntv_or_sync_fifo.gl0.wr/gwss.wsts/ram_full_fb_i_reg
  -------------------------------------------------------------------
                         required time                          0.725    
                         arrival time                          -0.271    
  -------------------------------------------------------------------
                         slack                                  0.454    





---------------------------------------------------------------------------------------------------
Path Group:  **async_default**
From Clock:  clk_50_SoC_clk_wiz_0_0
  To Clock:  clk_50_SoC_clk_wiz_0_0

Setup :            0  Failing Endpoints,  Worst Slack       16.610ns,  Total Violation        0.000ns
Hold  :            0  Failing Endpoints,  Worst Slack        0.587ns,  Total Violation        0.000ns
---------------------------------------------------------------------------------------------------


Max Delay Paths
--------------------------------------------------------------------------------------
Slack (MET) :             16.610ns  (required time - arrival time)
  Source:                 SoC_i/axi_mem_intercon/s00_couplers/auto_pc/inst/gen_axi4_axi3.axi3_conv_inst/USE_WRITE.write_addr_inst/USE_BURSTS.cmd_queue/inst/fifo_gen_inst/inst_fifo_gen/gconvfifo.rf/grf.rf/rstblk/ngwrdrst.grst.g7serrst.gnsckt_wrst.rst_wr_reg2_inst/arststages_ff_reg[1]/C
                            (rising edge-triggered cell FDPE clocked by clk_50_SoC_clk_wiz_0_0  {rise@0.000ns fall@10.000ns period=20.000ns})
  Destination:            SoC_i/axi_mem_intercon/s00_couplers/auto_pc/inst/gen_axi4_axi3.axi3_conv_inst/USE_WRITE.write_addr_inst/USE_BURSTS.cmd_queue/inst/fifo_gen_inst/inst_fifo_gen/gconvfifo.rf/grf.rf/gntv_or_sync_fifo.gl0.wr/wpntr/gcc0.gc0.count_d1_reg[1]/CLR
                            (recovery check against rising-edge clock clk_50_SoC_clk_wiz_0_0  {rise@0.000ns fall@10.000ns period=20.000ns})
  Path Group:             **async_default**
  Path Type:              Recovery (Max at Slow Process Corner)
  Requirement:            20.000ns  (clk_50_SoC_clk_wiz_0_0 rise@20.000ns - clk_50_SoC_clk_wiz_0_0 rise@0.000ns)
  Data Path Delay:        2.840ns  (logic 0.718ns (25.277%)  route 2.122ns (74.723%))
  Logic Levels:           1  (LUT3=1)
  Clock Path Skew:        -0.064ns (DCD - SCD + CPR)
    Destination Clock Delay (DCD):    -1.590ns = ( 18.410 - 20.000 ) 
    Source Clock Delay      (SCD):    -0.959ns
    Clock Pessimism Removal (CPR):    0.567ns
  Clock Uncertainty:      0.080ns  ((TSJ^2 + DJ^2)^1/2) / 2 + PE
    Total System Jitter     (TSJ):    0.071ns
    Discrete Jitter          (DJ):    0.144ns
    Phase Error              (PE):    0.000ns

    Location             Delay type                Incr(ns)  Path(ns)    Netlist Resource(s)
  -------------------------------------------------------------------    -------------------
                         (clock clk_50_SoC_clk_wiz_0_0 rise edge)
                                                      0.000     0.000 r  
    H16                                               0.000     0.000 r  sys_clock (IN)
                         net (fo=0)                   0.000     0.000    SoC_i/clk_wiz_0/inst/clk_in1
    H16                  IBUF (Prop_ibuf_I_O)         1.451     1.451 r  SoC_i/clk_wiz_0/inst/clkin1_ibufg/O
                         net (fo=1, routed)           1.285     2.736    SoC_i/clk_wiz_0/inst/clk_in1_SoC_clk_wiz_0_0
    MMCME2_ADV_X1Y2      MMCME2_ADV (Prop_mmcme2_adv_CLKIN1_CLKOUT1)
                                                     -7.759    -5.023 r  SoC_i/clk_wiz_0/inst/mmcm_adv_inst/CLKOUT1
                         net (fo=2, routed)           2.206    -2.817    SoC_i/clk_wiz_0/inst/clk_50_SoC_clk_wiz_0_0
    BUFGCTRL_X0Y16       BUFGCTRL (Prop_bufgctrl_I0_O)
                                                      0.101    -2.716 r  SoC_i/clk_wiz_0/inst/clkout2_buf/O
                         net (fo=728, routed)         1.757    -0.959    SoC_i/axi_mem_intercon/s00_couplers/auto_pc/inst/gen_axi4_axi3.axi3_conv_inst/USE_WRITE.write_addr_inst/USE_BURSTS.cmd_queue/inst/fifo_gen_inst/inst_fifo_gen/gconvfifo.rf/grf.rf/rstblk/ngwrdrst.grst.g7serrst.gnsckt_wrst.rst_wr_reg2_inst/dest_clk
    SLICE_X17Y48         FDPE                                         r  SoC_i/axi_mem_intercon/s00_couplers/auto_pc/inst/gen_axi4_axi3.axi3_conv_inst/USE_WRITE.write_addr_inst/USE_BURSTS.cmd_queue/inst/fifo_gen_inst/inst_fifo_gen/gconvfifo.rf/grf.rf/rstblk/ngwrdrst.grst.g7serrst.gnsckt_wrst.rst_wr_reg2_inst/arststages_ff_reg[1]/C
  -------------------------------------------------------------------    -------------------
    SLICE_X17Y48         FDPE (Prop_fdpe_C_Q)         0.419    -0.540 f  SoC_i/axi_mem_intercon/s00_couplers/auto_pc/inst/gen_axi4_axi3.axi3_conv_inst/USE_WRITE.write_addr_inst/USE_BURSTS.cmd_queue/inst/fifo_gen_inst/inst_fifo_gen/gconvfifo.rf/grf.rf/rstblk/ngwrdrst.grst.g7serrst.gnsckt_wrst.rst_wr_reg2_inst/arststages_ff_reg[1]/Q
                         net (fo=3, routed)           1.132     0.592    SoC_i/axi_mem_intercon/s00_couplers/auto_pc/inst/gen_axi4_axi3.axi3_conv_inst/USE_WRITE.write_addr_inst/USE_BURSTS.cmd_queue/inst/fifo_gen_inst/inst_fifo_gen/gconvfifo.rf/grf.rf/rstblk/ngwrdrst.rst_wr_reg2
    SLICE_X19Y49         LUT3 (Prop_lut3_I2_O)        0.299     0.891 f  SoC_i/axi_mem_intercon/s00_couplers/auto_pc/inst/gen_axi4_axi3.axi3_conv_inst/USE_WRITE.write_addr_inst/USE_BURSTS.cmd_queue/inst/fifo_gen_inst/inst_fifo_gen/gconvfifo.rf/grf.rf/rstblk/gpregsm1.curr_fwft_state[1]_i_2/O
                         net (fo=32, routed)          0.990     1.881    SoC_i/axi_mem_intercon/s00_couplers/auto_pc/inst/gen_axi4_axi3.axi3_conv_inst/USE_WRITE.write_addr_inst/USE_BURSTS.cmd_queue/inst/fifo_gen_inst/inst_fifo_gen/gconvfifo.rf/grf.rf/gntv_or_sync_fifo.gl0.wr/wpntr/AR[0]
    SLICE_X23Y46         FDCE                                         f  SoC_i/axi_mem_intercon/s00_couplers/auto_pc/inst/gen_axi4_axi3.axi3_conv_inst/USE_WRITE.write_addr_inst/USE_BURSTS.cmd_queue/inst/fifo_gen_inst/inst_fifo_gen/gconvfifo.rf/grf.rf/gntv_or_sync_fifo.gl0.wr/wpntr/gcc0.gc0.count_d1_reg[1]/CLR
  -------------------------------------------------------------------    -------------------

                         (clock clk_50_SoC_clk_wiz_0_0 rise edge)
                                                     20.000    20.000 r  
    H16                                               0.000    20.000 r  sys_clock (IN)
                         net (fo=0)                   0.000    20.000    SoC_i/clk_wiz_0/inst/clk_in1
    H16                  IBUF (Prop_ibuf_I_O)         1.380    21.380 r  SoC_i/clk_wiz_0/inst/clkin1_ibufg/O
                         net (fo=1, routed)           1.162    22.542    SoC_i/clk_wiz_0/inst/clk_in1_SoC_clk_wiz_0_0
    MMCME2_ADV_X1Y2      MMCME2_ADV (Prop_mmcme2_adv_CLKIN1_CLKOUT1)
                                                     -7.814    14.728 r  SoC_i/clk_wiz_0/inst/mmcm_adv_inst/CLKOUT1
                         net (fo=2, routed)           2.012    16.740    SoC_i/clk_wiz_0/inst/clk_50_SoC_clk_wiz_0_0
    BUFGCTRL_X0Y16       BUFGCTRL (Prop_bufgctrl_I0_O)
                                                      0.091    16.831 r  SoC_i/clk_wiz_0/inst/clkout2_buf/O
                         net (fo=728, routed)         1.578    18.410    SoC_i/axi_mem_intercon/s00_couplers/auto_pc/inst/gen_axi4_axi3.axi3_conv_inst/USE_WRITE.write_addr_inst/USE_BURSTS.cmd_queue/inst/fifo_gen_inst/inst_fifo_gen/gconvfifo.rf/grf.rf/gntv_or_sync_fifo.gl0.wr/wpntr/clk
    SLICE_X23Y46         FDCE                                         r  SoC_i/axi_mem_intercon/s00_couplers/auto_pc/inst/gen_axi4_axi3.axi3_conv_inst/USE_WRITE.write_addr_inst/USE_BURSTS.cmd_queue/inst/fifo_gen_inst/inst_fifo_gen/gconvfifo.rf/grf.rf/gntv_or_sync_fifo.gl0.wr/wpntr/gcc0.gc0.count_d1_reg[1]/C
                         clock pessimism              0.567    18.977    
                         clock uncertainty           -0.080    18.897    
    SLICE_X23Y46         FDCE (Recov_fdce_C_CLR)     -0.405    18.492    SoC_i/axi_mem_intercon/s00_couplers/auto_pc/inst/gen_axi4_axi3.axi3_conv_inst/USE_WRITE.write_addr_inst/USE_BURSTS.cmd_queue/inst/fifo_gen_inst/inst_fifo_gen/gconvfifo.rf/grf.rf/gntv_or_sync_fifo.gl0.wr/wpntr/gcc0.gc0.count_d1_reg[1]
  -------------------------------------------------------------------
                         required time                         18.492    
                         arrival time                          -1.881    
  -------------------------------------------------------------------
                         slack                                 16.610    





Min Delay Paths
--------------------------------------------------------------------------------------
Slack (MET) :             0.587ns  (arrival time - required time)
  Source:                 SoC_i/axi_mem_intercon/s00_couplers/auto_pc/inst/gen_axi4_axi3.axi3_conv_inst/USE_WRITE.write_addr_inst/USE_BURSTS.cmd_queue/inst/fifo_gen_inst/inst_fifo_gen/gconvfifo.rf/grf.rf/rstblk/ngwrdrst.grst.g7serrst.gnsckt_wrst.gcc_rst.sckt_wr_rst_cc_reg[0]/C
                            (rising edge-triggered cell FDRE clocked by clk_50_SoC_clk_wiz_0_0  {rise@0.000ns fall@10.000ns period=20.000ns})
  Destination:            SoC_i/axi_mem_intercon/s00_couplers/auto_pc/inst/gen_axi4_axi3.axi3_conv_inst/USE_WRITE.write_addr_inst/USE_BURSTS.cmd_queue/inst/fifo_gen_inst/inst_fifo_gen/gconvfifo.rf/grf.rf/gntv_or_sync_fifo.gl0.rd/gr1.gr1_int.rfwft/aempty_fwft_fb_i_reg/PRE
                            (removal check against rising-edge clock clk_50_SoC_clk_wiz_0_0  {rise@0.000ns fall@10.000ns period=20.000ns})
  Path Group:             **async_default**
  Path Type:              Removal (Min at Fast Process Corner)
  Requirement:            0.000ns  (clk_50_SoC_clk_wiz_0_0 rise@0.000ns - clk_50_SoC_clk_wiz_0_0 rise@0.000ns)
  Data Path Delay:        0.532ns  (logic 0.186ns (34.971%)  route 0.346ns (65.029%))
  Logic Levels:           1  (LUT3=1)
  Clock Path Skew:        0.016ns (DCD - SCD - CPR)
    Destination Clock Delay (DCD):    -0.874ns
    Source Clock Delay      (SCD):    -0.636ns
    Clock Pessimism Removal (CPR):    -0.254ns

    Location             Delay type                Incr(ns)  Path(ns)    Netlist Resource(s)
  -------------------------------------------------------------------    -------------------
                         (clock clk_50_SoC_clk_wiz_0_0 rise edge)
                                                      0.000     0.000 r  
    H16                                               0.000     0.000 r  sys_clock (IN)
                         net (fo=0)                   0.000     0.000    SoC_i/clk_wiz_0/inst/clk_in1
    H16                  IBUF (Prop_ibuf_I_O)         0.219     0.219 r  SoC_i/clk_wiz_0/inst/clkin1_ibufg/O
                         net (fo=1, routed)           0.440     0.659    SoC_i/clk_wiz_0/inst/clk_in1_SoC_clk_wiz_0_0
    MMCME2_ADV_X1Y2      MMCME2_ADV (Prop_mmcme2_adv_CLKIN1_CLKOUT1)
                                                     -2.613    -1.954 r  SoC_i/clk_wiz_0/inst/mmcm_adv_inst/CLKOUT1
                         net (fo=2, routed)           0.696    -1.257    SoC_i/clk_wiz_0/inst/clk_50_SoC_clk_wiz_0_0
    BUFGCTRL_X0Y16       BUFGCTRL (Prop_bufgctrl_I0_O)
                                                      0.026    -1.231 r  SoC_i/clk_wiz_0/inst/clkout2_buf/O
                         net (fo=728, routed)         0.596    -0.636    SoC_i/axi_mem_intercon/s00_couplers/auto_pc/inst/gen_axi4_axi3.axi3_conv_inst/USE_WRITE.write_addr_inst/USE_BURSTS.cmd_queue/inst/fifo_gen_inst/inst_fifo_gen/gconvfifo.rf/grf.rf/rstblk/clk
    SLICE_X19Y49         FDRE                                         r  SoC_i/axi_mem_intercon/s00_couplers/auto_pc/inst/gen_axi4_axi3.axi3_conv_inst/USE_WRITE.write_addr_inst/USE_BURSTS.cmd_queue/inst/fifo_gen_inst/inst_fifo_gen/gconvfifo.rf/grf.rf/rstblk/ngwrdrst.grst.g7serrst.gnsckt_wrst.gcc_rst.sckt_wr_rst_cc_reg[0]/C
  -------------------------------------------------------------------    -------------------
    SLICE_X19Y49         FDRE (Prop_fdre_C_Q)         0.141    -0.495 f  SoC_i/axi_mem_intercon/s00_couplers/auto_pc/inst/gen_axi4_axi3.axi3_conv_inst/USE_WRITE.write_addr_inst/USE_BURSTS.cmd_queue/inst/fifo_gen_inst/inst_fifo_gen/gconvfifo.rf/grf.rf/rstblk/ngwrdrst.grst.g7serrst.gnsckt_wrst.gcc_rst.sckt_wr_rst_cc_reg[0]/Q
                         net (fo=3, routed)           0.156    -0.339    SoC_i/axi_mem_intercon/s00_couplers/auto_pc/inst/gen_axi4_axi3.axi3_conv_inst/USE_WRITE.write_addr_inst/USE_BURSTS.cmd_queue/inst/fifo_gen_inst/inst_fifo_gen/gconvfifo.rf/grf.rf/rstblk/ngwrdrst.grst.g7serrst.gnsckt_wrst.gcc_rst.sckt_wr_rst_cc[0]
    SLICE_X19Y49         LUT3 (Prop_lut3_I1_O)        0.045    -0.294 f  SoC_i/axi_mem_intercon/s00_couplers/auto_pc/inst/gen_axi4_axi3.axi3_conv_inst/USE_WRITE.write_addr_inst/USE_BURSTS.cmd_queue/inst/fifo_gen_inst/inst_fifo_gen/gconvfifo.rf/grf.rf/rstblk/gpregsm1.curr_fwft_state[1]_i_2/O
                         net (fo=32, routed)          0.190    -0.104    SoC_i/axi_mem_intercon/s00_couplers/auto_pc/inst/gen_axi4_axi3.axi3_conv_inst/USE_WRITE.write_addr_inst/USE_BURSTS.cmd_queue/inst/fifo_gen_inst/inst_fifo_gen/gconvfifo.rf/grf.rf/gntv_or_sync_fifo.gl0.rd/gr1.gr1_int.rfwft/gpregsm1.user_valid_reg_0
    SLICE_X18Y48         FDPE                                         f  SoC_i/axi_mem_intercon/s00_couplers/auto_pc/inst/gen_axi4_axi3.axi3_conv_inst/USE_WRITE.write_addr_inst/USE_BURSTS.cmd_queue/inst/fifo_gen_inst/inst_fifo_gen/gconvfifo.rf/grf.rf/gntv_or_sync_fifo.gl0.rd/gr1.gr1_int.rfwft/aempty_fwft_fb_i_reg/PRE
  -------------------------------------------------------------------    -------------------

                         (clock clk_50_SoC_clk_wiz_0_0 rise edge)
                                                      0.000     0.000 r  
    H16                                               0.000     0.000 r  sys_clock (IN)
                         net (fo=0)                   0.000     0.000    SoC_i/clk_wiz_0/inst/clk_in1
    H16                  IBUF (Prop_ibuf_I_O)         0.406     0.406 r  SoC_i/clk_wiz_0/inst/clkin1_ibufg/O
                         net (fo=1, routed)           0.480     0.886    SoC_i/clk_wiz_0/inst/clk_in1_SoC_clk_wiz_0_0
    MMCME2_ADV_X1Y2      MMCME2_ADV (Prop_mmcme2_adv_CLKIN1_CLKOUT1)
                                                     -3.407    -2.521 r  SoC_i/clk_wiz_0/inst/mmcm_adv_inst/CLKOUT1
                         net (fo=2, routed)           0.752    -1.769    SoC_i/clk_wiz_0/inst/clk_50_SoC_clk_wiz_0_0
    BUFGCTRL_X0Y16       BUFGCTRL (Prop_bufgctrl_I0_O)
                                                      0.029    -1.740 r  SoC_i/clk_wiz_0/inst/clkout2_buf/O
                         net (fo=728, routed)         0.866    -0.874    SoC_i/axi_mem_intercon/s00_couplers/auto_pc/inst/gen_axi4_axi3.axi3_conv_inst/USE_WRITE.write_addr_inst/USE_BURSTS.cmd_queue/inst/fifo_gen_inst/inst_fifo_gen/gconvfifo.rf/grf.rf/gntv_or_sync_fifo.gl0.rd/gr1.gr1_int.rfwft/clk
    SLICE_X18Y48         FDPE                                         r  SoC_i/axi_mem_intercon/s00_couplers/auto_pc/inst/gen_axi4_axi3.axi3_conv_inst/USE_WRITE.write_addr_inst/USE_BURSTS.cmd_queue/inst/fifo_gen_inst/inst_fifo_gen/gconvfifo.rf/grf.rf/gntv_or_sync_fifo.gl0.rd/gr1.gr1_int.rfwft/aempty_fwft_fb_i_reg/C
                         clock pessimism              0.254    -0.620    
    SLICE_X18Y48         FDPE (Remov_fdpe_C_PRE)     -0.071    -0.691    SoC_i/axi_mem_intercon/s00_couplers/auto_pc/inst/gen_axi4_axi3.axi3_conv_inst/USE_WRITE.write_addr_inst/USE_BURSTS.cmd_queue/inst/fifo_gen_inst/inst_fifo_gen/gconvfifo.rf/grf.rf/gntv_or_sync_fifo.gl0.rd/gr1.gr1_int.rfwft/aempty_fwft_fb_i_reg
  -------------------------------------------------------------------
                         required time                          0.691    
                         arrival time                          -0.104    
  -------------------------------------------------------------------
                         slack                                  0.587    





