Copyright 1986-2022 Xilinx, Inc. All Rights Reserved. Copyright 2022-2024 Advanced Micro Devices, Inc. All Rights Reserved.
-------------------------------------------------------------------------------------------------------------------------------------------------------------------------------
| Tool Version : Vivado v.2024.1 (lin64) Build 5076996 Wed May 22 18:36:09 MDT 2024
| Date         : Sat Feb  7 02:06:22 2026
| Host         : pop-os running 64-bit Pop!_OS 22.04 LTS
| Command      : report_timing_summary -file /home/han4n/cva6_experiments/bitstreams/reports/timing/timing_ariane_IC128k_4w_128L_DC4k_4w_128L_BTB16_BHT16_RAS2_ITLB4_DTLB4.rpt
| Design       : SoC_wrapper
| Device       : 7z020-clg400
| Speed File   : -1  PRODUCTION 1.12 2019-11-22
| Design State : Routed
-------------------------------------------------------------------------------------------------------------------------------------------------------------------------------

Timing Summary Report

------------------------------------------------------------------------------------------------
| Timer Settings
| --------------
------------------------------------------------------------------------------------------------

  Enable Multi Corner Analysis               :  Yes
  Enable Pessimism Removal                   :  Yes
  Pessimism Removal Resolution               :  Nearest Common Node
  Enable Input Delay Default Clock           :  No
  Enable Preset / Clear Arcs                 :  No
  Disable Flight Delays                      :  No
  Ignore I/O Paths                           :  No
  Timing Early Launch at Borrowing Latches   :  No
  Borrow Time for Max Delay Exceptions       :  Yes
  Merge Timing Exceptions                    :  Yes
  Inter-SLR Compensation                     :  Conservative

  Corner  Analyze    Analyze    
  Name    Max Paths  Min Paths  
  ------  ---------  ---------  
  Slow    Yes        Yes        
  Fast    Yes        Yes        


------------------------------------------------------------------------------------------------
| Report Methodology
| ------------------
------------------------------------------------------------------------------------------------

Rule     Severity  Description                   Violations  
-------  --------  ----------------------------  ----------  
LUTAR-1  Warning   LUT drives async reset alert  11          

Note: This report is based on the most recent report_methodology run and may not be up-to-date. Run report_methodology on the current design for the latest report.



check_timing report

Table of Contents
-----------------
1. checking no_clock (0)
2. checking constant_clock (0)
3. checking pulse_width_clock (0)
4. checking unconstrained_internal_endpoints (0)
5. checking no_input_delay (3)
6. checking no_output_delay (4)
7. checking multiple_clock (0)
8. checking generated_clocks (0)
9. checking loops (0)
10. checking partial_input_delay (0)
11. checking partial_output_delay (0)
12. checking latch_loops (0)

1. checking no_clock (0)
------------------------
 There are 0 register/latch pins with no clock.


2. checking constant_clock (0)
------------------------------
 There are 0 register/latch pins with constant_clock.


3. checking pulse_width_clock (0)
---------------------------------
 There are 0 register/latch pins which need pulse_width check


4. checking unconstrained_internal_endpoints (0)
------------------------------------------------
 There are 0 pins that are not constrained for maximum delay.

 There are 0 pins that are not constrained for maximum delay due to constant clock.


5. checking no_input_delay (3)
------------------------------
 There are 3 input ports with no input delay specified. (HIGH)

 There are 0 input ports with no input delay but user has a false path constraint.


6. checking no_output_delay (4)
-------------------------------
 There are 4 ports with no output delay specified. (HIGH)

 There are 0 ports with no output delay but user has a false path constraint

 There are 0 ports with no output delay but with a timing clock defined on it or propagating through it


7. checking multiple_clock (0)
------------------------------
 There are 0 register/latch pins with multiple clocks.


8. checking generated_clocks (0)
--------------------------------
 There are 0 generated clocks that are not connected to a clock source.


9. checking loops (0)
---------------------
 There are 0 combinational loops in the design.


10. checking partial_input_delay (0)
------------------------------------
 There are 0 input ports with partial input delay specified.


11. checking partial_output_delay (0)
-------------------------------------
 There are 0 ports with partial output delay specified.


12. checking latch_loops (0)
----------------------------
 There are 0 combinational latch loops in the design through latch input



------------------------------------------------------------------------------------------------
| Design Timing Summary
| ---------------------
------------------------------------------------------------------------------------------------

    WNS(ns)      TNS(ns)  TNS Failing Endpoints  TNS Total Endpoints      WHS(ns)      THS(ns)  THS Failing Endpoints  THS Total Endpoints     WPWS(ns)     TPWS(ns)  TPWS Failing Endpoints  TPWS Total Endpoints  
    -------      -------  ---------------------  -------------------      -------      -------  ---------------------  -------------------     --------     --------  ----------------------  --------------------  
      0.602        0.000                      0                76678        0.019        0.000                      0                76628        2.000        0.000                       0                 24883  


All user specified timing constraints are met.


------------------------------------------------------------------------------------------------
| Clock Summary
| -------------
------------------------------------------------------------------------------------------------

Clock                       Waveform(ns)         Period(ns)      Frequency(MHz)
-----                       ------------         ----------      --------------
clk_fpga_0                  {0.000 10.000}       20.000          50.000          
sys_clock                   {0.000 4.000}        8.000           125.000         
  clk_25_SoC_clk_wiz_0_0    {0.000 20.000}       40.000          25.000          
  clk_50_SoC_clk_wiz_0_0    {0.000 10.000}       20.000          50.000          
  clkfbout_SoC_clk_wiz_0_0  {0.000 4.000}        8.000           125.000         


------------------------------------------------------------------------------------------------
| Intra Clock Table
| -----------------
------------------------------------------------------------------------------------------------

Clock                           WNS(ns)      TNS(ns)  TNS Failing Endpoints  TNS Total Endpoints      WHS(ns)      THS(ns)  THS Failing Endpoints  THS Total Endpoints     WPWS(ns)     TPWS(ns)  TPWS Failing Endpoints  TPWS Total Endpoints  
-----                           -------      -------  ---------------------  -------------------      -------      -------  ---------------------  -------------------     --------     --------  ----------------------  --------------------  
sys_clock                                                                                                                                                                     2.000        0.000                       0                     1  
  clk_25_SoC_clk_wiz_0_0          0.602        0.000                      0                56717        0.019        0.000                      0                56717       18.750        0.000                       0                 24141  
  clk_50_SoC_clk_wiz_0_0         11.722        0.000                      0                 1359        0.064        0.000                      0                 1359        8.750        0.000                       0                   738  
  clkfbout_SoC_clk_wiz_0_0                                                                                                                                                    5.845        0.000                       0                     3  


------------------------------------------------------------------------------------------------
| Inter Clock Table
| -----------------
------------------------------------------------------------------------------------------------

From Clock              To Clock                    WNS(ns)      TNS(ns)  TNS Failing Endpoints  TNS Total Endpoints      WHS(ns)      THS(ns)  THS Failing Endpoints  THS Total Endpoints  
----------              --------                    -------      -------  ---------------------  -------------------      -------      -------  ---------------------  -------------------  
clk_50_SoC_clk_wiz_0_0  clk_25_SoC_clk_wiz_0_0       10.891        0.000                      0                  449        0.071        0.000                      0                  415  
clk_25_SoC_clk_wiz_0_0  clk_50_SoC_clk_wiz_0_0       12.296        0.000                      0                  557        0.119        0.000                      0                  541  


------------------------------------------------------------------------------------------------
| Other Path Groups Table
| -----------------------
------------------------------------------------------------------------------------------------

Path Group              From Clock              To Clock                    WNS(ns)      TNS(ns)  TNS Failing Endpoints  TNS Total Endpoints      WHS(ns)      THS(ns)  THS Failing Endpoints  THS Total Endpoints  
----------              ----------              --------                    -------      -------  ---------------------  -------------------      -------      -------  ---------------------  -------------------  
**async_default**       clk_25_SoC_clk_wiz_0_0  clk_25_SoC_clk_wiz_0_0       25.346        0.000                      0                17867        0.244        0.000                      0                17867  
**async_default**       clk_50_SoC_clk_wiz_0_0  clk_50_SoC_clk_wiz_0_0       16.504        0.000                      0                   96        0.566        0.000                      0                   96  


------------------------------------------------------------------------------------------------
| Timing Details
| --------------
------------------------------------------------------------------------------------------------


---------------------------------------------------------------------------------------------------
From Clock:  sys_clock
  To Clock:  sys_clock

Setup :           NA  Failing Endpoints,  Worst Slack           NA  ,  Total Violation           NA
Hold  :           NA  Failing Endpoints,  Worst Slack           NA  ,  Total Violation           NA
PW    :            0  Failing Endpoints,  Worst Slack        2.000ns,  Total Violation        0.000ns
---------------------------------------------------------------------------------------------------


Pulse Width Checks
--------------------------------------------------------------------------------------
Clock Name:         sys_clock
Waveform(ns):       { 0.000 4.000 }
Period(ns):         8.000
Sources:            { sys_clock }

Check Type        Corner  Lib Pin            Reference Pin  Required(ns)  Actual(ns)  Slack(ns)  Location         Pin
Min Period        n/a     MMCME2_ADV/CLKIN1  n/a            1.249         8.000       6.751      MMCME2_ADV_X1Y2  SoC_i/clk_wiz_0/inst/mmcm_adv_inst/CLKIN1
Max Period        n/a     MMCME2_ADV/CLKIN1  n/a            100.000       8.000       92.000     MMCME2_ADV_X1Y2  SoC_i/clk_wiz_0/inst/mmcm_adv_inst/CLKIN1
Low Pulse Width   Slow    MMCME2_ADV/CLKIN1  n/a            2.000         4.000       2.000      MMCME2_ADV_X1Y2  SoC_i/clk_wiz_0/inst/mmcm_adv_inst/CLKIN1
High Pulse Width  Slow    MMCME2_ADV/CLKIN1  n/a            2.000         4.000       2.000      MMCME2_ADV_X1Y2  SoC_i/clk_wiz_0/inst/mmcm_adv_inst/CLKIN1



---------------------------------------------------------------------------------------------------
From Clock:  clk_25_SoC_clk_wiz_0_0
  To Clock:  clk_25_SoC_clk_wiz_0_0

Setup :            0  Failing Endpoints,  Worst Slack        0.602ns,  Total Violation        0.000ns
Hold  :            0  Failing Endpoints,  Worst Slack        0.019ns,  Total Violation        0.000ns
PW    :            0  Failing Endpoints,  Worst Slack       18.750ns,  Total Violation        0.000ns
---------------------------------------------------------------------------------------------------


Max Delay Paths
--------------------------------------------------------------------------------------
Slack (MET) :             0.602ns  (required time - arrival time)
  Source:                 SoC_i/ariane_peripherals_0/inst/i_peripherals_mapper/i_ariane_peripherals/i_plic/threshold_q_reg[0][0]/C
                            (rising edge-triggered cell FDCE clocked by clk_25_SoC_clk_wiz_0_0  {rise@0.000ns fall@20.000ns period=40.000ns})
  Destination:            SoC_i/ariane_peripherals_0/inst/i_peripherals_mapper/i_ariane_peripherals/i_plic/gen_target[0].i_target/gen_sequential.irq_id_reg[0]/D
                            (rising edge-triggered cell FDCE clocked by clk_25_SoC_clk_wiz_0_0  {rise@0.000ns fall@20.000ns period=40.000ns})
  Path Group:             clk_25_SoC_clk_wiz_0_0
  Path Type:              Setup (Max at Slow Process Corner)
  Requirement:            40.000ns  (clk_25_SoC_clk_wiz_0_0 rise@40.000ns - clk_25_SoC_clk_wiz_0_0 rise@0.000ns)
  Data Path Delay:        39.276ns  (logic 8.851ns (22.535%)  route 30.425ns (77.465%))
  Logic Levels:           46  (LUT2=1 LUT3=10 LUT4=13 LUT5=1 LUT6=21)
  Clock Path Skew:        -0.061ns (DCD - SCD + CPR)
    Destination Clock Delay (DCD):    -1.588ns = ( 38.412 - 40.000 ) 
    Source Clock Delay      (SCD):    -0.960ns
    Clock Pessimism Removal (CPR):    0.567ns
  Clock Uncertainty:      0.090ns  ((TSJ^2 + DJ^2)^1/2) / 2 + PE
    Total System Jitter     (TSJ):    0.071ns
    Discrete Jitter          (DJ):    0.165ns
    Phase Error              (PE):    0.000ns

    Location             Delay type                Incr(ns)  Path(ns)    Netlist Resource(s)
  -------------------------------------------------------------------    -------------------
                         (clock clk_25_SoC_clk_wiz_0_0 rise edge)
                                                      0.000     0.000 r  
    H16                                               0.000     0.000 r  sys_clock (IN)
                         net (fo=0)                   0.000     0.000    SoC_i/clk_wiz_0/inst/clk_in1
    H16                  IBUF (Prop_ibuf_I_O)         1.451     1.451 r  SoC_i/clk_wiz_0/inst/clkin1_ibufg/O
                         net (fo=1, routed)           1.285     2.736    SoC_i/clk_wiz_0/inst/clk_in1_SoC_clk_wiz_0_0
    MMCME2_ADV_X1Y2      MMCME2_ADV (Prop_mmcme2_adv_CLKIN1_CLKOUT0)
                                                     -7.759    -5.023 r  SoC_i/clk_wiz_0/inst/mmcm_adv_inst/CLKOUT0
                         net (fo=2, routed)           2.206    -2.817    SoC_i/clk_wiz_0/inst/clk_25_SoC_clk_wiz_0_0
    BUFGCTRL_X0Y17       BUFGCTRL (Prop_bufgctrl_I0_O)
                                                      0.101    -2.716 r  SoC_i/clk_wiz_0/inst/clkout1_buf/O
                         net (fo=24130, routed)       1.756    -0.960    SoC_i/ariane_peripherals_0/inst/i_peripherals_mapper/i_ariane_peripherals/i_plic/aclk
    SLICE_X9Y5           FDCE                                         r  SoC_i/ariane_peripherals_0/inst/i_peripherals_mapper/i_ariane_peripherals/i_plic/threshold_q_reg[0][0]/C
  -------------------------------------------------------------------    -------------------
    SLICE_X9Y5           FDCE (Prop_fdce_C_Q)         0.456    -0.504 r  SoC_i/ariane_peripherals_0/inst/i_peripherals_mapper/i_ariane_peripherals/i_plic/threshold_q_reg[0][0]/Q
                         net (fo=9, routed)           0.910     0.406    SoC_i/ariane_peripherals_0/inst/i_peripherals_mapper/i_ariane_peripherals/i_plic/gen_target[0].i_target/gen_sequential.irq_i_79_4
    SLICE_X8Y5           LUT3 (Prop_lut3_I0_O)        0.146     0.552 f  SoC_i/ariane_peripherals_0/inst/i_peripherals_mapper/i_ariane_peripherals/i_plic/gen_target[0].i_target/gen_sequential.irq_i_34/O
                         net (fo=2, routed)           0.862     1.414    SoC_i/ariane_peripherals_0/inst/i_peripherals_mapper/i_ariane_peripherals/i_plic/i_rv_plic_gateway/gen_sequential.irq_i_76_0
    SLICE_X8Y5           LUT4 (Prop_lut4_I3_O)        0.354     1.768 f  SoC_i/ariane_peripherals_0/inst/i_peripherals_mapper/i_ariane_peripherals/i_plic/i_rv_plic_gateway/gen_sequential.irq_i_80__0/O
                         net (fo=3, routed)           0.548     2.316    SoC_i/ariane_peripherals_0/inst/i_peripherals_mapper/i_ariane_peripherals/i_plic/i_rv_plic_gateway/gen_sequential.irq_i_80__0_n_0
    SLICE_X7Y6           LUT6 (Prop_lut6_I5_O)        0.348     2.664 r  SoC_i/ariane_peripherals_0/inst/i_peripherals_mapper/i_ariane_peripherals/i_plic/i_rv_plic_gateway/gen_sequential.irq_i_32/O
                         net (fo=5, routed)           1.065     3.728    SoC_i/ariane_peripherals_0/inst/i_peripherals_mapper/i_ariane_peripherals/i_plic/i_rv_plic_gateway/gen_target[0].i_target/gen_sequential.max_prio13_out
    SLICE_X8Y2           LUT6 (Prop_lut6_I4_O)        0.124     3.852 r  SoC_i/ariane_peripherals_0/inst/i_peripherals_mapper/i_ariane_peripherals/i_plic/i_rv_plic_gateway/gen_sequential.irq_i_75/O
                         net (fo=2, routed)           0.746     4.598    SoC_i/ariane_peripherals_0/inst/i_peripherals_mapper/i_ariane_peripherals/i_plic/i_rv_plic_gateway/gen_sequential.irq_i_75_n_0
    SLICE_X4Y6           LUT6 (Prop_lut6_I2_O)        0.124     4.722 f  SoC_i/ariane_peripherals_0/inst/i_peripherals_mapper/i_ariane_peripherals/i_plic/i_rv_plic_gateway/gen_sequential.irq_i_109/O
                         net (fo=4, routed)           0.468     5.191    SoC_i/ariane_peripherals_0/inst/i_peripherals_mapper/i_ariane_peripherals/i_plic/i_rv_plic_gateway/gen_sequential.irq_i_109_n_0
    SLICE_X4Y7           LUT6 (Prop_lut6_I5_O)        0.124     5.315 r  SoC_i/ariane_peripherals_0/inst/i_peripherals_mapper/i_ariane_peripherals/i_plic/i_rv_plic_gateway/gen_sequential.irq_i_110/O
                         net (fo=1, routed)           0.687     6.002    SoC_i/ariane_peripherals_0/inst/i_peripherals_mapper/i_ariane_peripherals/i_plic/i_rv_plic_gateway/gen_target[0].i_target/gen_sequential.max_prio29_in
    SLICE_X3Y8           LUT6 (Prop_lut6_I2_O)        0.124     6.126 r  SoC_i/ariane_peripherals_0/inst/i_peripherals_mapper/i_ariane_peripherals/i_plic/i_rv_plic_gateway/gen_sequential.irq_i_70/O
                         net (fo=1, routed)           0.434     6.560    SoC_i/ariane_peripherals_0/inst/i_peripherals_mapper/i_ariane_peripherals/i_plic/i_rv_plic_gateway/gen_sequential.irq_i_70_n_0
    SLICE_X3Y9           LUT6 (Prop_lut6_I1_O)        0.124     6.684 r  SoC_i/ariane_peripherals_0/inst/i_peripherals_mapper/i_ariane_peripherals/i_plic/i_rv_plic_gateway/gen_sequential.irq_i_29/O
                         net (fo=6, routed)           0.786     7.470    SoC_i/ariane_peripherals_0/inst/i_peripherals_mapper/i_ariane_peripherals/i_plic/i_rv_plic_gateway/gen_target[0].i_target/gen_sequential.max_prio115_out
    SLICE_X4Y11          LUT3 (Prop_lut3_I1_O)        0.124     7.594 f  SoC_i/ariane_peripherals_0/inst/i_peripherals_mapper/i_ariane_peripherals/i_plic/i_rv_plic_gateway/gen_sequential.irq_i_64/O
                         net (fo=4, routed)           0.759     8.353    SoC_i/ariane_peripherals_0/inst/i_peripherals_mapper/i_ariane_peripherals/i_plic/i_rv_plic_gateway/gen_sequential.irq_i_64_n_0
    SLICE_X3Y13          LUT4 (Prop_lut4_I3_O)        0.150     8.503 f  SoC_i/ariane_peripherals_0/inst/i_peripherals_mapper/i_ariane_peripherals/i_plic/i_rv_plic_gateway/gen_sequential.irq_i_62__0/O
                         net (fo=5, routed)           0.811     9.314    SoC_i/ariane_peripherals_0/inst/i_peripherals_mapper/i_ariane_peripherals/i_plic/i_rv_plic_gateway/gen_sequential.irq_i_62__0_n_0
    SLICE_X2Y12          LUT4 (Prop_lut4_I3_O)        0.352     9.666 f  SoC_i/ariane_peripherals_0/inst/i_peripherals_mapper/i_ariane_peripherals/i_plic/i_rv_plic_gateway/gen_sequential.irq_i_54__0/O
                         net (fo=3, routed)           0.822    10.488    SoC_i/ariane_peripherals_0/inst/i_peripherals_mapper/i_ariane_peripherals/i_plic/i_rv_plic_gateway/gen_sequential.irq_i_54__0_n_0
    SLICE_X2Y12          LUT6 (Prop_lut6_I5_O)        0.328    10.816 r  SoC_i/ariane_peripherals_0/inst/i_peripherals_mapper/i_ariane_peripherals/i_plic/i_rv_plic_gateway/gen_sequential.irq_i_22/O
                         net (fo=6, routed)           0.643    11.459    SoC_i/ariane_peripherals_0/inst/i_peripherals_mapper/i_ariane_peripherals/i_plic/i_rv_plic_gateway/gen_target[0].i_target/gen_sequential.max_prio127_out
    SLICE_X2Y14          LUT3 (Prop_lut3_I1_O)        0.124    11.583 f  SoC_i/ariane_peripherals_0/inst/i_peripherals_mapper/i_ariane_peripherals/i_plic/i_rv_plic_gateway/gen_sequential.irq_i_40/O
                         net (fo=4, routed)           0.575    12.158    SoC_i/ariane_peripherals_0/inst/i_peripherals_mapper/i_ariane_peripherals/i_plic/i_rv_plic_gateway/gen_sequential.irq_i_40_n_0
    SLICE_X1Y12          LUT4 (Prop_lut4_I3_O)        0.119    12.277 f  SoC_i/ariane_peripherals_0/inst/i_peripherals_mapper/i_ariane_peripherals/i_plic/i_rv_plic_gateway/gen_sequential.irq_i_38__0/O
                         net (fo=5, routed)           0.460    12.737    SoC_i/ariane_peripherals_0/inst/i_peripherals_mapper/i_ariane_peripherals/i_plic/i_rv_plic_gateway/gen_sequential.irq_i_38__0_n_0
    SLICE_X0Y11          LUT4 (Prop_lut4_I3_O)        0.324    13.061 f  SoC_i/ariane_peripherals_0/inst/i_peripherals_mapper/i_ariane_peripherals/i_plic/i_rv_plic_gateway/gen_sequential.irq_i_50__0/O
                         net (fo=3, routed)           0.649    13.710    SoC_i/ariane_peripherals_0/inst/i_peripherals_mapper/i_ariane_peripherals/i_plic/i_rv_plic_gateway/gen_sequential.irq_i_50__0_n_0
    SLICE_X1Y11          LUT6 (Prop_lut6_I5_O)        0.328    14.038 r  SoC_i/ariane_peripherals_0/inst/i_peripherals_mapper/i_ariane_peripherals/i_plic/i_rv_plic_gateway/gen_sequential.irq_i_21/O
                         net (fo=7, routed)           0.827    14.865    SoC_i/ariane_peripherals_0/inst/i_peripherals_mapper/i_ariane_peripherals/i_plic/i_rv_plic_gateway/gen_target[0].i_target/gen_sequential.max_prio139_out
    SLICE_X1Y10          LUT3 (Prop_lut3_I1_O)        0.124    14.989 f  SoC_i/ariane_peripherals_0/inst/i_peripherals_mapper/i_ariane_peripherals/i_plic/i_rv_plic_gateway/gen_sequential.irq_i_106/O
                         net (fo=2, routed)           0.663    15.652    SoC_i/ariane_peripherals_0/inst/i_peripherals_mapper/i_ariane_peripherals/i_plic/i_rv_plic_gateway/gen_sequential.irq_i_106_n_0
    SLICE_X0Y10          LUT6 (Prop_lut6_I5_O)        0.124    15.776 f  SoC_i/ariane_peripherals_0/inst/i_peripherals_mapper/i_ariane_peripherals/i_plic/i_rv_plic_gateway/gen_sequential.irq_i_87/O
                         net (fo=3, routed)           0.464    16.240    SoC_i/ariane_peripherals_0/inst/i_peripherals_mapper/i_ariane_peripherals/i_plic/i_rv_plic_gateway/gen_sequential.irq_i_87_n_0
    SLICE_X0Y9           LUT6 (Prop_lut6_I5_O)        0.124    16.364 r  SoC_i/ariane_peripherals_0/inst/i_peripherals_mapper/i_ariane_peripherals/i_plic/i_rv_plic_gateway/gen_sequential.irq_i_88/O
                         net (fo=1, routed)           0.416    16.780    SoC_i/ariane_peripherals_0/inst/i_peripherals_mapper/i_ariane_peripherals/i_plic/i_rv_plic_gateway/gen_target[0].i_target/gen_sequential.max_prio245_in
    SLICE_X0Y8           LUT6 (Prop_lut6_I2_O)        0.124    16.904 r  SoC_i/ariane_peripherals_0/inst/i_peripherals_mapper/i_ariane_peripherals/i_plic/i_rv_plic_gateway/gen_sequential.irq_i_44/O
                         net (fo=1, routed)           0.404    17.309    SoC_i/ariane_peripherals_0/inst/i_peripherals_mapper/i_ariane_peripherals/i_plic/i_rv_plic_gateway/gen_sequential.irq_i_44_n_0
    SLICE_X1Y8           LUT6 (Prop_lut6_I1_O)        0.124    17.433 r  SoC_i/ariane_peripherals_0/inst/i_peripherals_mapper/i_ariane_peripherals/i_plic/i_rv_plic_gateway/gen_sequential.irq_i_20/O
                         net (fo=5, routed)           0.842    18.275    SoC_i/ariane_peripherals_0/inst/i_peripherals_mapper/i_ariane_peripherals/i_plic/i_rv_plic_gateway/gen_target[0].i_target/gen_sequential.max_prio151_out
    SLICE_X0Y7           LUT3 (Prop_lut3_I1_O)        0.124    18.399 f  SoC_i/ariane_peripherals_0/inst/i_peripherals_mapper/i_ariane_peripherals/i_plic/i_rv_plic_gateway/gen_sequential.irq_i_42/O
                         net (fo=4, routed)           0.687    19.086    SoC_i/ariane_peripherals_0/inst/i_peripherals_mapper/i_ariane_peripherals/i_plic/i_rv_plic_gateway/gen_sequential.irq_i_42_n_0
    SLICE_X0Y6           LUT4 (Prop_lut4_I3_O)        0.153    19.239 f  SoC_i/ariane_peripherals_0/inst/i_peripherals_mapper/i_ariane_peripherals/i_plic/i_rv_plic_gateway/gen_sequential.irq_i_60__0/O
                         net (fo=5, routed)           0.833    20.072    SoC_i/ariane_peripherals_0/inst/i_peripherals_mapper/i_ariane_peripherals/i_plic/i_rv_plic_gateway/gen_sequential.irq_i_60__0_n_0
    SLICE_X1Y5           LUT4 (Prop_lut4_I3_O)        0.359    20.431 f  SoC_i/ariane_peripherals_0/inst/i_peripherals_mapper/i_ariane_peripherals/i_plic/i_rv_plic_gateway/gen_sequential.irq_i_58__0/O
                         net (fo=3, routed)           0.791    21.222    SoC_i/ariane_peripherals_0/inst/i_peripherals_mapper/i_ariane_peripherals/i_plic/i_rv_plic_gateway/gen_sequential.irq_i_58__0_n_0
    SLICE_X1Y4           LUT6 (Prop_lut6_I5_O)        0.332    21.554 r  SoC_i/ariane_peripherals_0/inst/i_peripherals_mapper/i_ariane_peripherals/i_plic/i_rv_plic_gateway/gen_sequential.irq_i_23/O
                         net (fo=5, routed)           0.620    22.174    SoC_i/ariane_peripherals_0/inst/i_peripherals_mapper/i_ariane_peripherals/i_plic/i_rv_plic_gateway/gen_target[0].i_target/gen_sequential.max_prio163_out
    SLICE_X2Y4           LUT3 (Prop_lut3_I1_O)        0.124    22.298 f  SoC_i/ariane_peripherals_0/inst/i_peripherals_mapper/i_ariane_peripherals/i_plic/i_rv_plic_gateway/gen_sequential.irq_id[4]_i_26/O
                         net (fo=4, routed)           0.647    22.945    SoC_i/ariane_peripherals_0/inst/i_peripherals_mapper/i_ariane_peripherals/i_plic/i_rv_plic_gateway/gen_sequential.irq_id[4]_i_26_n_0
    SLICE_X3Y3           LUT4 (Prop_lut4_I3_O)        0.150    23.095 f  SoC_i/ariane_peripherals_0/inst/i_peripherals_mapper/i_ariane_peripherals/i_plic/i_rv_plic_gateway/gen_sequential.irq_id[4]_i_24__0/O
                         net (fo=5, routed)           0.452    23.547    SoC_i/ariane_peripherals_0/inst/i_peripherals_mapper/i_ariane_peripherals/i_plic/i_rv_plic_gateway/gen_sequential.irq_id[4]_i_24__0_n_0
    SLICE_X4Y3           LUT6 (Prop_lut6_I0_O)        0.326    23.873 r  SoC_i/ariane_peripherals_0/inst/i_peripherals_mapper/i_ariane_peripherals/i_plic/i_rv_plic_gateway/gen_sequential.irq_id[4]_i_38/O
                         net (fo=1, routed)           0.598    24.471    SoC_i/ariane_peripherals_0/inst/i_peripherals_mapper/i_ariane_peripherals/i_plic/i_rv_plic_gateway/gen_target[0].i_target/gen_sequential.max_prio269_in
    SLICE_X4Y3           LUT6 (Prop_lut6_I2_O)        0.124    24.595 r  SoC_i/ariane_peripherals_0/inst/i_peripherals_mapper/i_ariane_peripherals/i_plic/i_rv_plic_gateway/gen_sequential.irq_id[4]_i_18/O
                         net (fo=1, routed)           0.581    25.176    SoC_i/ariane_peripherals_0/inst/i_peripherals_mapper/i_ariane_peripherals/i_plic/i_rv_plic_gateway/gen_sequential.irq_id[4]_i_18_n_0
    SLICE_X6Y3           LUT6 (Prop_lut6_I1_O)        0.124    25.300 r  SoC_i/ariane_peripherals_0/inst/i_peripherals_mapper/i_ariane_peripherals/i_plic/i_rv_plic_gateway/gen_sequential.irq_id[4]_i_7/O
                         net (fo=6, routed)           0.857    26.157    SoC_i/ariane_peripherals_0/inst/i_peripherals_mapper/i_ariane_peripherals/i_plic/i_rv_plic_gateway/gen_target[0].i_target/gen_sequential.max_prio175_out
    SLICE_X6Y2           LUT3 (Prop_lut3_I1_O)        0.124    26.281 f  SoC_i/ariane_peripherals_0/inst/i_peripherals_mapper/i_ariane_peripherals/i_plic/i_rv_plic_gateway/gen_sequential.irq_id[4]_i_22/O
                         net (fo=4, routed)           0.703    26.984    SoC_i/ariane_peripherals_0/inst/i_peripherals_mapper/i_ariane_peripherals/i_plic/i_rv_plic_gateway/gen_sequential.irq_id[4]_i_22_n_0
    SLICE_X8Y2           LUT4 (Prop_lut4_I3_O)        0.124    27.108 f  SoC_i/ariane_peripherals_0/inst/i_peripherals_mapper/i_ariane_peripherals/i_plic/i_rv_plic_gateway/gen_sequential.irq_id[4]_i_36__0/O
                         net (fo=5, routed)           0.994    28.102    SoC_i/ariane_peripherals_0/inst/i_peripherals_mapper/i_ariane_peripherals/i_plic/i_rv_plic_gateway/gen_sequential.irq_id[4]_i_36__0_n_0
    SLICE_X12Y2          LUT4 (Prop_lut4_I3_O)        0.148    28.250 f  SoC_i/ariane_peripherals_0/inst/i_peripherals_mapper/i_ariane_peripherals/i_plic/i_rv_plic_gateway/gen_sequential.irq_id[4]_i_34__0/O
                         net (fo=3, routed)           0.653    28.903    SoC_i/ariane_peripherals_0/inst/i_peripherals_mapper/i_ariane_peripherals/i_plic/i_rv_plic_gateway/gen_sequential.irq_id[4]_i_34__0_n_0
    SLICE_X13Y2          LUT6 (Prop_lut6_I5_O)        0.328    29.231 r  SoC_i/ariane_peripherals_0/inst/i_peripherals_mapper/i_ariane_peripherals/i_plic/i_rv_plic_gateway/gen_sequential.irq_id[4]_i_15/O
                         net (fo=5, routed)           0.835    30.066    SoC_i/ariane_peripherals_0/inst/i_peripherals_mapper/i_ariane_peripherals/i_plic/i_rv_plic_gateway/gen_target[0].i_target/gen_sequential.max_prio187_out
    SLICE_X16Y2          LUT3 (Prop_lut3_I1_O)        0.124    30.190 f  SoC_i/ariane_peripherals_0/inst/i_peripherals_mapper/i_ariane_peripherals/i_plic/i_rv_plic_gateway/gen_sequential.irq_id[4]_i_30/O
                         net (fo=4, routed)           0.594    30.784    SoC_i/ariane_peripherals_0/inst/i_peripherals_mapper/i_ariane_peripherals/i_plic/i_rv_plic_gateway/gen_sequential.irq_id[4]_i_30_n_0
    SLICE_X17Y1          LUT4 (Prop_lut4_I3_O)        0.150    30.934 f  SoC_i/ariane_peripherals_0/inst/i_peripherals_mapper/i_ariane_peripherals/i_plic/i_rv_plic_gateway/gen_sequential.irq_id[4]_i_28__0/O
                         net (fo=5, routed)           0.540    31.474    SoC_i/ariane_peripherals_0/inst/i_peripherals_mapper/i_ariane_peripherals/i_plic/i_rv_plic_gateway/gen_sequential.irq_id[4]_i_28__0_n_0
    SLICE_X18Y0          LUT6 (Prop_lut6_I0_O)        0.332    31.806 r  SoC_i/ariane_peripherals_0/inst/i_peripherals_mapper/i_ariane_peripherals/i_plic/i_rv_plic_gateway/gen_sequential.irq_id[1]_i_15/O
                         net (fo=1, routed)           0.303    32.109    SoC_i/ariane_peripherals_0/inst/i_peripherals_mapper/i_ariane_peripherals/i_plic/i_rv_plic_gateway/gen_target[0].i_target/gen_sequential.max_prio293_in
    SLICE_X18Y1          LUT6 (Prop_lut6_I2_O)        0.124    32.233 r  SoC_i/ariane_peripherals_0/inst/i_peripherals_mapper/i_ariane_peripherals/i_plic/i_rv_plic_gateway/gen_sequential.irq_id[1]_i_8/O
                         net (fo=1, routed)           0.452    32.685    SoC_i/ariane_peripherals_0/inst/i_peripherals_mapper/i_ariane_peripherals/i_plic/i_rv_plic_gateway/gen_sequential.irq_id[1]_i_8_n_0
    SLICE_X18Y1          LUT6 (Prop_lut6_I1_O)        0.124    32.809 r  SoC_i/ariane_peripherals_0/inst/i_peripherals_mapper/i_ariane_peripherals/i_plic/i_rv_plic_gateway/gen_sequential.irq_id[1]_i_3/O
                         net (fo=6, routed)           0.658    33.467    SoC_i/ariane_peripherals_0/inst/i_peripherals_mapper/i_ariane_peripherals/i_plic/i_rv_plic_gateway/gen_target[0].i_target/gen_sequential.max_prio199_out
    SLICE_X18Y2          LUT3 (Prop_lut3_I1_O)        0.124    33.591 f  SoC_i/ariane_peripherals_0/inst/i_peripherals_mapper/i_ariane_peripherals/i_plic/i_rv_plic_gateway/gen_sequential.irq_id[1]_i_6/O
                         net (fo=4, routed)           0.566    34.157    SoC_i/ariane_peripherals_0/inst/i_peripherals_mapper/i_ariane_peripherals/i_plic/i_rv_plic_gateway/gen_sequential.irq_id[1]_i_6_n_0
    SLICE_X16Y0          LUT4 (Prop_lut4_I3_O)        0.116    34.273 f  SoC_i/ariane_peripherals_0/inst/i_peripherals_mapper/i_ariane_peripherals/i_plic/i_rv_plic_gateway/gen_sequential.irq_id[2]_i_8__0/O
                         net (fo=5, routed)           0.581    34.855    SoC_i/ariane_peripherals_0/inst/i_peripherals_mapper/i_ariane_peripherals/i_plic/i_rv_plic_gateway/gen_sequential.irq_id[2]_i_8__0_n_0
    SLICE_X13Y0          LUT4 (Prop_lut4_I3_O)        0.328    35.183 f  SoC_i/ariane_peripherals_0/inst/i_peripherals_mapper/i_ariane_peripherals/i_plic/i_rv_plic_gateway/gen_sequential.irq_id[2]_i_12__0/O
                         net (fo=3, routed)           0.601    35.784    SoC_i/ariane_peripherals_0/inst/i_peripherals_mapper/i_ariane_peripherals/i_plic/i_rv_plic_gateway/gen_sequential.irq_id[2]_i_12__0_n_0
    SLICE_X13Y1          LUT6 (Prop_lut6_I5_O)        0.124    35.908 r  SoC_i/ariane_peripherals_0/inst/i_peripherals_mapper/i_ariane_peripherals/i_plic/i_rv_plic_gateway/gen_sequential.irq_id[2]_i_5/O
                         net (fo=5, routed)           0.588    36.496    SoC_i/ariane_peripherals_0/inst/i_peripherals_mapper/i_ariane_peripherals/i_plic/i_rv_plic_gateway/gen_target[0].i_target/gen_sequential.max_prio1111_out
    SLICE_X14Y3          LUT3 (Prop_lut3_I1_O)        0.124    36.620 f  SoC_i/ariane_peripherals_0/inst/i_peripherals_mapper/i_ariane_peripherals/i_plic/i_rv_plic_gateway/gen_sequential.irq_i_16/O
                         net (fo=1, routed)           0.616    37.236    SoC_i/ariane_peripherals_0/inst/i_peripherals_mapper/i_ariane_peripherals/i_plic/i_rv_plic_gateway/gen_sequential.irq_i_16_n_0
    SLICE_X12Y4          LUT5 (Prop_lut5_I4_O)        0.124    37.360 r  SoC_i/ariane_peripherals_0/inst/i_peripherals_mapper/i_ariane_peripherals/i_plic/i_rv_plic_gateway/gen_sequential.irq_i_4/O
                         net (fo=6, routed)           0.832    38.192    SoC_i/ariane_peripherals_0/inst/i_peripherals_mapper/i_ariane_peripherals/i_plic/i_rv_plic_gateway/gen_target[0].i_target/gen_sequential.irq_next1__1
    SLICE_X13Y5          LUT2 (Prop_lut2_I1_O)        0.124    38.316 r  SoC_i/ariane_peripherals_0/inst/i_peripherals_mapper/i_ariane_peripherals/i_plic/i_rv_plic_gateway/gen_sequential.irq_id[0]_i_1/O
                         net (fo=1, routed)           0.000    38.316    SoC_i/ariane_peripherals_0/inst/i_peripherals_mapper/i_ariane_peripherals/i_plic/gen_target[0].i_target/D[0]
    SLICE_X13Y5          FDCE                                         r  SoC_i/ariane_peripherals_0/inst/i_peripherals_mapper/i_ariane_peripherals/i_plic/gen_target[0].i_target/gen_sequential.irq_id_reg[0]/D
  -------------------------------------------------------------------    -------------------

                         (clock clk_25_SoC_clk_wiz_0_0 rise edge)
                                                     40.000    40.000 r  
    H16                                               0.000    40.000 r  sys_clock (IN)
                         net (fo=0)                   0.000    40.000    SoC_i/clk_wiz_0/inst/clk_in1
    H16                  IBUF (Prop_ibuf_I_O)         1.380    41.380 r  SoC_i/clk_wiz_0/inst/clkin1_ibufg/O
                         net (fo=1, routed)           1.162    42.542    SoC_i/clk_wiz_0/inst/clk_in1_SoC_clk_wiz_0_0
    MMCME2_ADV_X1Y2      MMCME2_ADV (Prop_mmcme2_adv_CLKIN1_CLKOUT0)
                                                     -7.814    34.728 r  SoC_i/clk_wiz_0/inst/mmcm_adv_inst/CLKOUT0
                         net (fo=2, routed)           2.012    36.740    SoC_i/clk_wiz_0/inst/clk_25_SoC_clk_wiz_0_0
    BUFGCTRL_X0Y17       BUFGCTRL (Prop_bufgctrl_I0_O)
                                                      0.091    36.831 r  SoC_i/clk_wiz_0/inst/clkout1_buf/O
                         net (fo=24130, routed)       1.580    38.412    SoC_i/ariane_peripherals_0/inst/i_peripherals_mapper/i_ariane_peripherals/i_plic/gen_target[0].i_target/aclk
    SLICE_X13Y5          FDCE                                         r  SoC_i/ariane_peripherals_0/inst/i_peripherals_mapper/i_ariane_peripherals/i_plic/gen_target[0].i_target/gen_sequential.irq_id_reg[0]/C
                         clock pessimism              0.567    38.979    
                         clock uncertainty           -0.090    38.889    
    SLICE_X13Y5          FDCE (Setup_fdce_C_D)        0.029    38.918    SoC_i/ariane_peripherals_0/inst/i_peripherals_mapper/i_ariane_peripherals/i_plic/gen_target[0].i_target/gen_sequential.irq_id_reg[0]
  -------------------------------------------------------------------
                         required time                         38.918    
                         arrival time                         -38.316    
  -------------------------------------------------------------------
                         slack                                  0.602    





Min Delay Paths
--------------------------------------------------------------------------------------
Slack (MET) :             0.019ns  (arrival time - required time)
  Source:                 SoC_i/northbridge/axi_interconnect_0/m06_couplers/auto_ds/inst/gen_downsizer.gen_simple_downsizer.axi_downsizer_inst/USE_WRITE.write_addr_inst/S_AXI_AADDR_Q_reg[1]/C
                            (rising edge-triggered cell FDRE clocked by clk_25_SoC_clk_wiz_0_0  {rise@0.000ns fall@20.000ns period=40.000ns})
  Destination:            SoC_i/northbridge/axi_interconnect_0/m06_couplers/auto_ds/inst/gen_downsizer.gen_simple_downsizer.axi_downsizer_inst/USE_WRITE.write_addr_inst/cmd_queue/inst/fifo_gen_inst/inst_fifo_gen/gconvfifo.rf/grf.rf/gntv_or_sync_fifo.mem/gdm.dm_gen.dm/RAM_reg_0_31_18_23/RAMB_D1/I
                            (rising edge-triggered cell RAMD32 clocked by clk_25_SoC_clk_wiz_0_0  {rise@0.000ns fall@20.000ns period=40.000ns})
  Path Group:             clk_25_SoC_clk_wiz_0_0
  Path Type:              Hold (Min at Fast Process Corner)
  Requirement:            0.000ns  (clk_25_SoC_clk_wiz_0_0 rise@0.000ns - clk_25_SoC_clk_wiz_0_0 rise@0.000ns)
  Data Path Delay:        0.402ns  (logic 0.186ns (46.288%)  route 0.216ns (53.712%))
  Logic Levels:           1  (LUT6=1)
  Clock Path Skew:        0.258ns (DCD - SCD - CPR)
    Destination Clock Delay (DCD):    -0.919ns
    Source Clock Delay      (SCD):    -0.674ns
    Clock Pessimism Removal (CPR):    -0.504ns

    Location             Delay type                Incr(ns)  Path(ns)    Netlist Resource(s)
  -------------------------------------------------------------------    -------------------
                         (clock clk_25_SoC_clk_wiz_0_0 rise edge)
                                                      0.000     0.000 r  
    H16                                               0.000     0.000 r  sys_clock (IN)
                         net (fo=0)                   0.000     0.000    SoC_i/clk_wiz_0/inst/clk_in1
    H16                  IBUF (Prop_ibuf_I_O)         0.219     0.219 r  SoC_i/clk_wiz_0/inst/clkin1_ibufg/O
                         net (fo=1, routed)           0.440     0.659    SoC_i/clk_wiz_0/inst/clk_in1_SoC_clk_wiz_0_0
    MMCME2_ADV_X1Y2      MMCME2_ADV (Prop_mmcme2_adv_CLKIN1_CLKOUT0)
                                                     -2.613    -1.954 r  SoC_i/clk_wiz_0/inst/mmcm_adv_inst/CLKOUT0
                         net (fo=2, routed)           0.696    -1.257    SoC_i/clk_wiz_0/inst/clk_25_SoC_clk_wiz_0_0
    BUFGCTRL_X0Y17       BUFGCTRL (Prop_bufgctrl_I0_O)
                                                      0.026    -1.231 r  SoC_i/clk_wiz_0/inst/clkout1_buf/O
                         net (fo=24130, routed)       0.558    -0.674    SoC_i/northbridge/axi_interconnect_0/m06_couplers/auto_ds/inst/gen_downsizer.gen_simple_downsizer.axi_downsizer_inst/USE_WRITE.write_addr_inst/CLK
    SLICE_X48Y12         FDRE                                         r  SoC_i/northbridge/axi_interconnect_0/m06_couplers/auto_ds/inst/gen_downsizer.gen_simple_downsizer.axi_downsizer_inst/USE_WRITE.write_addr_inst/S_AXI_AADDR_Q_reg[1]/C
  -------------------------------------------------------------------    -------------------
    SLICE_X48Y12         FDRE (Prop_fdre_C_Q)         0.141    -0.533 r  SoC_i/northbridge/axi_interconnect_0/m06_couplers/auto_ds/inst/gen_downsizer.gen_simple_downsizer.axi_downsizer_inst/USE_WRITE.write_addr_inst/S_AXI_AADDR_Q_reg[1]/Q
                         net (fo=2, routed)           0.098    -0.435    SoC_i/northbridge/axi_interconnect_0/m06_couplers/auto_ds/inst/gen_downsizer.gen_simple_downsizer.axi_downsizer_inst/USE_WRITE.write_addr_inst/cmd_queue/inst/gpr1.dout_i_reg[19]_1[1]
    SLICE_X49Y12         LUT6 (Prop_lut6_I2_O)        0.045    -0.390 r  SoC_i/northbridge/axi_interconnect_0/m06_couplers/auto_ds/inst/gen_downsizer.gen_simple_downsizer.axi_downsizer_inst/USE_WRITE.write_addr_inst/cmd_queue/inst/fifo_gen_inst_i_3/O
                         net (fo=1, routed)           0.118    -0.272    SoC_i/northbridge/axi_interconnect_0/m06_couplers/auto_ds/inst/gen_downsizer.gen_simple_downsizer.axi_downsizer_inst/USE_WRITE.write_addr_inst/cmd_queue/inst/fifo_gen_inst/inst_fifo_gen/gconvfifo.rf/grf.rf/gntv_or_sync_fifo.mem/gdm.dm_gen.dm/RAM_reg_0_31_18_23/DIB1
    SLICE_X50Y12         RAMD32                                       r  SoC_i/northbridge/axi_interconnect_0/m06_couplers/auto_ds/inst/gen_downsizer.gen_simple_downsizer.axi_downsizer_inst/USE_WRITE.write_addr_inst/cmd_queue/inst/fifo_gen_inst/inst_fifo_gen/gconvfifo.rf/grf.rf/gntv_or_sync_fifo.mem/gdm.dm_gen.dm/RAM_reg_0_31_18_23/RAMB_D1/I
  -------------------------------------------------------------------    -------------------

                         (clock clk_25_SoC_clk_wiz_0_0 rise edge)
                                                      0.000     0.000 r  
    H16                                               0.000     0.000 r  sys_clock (IN)
                         net (fo=0)                   0.000     0.000    SoC_i/clk_wiz_0/inst/clk_in1
    H16                  IBUF (Prop_ibuf_I_O)         0.406     0.406 r  SoC_i/clk_wiz_0/inst/clkin1_ibufg/O
                         net (fo=1, routed)           0.480     0.886    SoC_i/clk_wiz_0/inst/clk_in1_SoC_clk_wiz_0_0
    MMCME2_ADV_X1Y2      MMCME2_ADV (Prop_mmcme2_adv_CLKIN1_CLKOUT0)
                                                     -3.407    -2.521 r  SoC_i/clk_wiz_0/inst/mmcm_adv_inst/CLKOUT0
                         net (fo=2, routed)           0.752    -1.769    SoC_i/clk_wiz_0/inst/clk_25_SoC_clk_wiz_0_0
    BUFGCTRL_X0Y17       BUFGCTRL (Prop_bufgctrl_I0_O)
                                                      0.029    -1.740 r  SoC_i/clk_wiz_0/inst/clkout1_buf/O
                         net (fo=24130, routed)       0.821    -0.919    SoC_i/northbridge/axi_interconnect_0/m06_couplers/auto_ds/inst/gen_downsizer.gen_simple_downsizer.axi_downsizer_inst/USE_WRITE.write_addr_inst/cmd_queue/inst/fifo_gen_inst/inst_fifo_gen/gconvfifo.rf/grf.rf/gntv_or_sync_fifo.mem/gdm.dm_gen.dm/RAM_reg_0_31_18_23/WCLK
    SLICE_X50Y12         RAMD32                                       r  SoC_i/northbridge/axi_interconnect_0/m06_couplers/auto_ds/inst/gen_downsizer.gen_simple_downsizer.axi_downsizer_inst/USE_WRITE.write_addr_inst/cmd_queue/inst/fifo_gen_inst/inst_fifo_gen/gconvfifo.rf/grf.rf/gntv_or_sync_fifo.mem/gdm.dm_gen.dm/RAM_reg_0_31_18_23/RAMB_D1/CLK
                         clock pessimism              0.504    -0.415    
    SLICE_X50Y12         RAMD32 (Hold_ramd32_CLK_I)
                                                      0.124    -0.291    SoC_i/northbridge/axi_interconnect_0/m06_couplers/auto_ds/inst/gen_downsizer.gen_simple_downsizer.axi_downsizer_inst/USE_WRITE.write_addr_inst/cmd_queue/inst/fifo_gen_inst/inst_fifo_gen/gconvfifo.rf/grf.rf/gntv_or_sync_fifo.mem/gdm.dm_gen.dm/RAM_reg_0_31_18_23/RAMB_D1
  -------------------------------------------------------------------
                         required time                          0.291    
                         arrival time                          -0.272    
  -------------------------------------------------------------------
                         slack                                  0.019    





Pulse Width Checks
--------------------------------------------------------------------------------------
Clock Name:         clk_25_SoC_clk_wiz_0_0
Waveform(ns):       { 0.000 20.000 }
Period(ns):         40.000
Sources:            { SoC_i/clk_wiz_0/inst/mmcm_adv_inst/CLKOUT0 }

Check Type        Corner  Lib Pin             Reference Pin  Required(ns)  Actual(ns)  Slack(ns)  Location         Pin
Min Period        n/a     RAMB36E1/CLKARDCLK  n/a            2.944         40.000      37.056     RAMB36_X4Y9      SoC_i/cpu_0/inst/i_cva6_wrapper/i_ariane/i_cva6/gen_cache_wt.i_cache_subsystem/i_cva6_icache/gen_sram[0].data_sram/data_sram/gen_cut[0].i_tc_sram_wrapper/i_ram/Mem_DP_reg_0/CLKARDCLK
Max Period        n/a     MMCME2_ADV/CLKOUT0  n/a            213.360       40.000      173.360    MMCME2_ADV_X1Y2  SoC_i/clk_wiz_0/inst/mmcm_adv_inst/CLKOUT0
Low Pulse Width   Slow    RAMD32/CLK          n/a            1.250         20.000      18.750     SLICE_X32Y28     SoC_i/cpu_0/inst/i_cva6_wrapper/i_ariane/i_cva6/gen_cache_wt.i_cache_subsystem/i_adapter/i_b_fifo/gen_fpga_queue.fifo_ram/mem_reg_0_3_0_4/RAMA/CLK
High Pulse Width  Slow    RAMD32/CLK          n/a            1.250         20.000      18.750     SLICE_X32Y28     SoC_i/cpu_0/inst/i_cva6_wrapper/i_ariane/i_cva6/gen_cache_wt.i_cache_subsystem/i_adapter/i_b_fifo/gen_fpga_queue.fifo_ram/mem_reg_0_3_0_4/RAMA/CLK



---------------------------------------------------------------------------------------------------
From Clock:  clk_50_SoC_clk_wiz_0_0
  To Clock:  clk_50_SoC_clk_wiz_0_0

Setup :            0  Failing Endpoints,  Worst Slack       11.722ns,  Total Violation        0.000ns
Hold  :            0  Failing Endpoints,  Worst Slack        0.064ns,  Total Violation        0.000ns
PW    :            0  Failing Endpoints,  Worst Slack        8.750ns,  Total Violation        0.000ns
---------------------------------------------------------------------------------------------------


Max Delay Paths
--------------------------------------------------------------------------------------
Slack (MET) :             11.722ns  (required time - arrival time)
  Source:                 SoC_i/axi_quad_spi_0/U0/NO_DUAL_QUAD_MODE.QSPI_NORMAL/QSPI_ENHANCED_MD_GEN.QSPI_CORE_INTERFACE_I/FIFO_EXISTS.CLK_CROSS_I/LOGIC_GENERATION_CDC.SPICR_3_CPOL_AX2S_1/GENERATE_LEVEL_P_S_CDC.SINGLE_BIT.CROSS_PLEVEL_IN2SCNDRY_s_level_out_d3/C
                            (rising edge-triggered cell FDRE clocked by clk_50_SoC_clk_wiz_0_0  {rise@0.000ns fall@10.000ns period=20.000ns})
  Destination:            SoC_i/axi_quad_spi_0/U0/NO_DUAL_QUAD_MODE.QSPI_NORMAL/QSPI_ENHANCED_MD_GEN.QSPI_CORE_INTERFACE_I/LOGIC_FOR_MD_0_GEN.SPI_MODULE_I/RATIO_NOT_EQUAL_4_GENERATE.SCK_O_NQ_4_NO_STARTUP_USED.SCK_O_NE_4_FDRE_INST/D
                            (rising edge-triggered cell FDRE clocked by clk_50_SoC_clk_wiz_0_0  {rise@0.000ns fall@10.000ns period=20.000ns})
  Path Group:             clk_50_SoC_clk_wiz_0_0
  Path Type:              Setup (Max at Slow Process Corner)
  Requirement:            20.000ns  (clk_50_SoC_clk_wiz_0_0 rise@20.000ns - clk_50_SoC_clk_wiz_0_0 rise@0.000ns)
  Data Path Delay:        7.360ns  (logic 0.715ns (9.715%)  route 6.645ns (90.285%))
  Logic Levels:           1  (LUT5=1)
  Clock Path Skew:        -0.004ns (DCD - SCD + CPR)
    Destination Clock Delay (DCD):    -1.505ns = ( 18.495 - 20.000 ) 
    Source Clock Delay      (SCD):    -1.048ns
    Clock Pessimism Removal (CPR):    0.452ns
  Clock Uncertainty:      0.080ns  ((TSJ^2 + DJ^2)^1/2) / 2 + PE
    Total System Jitter     (TSJ):    0.071ns
    Discrete Jitter          (DJ):    0.144ns
    Phase Error              (PE):    0.000ns

    Location             Delay type                Incr(ns)  Path(ns)    Netlist Resource(s)
  -------------------------------------------------------------------    -------------------
                         (clock clk_50_SoC_clk_wiz_0_0 rise edge)
                                                      0.000     0.000 r  
    H16                                               0.000     0.000 r  sys_clock (IN)
                         net (fo=0)                   0.000     0.000    SoC_i/clk_wiz_0/inst/clk_in1
    H16                  IBUF (Prop_ibuf_I_O)         1.451     1.451 r  SoC_i/clk_wiz_0/inst/clkin1_ibufg/O
                         net (fo=1, routed)           1.285     2.736    SoC_i/clk_wiz_0/inst/clk_in1_SoC_clk_wiz_0_0
    MMCME2_ADV_X1Y2      MMCME2_ADV (Prop_mmcme2_adv_CLKIN1_CLKOUT1)
                                                     -7.759    -5.023 r  SoC_i/clk_wiz_0/inst/mmcm_adv_inst/CLKOUT1
                         net (fo=2, routed)           2.206    -2.817    SoC_i/clk_wiz_0/inst/clk_50_SoC_clk_wiz_0_0
    BUFGCTRL_X0Y16       BUFGCTRL (Prop_bufgctrl_I0_O)
                                                      0.101    -2.716 r  SoC_i/clk_wiz_0/inst/clkout2_buf/O
                         net (fo=728, routed)         1.668    -1.048    SoC_i/axi_quad_spi_0/U0/NO_DUAL_QUAD_MODE.QSPI_NORMAL/QSPI_ENHANCED_MD_GEN.QSPI_CORE_INTERFACE_I/FIFO_EXISTS.CLK_CROSS_I/LOGIC_GENERATION_CDC.SPICR_3_CPOL_AX2S_1/ext_spi_clk
    SLICE_X43Y6          FDRE                                         r  SoC_i/axi_quad_spi_0/U0/NO_DUAL_QUAD_MODE.QSPI_NORMAL/QSPI_ENHANCED_MD_GEN.QSPI_CORE_INTERFACE_I/FIFO_EXISTS.CLK_CROSS_I/LOGIC_GENERATION_CDC.SPICR_3_CPOL_AX2S_1/GENERATE_LEVEL_P_S_CDC.SINGLE_BIT.CROSS_PLEVEL_IN2SCNDRY_s_level_out_d3/C
  -------------------------------------------------------------------    -------------------
    SLICE_X43Y6          FDRE (Prop_fdre_C_Q)         0.419    -0.629 r  SoC_i/axi_quad_spi_0/U0/NO_DUAL_QUAD_MODE.QSPI_NORMAL/QSPI_ENHANCED_MD_GEN.QSPI_CORE_INTERFACE_I/FIFO_EXISTS.CLK_CROSS_I/LOGIC_GENERATION_CDC.SPICR_3_CPOL_AX2S_1/GENERATE_LEVEL_P_S_CDC.SINGLE_BIT.CROSS_PLEVEL_IN2SCNDRY_s_level_out_d3/Q
                         net (fo=11, routed)          1.442     0.813    SoC_i/axi_quad_spi_0/U0/NO_DUAL_QUAD_MODE.QSPI_NORMAL/QSPI_ENHANCED_MD_GEN.QSPI_CORE_INTERFACE_I/LOGIC_FOR_MD_0_GEN.SPI_MODULE_I/RATIO_OF_2_GENERATE.sck_d11_reg_0
    SLICE_X47Y6          LUT5 (Prop_lut5_I0_O)        0.296     1.109 r  SoC_i/axi_quad_spi_0/U0/NO_DUAL_QUAD_MODE.QSPI_NORMAL/QSPI_ENHANCED_MD_GEN.QSPI_CORE_INTERFACE_I/LOGIC_FOR_MD_0_GEN.SPI_MODULE_I/RATIO_NOT_EQUAL_4_GENERATE.SCK_O_NQ_4_NO_STARTUP_USED.SCK_O_NE_4_FDRE_INST_i_2/O
                         net (fo=2, routed)           5.203     6.311    SoC_i/axi_quad_spi_0/U0/NO_DUAL_QUAD_MODE.QSPI_NORMAL/QSPI_ENHANCED_MD_GEN.QSPI_CORE_INTERFACE_I/LOGIC_FOR_MD_0_GEN.SPI_MODULE_I/RATIO_NOT_EQUAL_4_GENERATE.SCK_O_NQ_4_NO_STARTUP_USED.SCK_O_NE_4_FDRE_INST_i_2_n_0
    OLOGIC_X1Y97         FDRE                                         r  SoC_i/axi_quad_spi_0/U0/NO_DUAL_QUAD_MODE.QSPI_NORMAL/QSPI_ENHANCED_MD_GEN.QSPI_CORE_INTERFACE_I/LOGIC_FOR_MD_0_GEN.SPI_MODULE_I/RATIO_NOT_EQUAL_4_GENERATE.SCK_O_NQ_4_NO_STARTUP_USED.SCK_O_NE_4_FDRE_INST/D
  -------------------------------------------------------------------    -------------------

                         (clock clk_50_SoC_clk_wiz_0_0 rise edge)
                                                     20.000    20.000 r  
    H16                                               0.000    20.000 r  sys_clock (IN)
                         net (fo=0)                   0.000    20.000    SoC_i/clk_wiz_0/inst/clk_in1
    H16                  IBUF (Prop_ibuf_I_O)         1.380    21.380 r  SoC_i/clk_wiz_0/inst/clkin1_ibufg/O
                         net (fo=1, routed)           1.162    22.542    SoC_i/clk_wiz_0/inst/clk_in1_SoC_clk_wiz_0_0
    MMCME2_ADV_X1Y2      MMCME2_ADV (Prop_mmcme2_adv_CLKIN1_CLKOUT1)
                                                     -7.814    14.728 r  SoC_i/clk_wiz_0/inst/mmcm_adv_inst/CLKOUT1
                         net (fo=2, routed)           2.012    16.740    SoC_i/clk_wiz_0/inst/clk_50_SoC_clk_wiz_0_0
    BUFGCTRL_X0Y16       BUFGCTRL (Prop_bufgctrl_I0_O)
                                                      0.091    16.831 r  SoC_i/clk_wiz_0/inst/clkout2_buf/O
                         net (fo=728, routed)         1.664    18.495    SoC_i/axi_quad_spi_0/U0/NO_DUAL_QUAD_MODE.QSPI_NORMAL/QSPI_ENHANCED_MD_GEN.QSPI_CORE_INTERFACE_I/LOGIC_FOR_MD_0_GEN.SPI_MODULE_I/ext_spi_clk
    OLOGIC_X1Y97         FDRE                                         r  SoC_i/axi_quad_spi_0/U0/NO_DUAL_QUAD_MODE.QSPI_NORMAL/QSPI_ENHANCED_MD_GEN.QSPI_CORE_INTERFACE_I/LOGIC_FOR_MD_0_GEN.SPI_MODULE_I/RATIO_NOT_EQUAL_4_GENERATE.SCK_O_NQ_4_NO_STARTUP_USED.SCK_O_NE_4_FDRE_INST/C
                         clock pessimism              0.452    18.948    
                         clock uncertainty           -0.080    18.868    
    OLOGIC_X1Y97         FDRE (Setup_fdre_C_D)       -0.834    18.034    SoC_i/axi_quad_spi_0/U0/NO_DUAL_QUAD_MODE.QSPI_NORMAL/QSPI_ENHANCED_MD_GEN.QSPI_CORE_INTERFACE_I/LOGIC_FOR_MD_0_GEN.SPI_MODULE_I/RATIO_NOT_EQUAL_4_GENERATE.SCK_O_NQ_4_NO_STARTUP_USED.SCK_O_NE_4_FDRE_INST
  -------------------------------------------------------------------
                         required time                         18.034    
                         arrival time                          -6.311    
  -------------------------------------------------------------------
                         slack                                 11.722    





Min Delay Paths
--------------------------------------------------------------------------------------
Slack (MET) :             0.064ns  (arrival time - required time)
  Source:                 SoC_i/axi_mem_intercon/s00_couplers/auto_pc/inst/gen_axi4_axi3.axi3_conv_inst/USE_READ.USE_SPLIT_R.read_addr_inst/USE_R_CHANNEL.cmd_queue/inst/fifo_gen_inst/inst_fifo_gen/gconvfifo.rf/grf.rf/gntv_or_sync_fifo.gl0.wr/wpntr/gcc0.gc0.count_d1_reg[1]/C
                            (rising edge-triggered cell FDCE clocked by clk_50_SoC_clk_wiz_0_0  {rise@0.000ns fall@10.000ns period=20.000ns})
  Destination:            SoC_i/axi_mem_intercon/s00_couplers/auto_pc/inst/gen_axi4_axi3.axi3_conv_inst/USE_READ.USE_SPLIT_R.read_addr_inst/USE_R_CHANNEL.cmd_queue/inst/fifo_gen_inst/inst_fifo_gen/gconvfifo.rf/grf.rf/gntv_or_sync_fifo.mem/gdm.dm_gen.dm/RAM_reg_0_31_0_0/DP/WADR1
                            (rising edge-triggered cell RAMD32 clocked by clk_50_SoC_clk_wiz_0_0  {rise@0.000ns fall@10.000ns period=20.000ns})
  Path Group:             clk_50_SoC_clk_wiz_0_0
  Path Type:              Hold (Min at Fast Process Corner)
  Requirement:            0.000ns  (clk_50_SoC_clk_wiz_0_0 rise@0.000ns - clk_50_SoC_clk_wiz_0_0 rise@0.000ns)
  Data Path Delay:        0.389ns  (logic 0.141ns (36.212%)  route 0.248ns (63.788%))
  Logic Levels:           0  
  Clock Path Skew:        0.016ns (DCD - SCD - CPR)
    Destination Clock Delay (DCD):    -0.844ns
    Source Clock Delay      (SCD):    -0.606ns
    Clock Pessimism Removal (CPR):    -0.254ns

    Location             Delay type                Incr(ns)  Path(ns)    Netlist Resource(s)
  -------------------------------------------------------------------    -------------------
                         (clock clk_50_SoC_clk_wiz_0_0 rise edge)
                                                      0.000     0.000 r  
    H16                                               0.000     0.000 r  sys_clock (IN)
                         net (fo=0)                   0.000     0.000    SoC_i/clk_wiz_0/inst/clk_in1
    H16                  IBUF (Prop_ibuf_I_O)         0.219     0.219 r  SoC_i/clk_wiz_0/inst/clkin1_ibufg/O
                         net (fo=1, routed)           0.440     0.659    SoC_i/clk_wiz_0/inst/clk_in1_SoC_clk_wiz_0_0
    MMCME2_ADV_X1Y2      MMCME2_ADV (Prop_mmcme2_adv_CLKIN1_CLKOUT1)
                                                     -2.613    -1.954 r  SoC_i/clk_wiz_0/inst/mmcm_adv_inst/CLKOUT1
                         net (fo=2, routed)           0.696    -1.257    SoC_i/clk_wiz_0/inst/clk_50_SoC_clk_wiz_0_0
    BUFGCTRL_X0Y16       BUFGCTRL (Prop_bufgctrl_I0_O)
                                                      0.026    -1.231 r  SoC_i/clk_wiz_0/inst/clkout2_buf/O
                         net (fo=728, routed)         0.626    -0.606    SoC_i/axi_mem_intercon/s00_couplers/auto_pc/inst/gen_axi4_axi3.axi3_conv_inst/USE_READ.USE_SPLIT_R.read_addr_inst/USE_R_CHANNEL.cmd_queue/inst/fifo_gen_inst/inst_fifo_gen/gconvfifo.rf/grf.rf/gntv_or_sync_fifo.gl0.wr/wpntr/clk
    SLICE_X1Y48          FDCE                                         r  SoC_i/axi_mem_intercon/s00_couplers/auto_pc/inst/gen_axi4_axi3.axi3_conv_inst/USE_READ.USE_SPLIT_R.read_addr_inst/USE_R_CHANNEL.cmd_queue/inst/fifo_gen_inst/inst_fifo_gen/gconvfifo.rf/grf.rf/gntv_or_sync_fifo.gl0.wr/wpntr/gcc0.gc0.count_d1_reg[1]/C
  -------------------------------------------------------------------    -------------------
    SLICE_X1Y48          FDCE (Prop_fdce_C_Q)         0.141    -0.465 r  SoC_i/axi_mem_intercon/s00_couplers/auto_pc/inst/gen_axi4_axi3.axi3_conv_inst/USE_READ.USE_SPLIT_R.read_addr_inst/USE_R_CHANNEL.cmd_queue/inst/fifo_gen_inst/inst_fifo_gen/gconvfifo.rf/grf.rf/gntv_or_sync_fifo.gl0.wr/wpntr/gcc0.gc0.count_d1_reg[1]/Q
                         net (fo=5, routed)           0.248    -0.216    SoC_i/axi_mem_intercon/s00_couplers/auto_pc/inst/gen_axi4_axi3.axi3_conv_inst/USE_READ.USE_SPLIT_R.read_addr_inst/USE_R_CHANNEL.cmd_queue/inst/fifo_gen_inst/inst_fifo_gen/gconvfifo.rf/grf.rf/gntv_or_sync_fifo.mem/gdm.dm_gen.dm/RAM_reg_0_31_0_0/A1
    SLICE_X2Y48          RAMD32                                       r  SoC_i/axi_mem_intercon/s00_couplers/auto_pc/inst/gen_axi4_axi3.axi3_conv_inst/USE_READ.USE_SPLIT_R.read_addr_inst/USE_R_CHANNEL.cmd_queue/inst/fifo_gen_inst/inst_fifo_gen/gconvfifo.rf/grf.rf/gntv_or_sync_fifo.mem/gdm.dm_gen.dm/RAM_reg_0_31_0_0/DP/WADR1
  -------------------------------------------------------------------    -------------------

                         (clock clk_50_SoC_clk_wiz_0_0 rise edge)
                                                      0.000     0.000 r  
    H16                                               0.000     0.000 r  sys_clock (IN)
                         net (fo=0)                   0.000     0.000    SoC_i/clk_wiz_0/inst/clk_in1
    H16                  IBUF (Prop_ibuf_I_O)         0.406     0.406 r  SoC_i/clk_wiz_0/inst/clkin1_ibufg/O
                         net (fo=1, routed)           0.480     0.886    SoC_i/clk_wiz_0/inst/clk_in1_SoC_clk_wiz_0_0
    MMCME2_ADV_X1Y2      MMCME2_ADV (Prop_mmcme2_adv_CLKIN1_CLKOUT1)
                                                     -3.407    -2.521 r  SoC_i/clk_wiz_0/inst/mmcm_adv_inst/CLKOUT1
                         net (fo=2, routed)           0.752    -1.769    SoC_i/clk_wiz_0/inst/clk_50_SoC_clk_wiz_0_0
    BUFGCTRL_X0Y16       BUFGCTRL (Prop_bufgctrl_I0_O)
                                                      0.029    -1.740 r  SoC_i/clk_wiz_0/inst/clkout2_buf/O
                         net (fo=728, routed)         0.896    -0.844    SoC_i/axi_mem_intercon/s00_couplers/auto_pc/inst/gen_axi4_axi3.axi3_conv_inst/USE_READ.USE_SPLIT_R.read_addr_inst/USE_R_CHANNEL.cmd_queue/inst/fifo_gen_inst/inst_fifo_gen/gconvfifo.rf/grf.rf/gntv_or_sync_fifo.mem/gdm.dm_gen.dm/RAM_reg_0_31_0_0/WCLK
    SLICE_X2Y48          RAMD32                                       r  SoC_i/axi_mem_intercon/s00_couplers/auto_pc/inst/gen_axi4_axi3.axi3_conv_inst/USE_READ.USE_SPLIT_R.read_addr_inst/USE_R_CHANNEL.cmd_queue/inst/fifo_gen_inst/inst_fifo_gen/gconvfifo.rf/grf.rf/gntv_or_sync_fifo.mem/gdm.dm_gen.dm/RAM_reg_0_31_0_0/DP/CLK
                         clock pessimism              0.254    -0.590    
    SLICE_X2Y48          RAMD32 (Hold_ramd32_CLK_WADR1)
                                                      0.309    -0.281    SoC_i/axi_mem_intercon/s00_couplers/auto_pc/inst/gen_axi4_axi3.axi3_conv_inst/USE_READ.USE_SPLIT_R.read_addr_inst/USE_R_CHANNEL.cmd_queue/inst/fifo_gen_inst/inst_fifo_gen/gconvfifo.rf/grf.rf/gntv_or_sync_fifo.mem/gdm.dm_gen.dm/RAM_reg_0_31_0_0/DP
  -------------------------------------------------------------------
                         required time                          0.281    
                         arrival time                          -0.216    
  -------------------------------------------------------------------
                         slack                                  0.064    





Pulse Width Checks
--------------------------------------------------------------------------------------
Clock Name:         clk_50_SoC_clk_wiz_0_0
Waveform(ns):       { 0.000 10.000 }
Period(ns):         20.000
Sources:            { SoC_i/clk_wiz_0/inst/mmcm_adv_inst/CLKOUT1 }

Check Type        Corner  Lib Pin             Reference Pin  Required(ns)  Actual(ns)  Slack(ns)  Location         Pin
Min Period        n/a     RAMB18E1/CLKARDCLK  n/a            2.576         20.000      17.424     RAMB18_X3Y0      SoC_i/axi_quad_spi_0/U0/NO_DUAL_QUAD_MODE.QSPI_NORMAL/QSPI_ENHANCED_MD_GEN.QSPI_CORE_INTERFACE_I/FIFO_EXISTS.RX_FIFO_II/gnuram_async_fifo.xpm_fifo_base_inst/gen_sdpram.xpm_memory_base_inst/gen_wr_a.gen_word_narrow.mem_reg/CLKARDCLK
Max Period        n/a     MMCME2_ADV/CLKOUT1  n/a            213.360       20.000      193.360    MMCME2_ADV_X1Y2  SoC_i/clk_wiz_0/inst/mmcm_adv_inst/CLKOUT1
Low Pulse Width   Slow    RAMD32/CLK          n/a            1.250         10.000      8.750      SLICE_X2Y48      SoC_i/axi_mem_intercon/s00_couplers/auto_pc/inst/gen_axi4_axi3.axi3_conv_inst/USE_READ.USE_SPLIT_R.read_addr_inst/USE_R_CHANNEL.cmd_queue/inst/fifo_gen_inst/inst_fifo_gen/gconvfifo.rf/grf.rf/gntv_or_sync_fifo.mem/gdm.dm_gen.dm/RAM_reg_0_31_0_0/DP/CLK
High Pulse Width  Slow    RAMD32/CLK          n/a            1.250         10.000      8.750      SLICE_X2Y48      SoC_i/axi_mem_intercon/s00_couplers/auto_pc/inst/gen_axi4_axi3.axi3_conv_inst/USE_READ.USE_SPLIT_R.read_addr_inst/USE_R_CHANNEL.cmd_queue/inst/fifo_gen_inst/inst_fifo_gen/gconvfifo.rf/grf.rf/gntv_or_sync_fifo.mem/gdm.dm_gen.dm/RAM_reg_0_31_0_0/DP/CLK



---------------------------------------------------------------------------------------------------
From Clock:  clkfbout_SoC_clk_wiz_0_0
  To Clock:  clkfbout_SoC_clk_wiz_0_0

Setup :           NA  Failing Endpoints,  Worst Slack           NA  ,  Total Violation           NA
Hold  :           NA  Failing Endpoints,  Worst Slack           NA  ,  Total Violation           NA
PW    :            0  Failing Endpoints,  Worst Slack        5.845ns,  Total Violation        0.000ns
---------------------------------------------------------------------------------------------------


Pulse Width Checks
--------------------------------------------------------------------------------------
Clock Name:         clkfbout_SoC_clk_wiz_0_0
Waveform(ns):       { 0.000 4.000 }
Period(ns):         8.000
Sources:            { SoC_i/clk_wiz_0/inst/mmcm_adv_inst/CLKFBOUT }

Check Type  Corner  Lib Pin             Reference Pin  Required(ns)  Actual(ns)  Slack(ns)  Location         Pin
Min Period  n/a     BUFG/I              n/a            2.155         8.000       5.845      BUFGCTRL_X0Y18   SoC_i/clk_wiz_0/inst/clkf_buf/I
Max Period  n/a     MMCME2_ADV/CLKFBIN  n/a            100.000       8.000       92.000     MMCME2_ADV_X1Y2  SoC_i/clk_wiz_0/inst/mmcm_adv_inst/CLKFBIN



---------------------------------------------------------------------------------------------------
From Clock:  clk_50_SoC_clk_wiz_0_0
  To Clock:  clk_25_SoC_clk_wiz_0_0

Setup :            0  Failing Endpoints,  Worst Slack       10.891ns,  Total Violation        0.000ns
Hold  :            0  Failing Endpoints,  Worst Slack        0.071ns,  Total Violation        0.000ns
---------------------------------------------------------------------------------------------------


Max Delay Paths
--------------------------------------------------------------------------------------
Slack (MET) :             10.891ns  (required time - arrival time)
  Source:                 SoC_i/processing_system7_0/inst/PS7_i/SAXIHP0ACLK
                            (rising edge-triggered cell PS7 clocked by clk_50_SoC_clk_wiz_0_0  {rise@0.000ns fall@10.000ns period=20.000ns})
  Destination:            SoC_i/northbridge/axi_interconnect_0/m00_couplers/auto_cc/inst/gen_clock_conv.gen_sync_conv.gen_conv_write_ch.w_sync_clock_converter/gen_sync_clock_converter.m_tpayload_r_reg[51]/CE
                            (rising edge-triggered cell FDRE clocked by clk_25_SoC_clk_wiz_0_0  {rise@0.000ns fall@20.000ns period=40.000ns})
  Path Group:             clk_25_SoC_clk_wiz_0_0
  Path Type:              Setup (Max at Slow Process Corner)
  Requirement:            20.000ns  (clk_25_SoC_clk_wiz_0_0 rise@40.000ns - clk_50_SoC_clk_wiz_0_0 rise@20.000ns)
  Data Path Delay:        8.025ns  (logic 1.783ns (22.217%)  route 6.242ns (77.783%))
  Logic Levels:           2  (LUT3=1 LUT4=1)
  Clock Path Skew:        -0.445ns (DCD - SCD + CPR)
    Destination Clock Delay (DCD):    -1.589ns = ( 38.411 - 40.000 ) 
    Source Clock Delay      (SCD):    -0.896ns = ( 19.104 - 20.000 ) 
    Clock Pessimism Removal (CPR):    0.249ns
  Clock Uncertainty:      0.210ns  ((TSJ^2 + DJ^2)^1/2) / 2 + PE
    Total System Jitter     (TSJ):    0.071ns
    Discrete Jitter          (DJ):    0.165ns
    Phase Error              (PE):    0.120ns

    Location             Delay type                Incr(ns)  Path(ns)    Netlist Resource(s)
  -------------------------------------------------------------------    -------------------
                         (clock clk_50_SoC_clk_wiz_0_0 rise edge)
                                                     20.000    20.000 r  
    H16                                               0.000    20.000 r  sys_clock (IN)
                         net (fo=0)                   0.000    20.000    SoC_i/clk_wiz_0/inst/clk_in1
    H16                  IBUF (Prop_ibuf_I_O)         1.451    21.451 r  SoC_i/clk_wiz_0/inst/clkin1_ibufg/O
                         net (fo=1, routed)           1.285    22.736    SoC_i/clk_wiz_0/inst/clk_in1_SoC_clk_wiz_0_0
    MMCME2_ADV_X1Y2      MMCME2_ADV (Prop_mmcme2_adv_CLKIN1_CLKOUT1)
                                                     -7.759    14.977 r  SoC_i/clk_wiz_0/inst/mmcm_adv_inst/CLKOUT1
                         net (fo=2, routed)           2.206    17.183    SoC_i/clk_wiz_0/inst/clk_50_SoC_clk_wiz_0_0
    BUFGCTRL_X0Y16       BUFGCTRL (Prop_bufgctrl_I0_O)
                                                      0.101    17.284 r  SoC_i/clk_wiz_0/inst/clkout2_buf/O
                         net (fo=728, routed)         1.820    19.104    SoC_i/processing_system7_0/inst/S_AXI_HP0_ACLK
    PS7_X0Y0             PS7                                          r  SoC_i/processing_system7_0/inst/PS7_i/SAXIHP0ACLK
  -------------------------------------------------------------------    -------------------
    PS7_X0Y0             PS7 (Prop_ps7_SAXIHP0ACLK_SAXIHP0WREADY)
                                                      1.277    20.381 r  SoC_i/processing_system7_0/inst/PS7_i/SAXIHP0WREADY
                         net (fo=4, routed)           1.988    22.369    SoC_i/axi_mem_intercon/s00_couplers/auto_pc/inst/gen_axi4_axi3.axi3_conv_inst/USE_WRITE.write_addr_inst/USE_BURSTS.cmd_queue/inst/m_axi_wready
    SLICE_X11Y49         LUT3 (Prop_lut3_I0_O)        0.152    22.521 r  SoC_i/axi_mem_intercon/s00_couplers/auto_pc/inst/gen_axi4_axi3.axi3_conv_inst/USE_WRITE.write_addr_inst/USE_BURSTS.cmd_queue/inst/s_axi_wready_INST_0/O
                         net (fo=86, routed)          2.183    24.703    SoC_i/northbridge/axi_interconnect_0/m00_couplers/auto_cc/inst/gen_clock_conv.gen_sync_conv.gen_conv_write_ch.w_sync_clock_converter/m_axi_wready
    SLICE_X4Y43          LUT4 (Prop_lut4_I1_O)        0.354    25.057 r  SoC_i/northbridge/axi_interconnect_0/m00_couplers/auto_cc/inst/gen_clock_conv.gen_sync_conv.gen_conv_write_ch.w_sync_clock_converter/gen_sync_clock_converter.m_tpayload_r[73]_i_1/O
                         net (fo=72, routed)          2.072    27.129    SoC_i/northbridge/axi_interconnect_0/m00_couplers/auto_cc/inst/gen_clock_conv.gen_sync_conv.gen_conv_write_ch.w_sync_clock_converter/gen_sync_clock_converter.load_tpayload
    SLICE_X13Y42         FDRE                                         r  SoC_i/northbridge/axi_interconnect_0/m00_couplers/auto_cc/inst/gen_clock_conv.gen_sync_conv.gen_conv_write_ch.w_sync_clock_converter/gen_sync_clock_converter.m_tpayload_r_reg[51]/CE
  -------------------------------------------------------------------    -------------------

                         (clock clk_25_SoC_clk_wiz_0_0 rise edge)
                                                     40.000    40.000 r  
    H16                                               0.000    40.000 r  sys_clock (IN)
                         net (fo=0)                   0.000    40.000    SoC_i/clk_wiz_0/inst/clk_in1
    H16                  IBUF (Prop_ibuf_I_O)         1.380    41.380 r  SoC_i/clk_wiz_0/inst/clkin1_ibufg/O
                         net (fo=1, routed)           1.162    42.542    SoC_i/clk_wiz_0/inst/clk_in1_SoC_clk_wiz_0_0
    MMCME2_ADV_X1Y2      MMCME2_ADV (Prop_mmcme2_adv_CLKIN1_CLKOUT0)
                                                     -7.814    34.728 r  SoC_i/clk_wiz_0/inst/mmcm_adv_inst/CLKOUT0
                         net (fo=2, routed)           2.012    36.740    SoC_i/clk_wiz_0/inst/clk_25_SoC_clk_wiz_0_0
    BUFGCTRL_X0Y17       BUFGCTRL (Prop_bufgctrl_I0_O)
                                                      0.091    36.831 r  SoC_i/clk_wiz_0/inst/clkout1_buf/O
                         net (fo=24130, routed)       1.579    38.411    SoC_i/northbridge/axi_interconnect_0/m00_couplers/auto_cc/inst/gen_clock_conv.gen_sync_conv.gen_conv_write_ch.w_sync_clock_converter/out
    SLICE_X13Y42         FDRE                                         r  SoC_i/northbridge/axi_interconnect_0/m00_couplers/auto_cc/inst/gen_clock_conv.gen_sync_conv.gen_conv_write_ch.w_sync_clock_converter/gen_sync_clock_converter.m_tpayload_r_reg[51]/C
                         clock pessimism              0.249    38.659    
                         clock uncertainty           -0.210    38.449    
    SLICE_X13Y42         FDRE (Setup_fdre_C_CE)      -0.429    38.020    SoC_i/northbridge/axi_interconnect_0/m00_couplers/auto_cc/inst/gen_clock_conv.gen_sync_conv.gen_conv_write_ch.w_sync_clock_converter/gen_sync_clock_converter.m_tpayload_r_reg[51]
  -------------------------------------------------------------------
                         required time                         38.020    
                         arrival time                         -27.129    
  -------------------------------------------------------------------
                         slack                                 10.891    





Min Delay Paths
--------------------------------------------------------------------------------------
Slack (MET) :             0.071ns  (arrival time - required time)
  Source:                 SoC_i/northbridge/axi_interconnect_0/m00_couplers/auto_cc/inst/gen_clock_conv.gen_sync_conv.gen_conv_write_ch.w_sync_clock_converter/gen_sync_clock_converter.m_tready_hold_reg/C
                            (rising edge-triggered cell FDRE clocked by clk_50_SoC_clk_wiz_0_0  {rise@0.000ns fall@10.000ns period=20.000ns})
  Destination:            SoC_i/northbridge/axi_interconnect_0/m00_couplers/auto_cc/inst/gen_clock_conv.gen_sync_conv.gen_conv_write_ch.w_sync_clock_converter/gen_sync_clock_converter.m_tpayload_r_reg[40]/CE
                            (rising edge-triggered cell FDRE clocked by clk_25_SoC_clk_wiz_0_0  {rise@0.000ns fall@20.000ns period=40.000ns})
  Path Group:             clk_25_SoC_clk_wiz_0_0
  Path Type:              Hold (Min at Fast Process Corner)
  Requirement:            0.000ns  (clk_25_SoC_clk_wiz_0_0 rise@0.000ns - clk_50_SoC_clk_wiz_0_0 rise@0.000ns)
  Data Path Delay:        0.520ns  (logic 0.188ns (36.183%)  route 0.332ns (63.817%))
  Logic Levels:           1  (LUT4=1)
  Clock Path Skew:        0.328ns (DCD - SCD - CPR)
    Destination Clock Delay (DCD):    -0.846ns
    Source Clock Delay      (SCD):    -0.607ns
    Clock Pessimism Removal (CPR):    -0.567ns
  Clock Uncertainty:      0.210ns  ((TSJ^2 + DJ^2)^1/2) / 2 + PE
    Total System Jitter     (TSJ):    0.071ns
    Discrete Jitter          (DJ):    0.165ns
    Phase Error              (PE):    0.120ns

    Location             Delay type                Incr(ns)  Path(ns)    Netlist Resource(s)
  -------------------------------------------------------------------    -------------------
                         (clock clk_50_SoC_clk_wiz_0_0 rise edge)
                                                      0.000     0.000 r  
    H16                                               0.000     0.000 r  sys_clock (IN)
                         net (fo=0)                   0.000     0.000    SoC_i/clk_wiz_0/inst/clk_in1
    H16                  IBUF (Prop_ibuf_I_O)         0.219     0.219 r  SoC_i/clk_wiz_0/inst/clkin1_ibufg/O
                         net (fo=1, routed)           0.440     0.659    SoC_i/clk_wiz_0/inst/clk_in1_SoC_clk_wiz_0_0
    MMCME2_ADV_X1Y2      MMCME2_ADV (Prop_mmcme2_adv_CLKIN1_CLKOUT1)
                                                     -2.613    -1.954 r  SoC_i/clk_wiz_0/inst/mmcm_adv_inst/CLKOUT1
                         net (fo=2, routed)           0.696    -1.257    SoC_i/clk_wiz_0/inst/clk_50_SoC_clk_wiz_0_0
    BUFGCTRL_X0Y16       BUFGCTRL (Prop_bufgctrl_I0_O)
                                                      0.026    -1.231 r  SoC_i/clk_wiz_0/inst/clkout2_buf/O
                         net (fo=728, routed)         0.625    -0.607    SoC_i/northbridge/axi_interconnect_0/m00_couplers/auto_cc/inst/gen_clock_conv.gen_sync_conv.gen_conv_write_ch.w_sync_clock_converter/gen_sync_clock_converter.m_tready_hold_reg_1
    SLICE_X5Y43          FDRE                                         r  SoC_i/northbridge/axi_interconnect_0/m00_couplers/auto_cc/inst/gen_clock_conv.gen_sync_conv.gen_conv_write_ch.w_sync_clock_converter/gen_sync_clock_converter.m_tready_hold_reg/C
  -------------------------------------------------------------------    -------------------
    SLICE_X5Y43          FDRE (Prop_fdre_C_Q)         0.141    -0.466 r  SoC_i/northbridge/axi_interconnect_0/m00_couplers/auto_cc/inst/gen_clock_conv.gen_sync_conv.gen_conv_write_ch.w_sync_clock_converter/gen_sync_clock_converter.m_tready_hold_reg/Q
                         net (fo=77, routed)          0.165    -0.301    SoC_i/northbridge/axi_interconnect_0/m00_couplers/auto_cc/inst/gen_clock_conv.gen_sync_conv.gen_conv_write_ch.w_sync_clock_converter/gen_sync_clock_converter.m_tready_hold
    SLICE_X4Y43          LUT4 (Prop_lut4_I2_O)        0.047    -0.254 r  SoC_i/northbridge/axi_interconnect_0/m00_couplers/auto_cc/inst/gen_clock_conv.gen_sync_conv.gen_conv_write_ch.w_sync_clock_converter/gen_sync_clock_converter.m_tpayload_r[73]_i_1/O
                         net (fo=72, routed)          0.167    -0.087    SoC_i/northbridge/axi_interconnect_0/m00_couplers/auto_cc/inst/gen_clock_conv.gen_sync_conv.gen_conv_write_ch.w_sync_clock_converter/gen_sync_clock_converter.load_tpayload
    SLICE_X6Y43          FDRE                                         r  SoC_i/northbridge/axi_interconnect_0/m00_couplers/auto_cc/inst/gen_clock_conv.gen_sync_conv.gen_conv_write_ch.w_sync_clock_converter/gen_sync_clock_converter.m_tpayload_r_reg[40]/CE
  -------------------------------------------------------------------    -------------------

                         (clock clk_25_SoC_clk_wiz_0_0 rise edge)
                                                      0.000     0.000 r  
    H16                                               0.000     0.000 r  sys_clock (IN)
                         net (fo=0)                   0.000     0.000    SoC_i/clk_wiz_0/inst/clk_in1
    H16                  IBUF (Prop_ibuf_I_O)         0.406     0.406 r  SoC_i/clk_wiz_0/inst/clkin1_ibufg/O
                         net (fo=1, routed)           0.480     0.886    SoC_i/clk_wiz_0/inst/clk_in1_SoC_clk_wiz_0_0
    MMCME2_ADV_X1Y2      MMCME2_ADV (Prop_mmcme2_adv_CLKIN1_CLKOUT0)
                                                     -3.407    -2.521 r  SoC_i/clk_wiz_0/inst/mmcm_adv_inst/CLKOUT0
                         net (fo=2, routed)           0.752    -1.769    SoC_i/clk_wiz_0/inst/clk_25_SoC_clk_wiz_0_0
    BUFGCTRL_X0Y17       BUFGCTRL (Prop_bufgctrl_I0_O)
                                                      0.029    -1.740 r  SoC_i/clk_wiz_0/inst/clkout1_buf/O
                         net (fo=24130, routed)       0.894    -0.846    SoC_i/northbridge/axi_interconnect_0/m00_couplers/auto_cc/inst/gen_clock_conv.gen_sync_conv.gen_conv_write_ch.w_sync_clock_converter/out
    SLICE_X6Y43          FDRE                                         r  SoC_i/northbridge/axi_interconnect_0/m00_couplers/auto_cc/inst/gen_clock_conv.gen_sync_conv.gen_conv_write_ch.w_sync_clock_converter/gen_sync_clock_converter.m_tpayload_r_reg[40]/C
                         clock pessimism              0.567    -0.279    
                         clock uncertainty            0.210    -0.069    
    SLICE_X6Y43          FDRE (Hold_fdre_C_CE)       -0.089    -0.158    SoC_i/northbridge/axi_interconnect_0/m00_couplers/auto_cc/inst/gen_clock_conv.gen_sync_conv.gen_conv_write_ch.w_sync_clock_converter/gen_sync_clock_converter.m_tpayload_r_reg[40]
  -------------------------------------------------------------------
                         required time                          0.158    
                         arrival time                          -0.087    
  -------------------------------------------------------------------
                         slack                                  0.071    





---------------------------------------------------------------------------------------------------
From Clock:  clk_25_SoC_clk_wiz_0_0
  To Clock:  clk_50_SoC_clk_wiz_0_0

Setup :            0  Failing Endpoints,  Worst Slack       12.296ns,  Total Violation        0.000ns
Hold  :            0  Failing Endpoints,  Worst Slack        0.119ns,  Total Violation        0.000ns
---------------------------------------------------------------------------------------------------


Max Delay Paths
--------------------------------------------------------------------------------------
Slack (MET) :             12.296ns  (required time - arrival time)
  Source:                 SoC_i/cpu_reset_gen25/U0/ACTIVE_LOW_PR_OUT_DFF[0].FDRE_PER_N/C
                            (rising edge-triggered cell FDRE clocked by clk_25_SoC_clk_wiz_0_0  {rise@0.000ns fall@20.000ns period=40.000ns})
  Destination:            SoC_i/axi_mem_intercon/s00_couplers/auto_pc/inst/gen_axi4_axi3.axi3_conv_inst/USE_WRITE.write_addr_inst/USE_B_CHANNEL.cmd_b_depth_reg[4]/R
                            (rising edge-triggered cell FDRE clocked by clk_50_SoC_clk_wiz_0_0  {rise@0.000ns fall@10.000ns period=20.000ns})
  Path Group:             clk_50_SoC_clk_wiz_0_0
  Path Type:              Setup (Max at Slow Process Corner)
  Requirement:            20.000ns  (clk_50_SoC_clk_wiz_0_0 rise@20.000ns - clk_25_SoC_clk_wiz_0_0 rise@0.000ns)
  Data Path Delay:        6.250ns  (logic 0.606ns (9.696%)  route 5.644ns (90.304%))
  Logic Levels:           1  (LUT1=1)
  Clock Path Skew:        -0.518ns (DCD - SCD + CPR)
    Destination Clock Delay (DCD):    -1.648ns = ( 18.352 - 20.000 ) 
    Source Clock Delay      (SCD):    -0.881ns
    Clock Pessimism Removal (CPR):    0.249ns
  Clock Uncertainty:      0.210ns  ((TSJ^2 + DJ^2)^1/2) / 2 + PE
    Total System Jitter     (TSJ):    0.071ns
    Discrete Jitter          (DJ):    0.165ns
    Phase Error              (PE):    0.120ns

    Location             Delay type                Incr(ns)  Path(ns)    Netlist Resource(s)
  -------------------------------------------------------------------    -------------------
                         (clock clk_25_SoC_clk_wiz_0_0 rise edge)
                                                      0.000     0.000 r  
    H16                                               0.000     0.000 r  sys_clock (IN)
                         net (fo=0)                   0.000     0.000    SoC_i/clk_wiz_0/inst/clk_in1
    H16                  IBUF (Prop_ibuf_I_O)         1.451     1.451 r  SoC_i/clk_wiz_0/inst/clkin1_ibufg/O
                         net (fo=1, routed)           1.285     2.736    SoC_i/clk_wiz_0/inst/clk_in1_SoC_clk_wiz_0_0
    MMCME2_ADV_X1Y2      MMCME2_ADV (Prop_mmcme2_adv_CLKIN1_CLKOUT0)
                                                     -7.759    -5.023 r  SoC_i/clk_wiz_0/inst/mmcm_adv_inst/CLKOUT0
                         net (fo=2, routed)           2.206    -2.817    SoC_i/clk_wiz_0/inst/clk_25_SoC_clk_wiz_0_0
    BUFGCTRL_X0Y17       BUFGCTRL (Prop_bufgctrl_I0_O)
                                                      0.101    -2.716 r  SoC_i/clk_wiz_0/inst/clkout1_buf/O
                         net (fo=24130, routed)       1.835    -0.881    SoC_i/cpu_reset_gen25/U0/slowest_sync_clk
    SLICE_X5Y40          FDRE                                         r  SoC_i/cpu_reset_gen25/U0/ACTIVE_LOW_PR_OUT_DFF[0].FDRE_PER_N/C
  -------------------------------------------------------------------    -------------------
    SLICE_X5Y40          FDRE (Prop_fdre_C_Q)         0.456    -0.425 f  SoC_i/cpu_reset_gen25/U0/ACTIVE_LOW_PR_OUT_DFF[0].FDRE_PER_N/Q
                         net (fo=46, routed)          1.991     1.566    SoC_i/axi_mem_intercon/s00_couplers/auto_pc/inst/gen_axi4_axi3.axi3_conv_inst/USE_WRITE.write_addr_inst/USE_BURSTS.cmd_queue/inst/aresetn
    SLICE_X21Y48         LUT1 (Prop_lut1_I0_O)        0.150     1.716 r  SoC_i/axi_mem_intercon/s00_couplers/auto_pc/inst/gen_axi4_axi3.axi3_conv_inst/USE_WRITE.write_addr_inst/USE_BURSTS.cmd_queue/inst/S_AXI_AREADY_I_i_1/O
                         net (fo=284, routed)         3.653     5.368    SoC_i/axi_mem_intercon/s00_couplers/auto_pc/inst/gen_axi4_axi3.axi3_conv_inst/USE_WRITE.write_addr_inst/SR[0]
    SLICE_X26Y53         FDRE                                         r  SoC_i/axi_mem_intercon/s00_couplers/auto_pc/inst/gen_axi4_axi3.axi3_conv_inst/USE_WRITE.write_addr_inst/USE_B_CHANNEL.cmd_b_depth_reg[4]/R
  -------------------------------------------------------------------    -------------------

                         (clock clk_50_SoC_clk_wiz_0_0 rise edge)
                                                     20.000    20.000 r  
    H16                                               0.000    20.000 r  sys_clock (IN)
                         net (fo=0)                   0.000    20.000    SoC_i/clk_wiz_0/inst/clk_in1
    H16                  IBUF (Prop_ibuf_I_O)         1.380    21.380 r  SoC_i/clk_wiz_0/inst/clkin1_ibufg/O
                         net (fo=1, routed)           1.162    22.542    SoC_i/clk_wiz_0/inst/clk_in1_SoC_clk_wiz_0_0
    MMCME2_ADV_X1Y2      MMCME2_ADV (Prop_mmcme2_adv_CLKIN1_CLKOUT1)
                                                     -7.814    14.728 r  SoC_i/clk_wiz_0/inst/mmcm_adv_inst/CLKOUT1
                         net (fo=2, routed)           2.012    16.740    SoC_i/clk_wiz_0/inst/clk_50_SoC_clk_wiz_0_0
    BUFGCTRL_X0Y16       BUFGCTRL (Prop_bufgctrl_I0_O)
                                                      0.091    16.831 r  SoC_i/clk_wiz_0/inst/clkout2_buf/O
                         net (fo=728, routed)         1.521    18.352    SoC_i/axi_mem_intercon/s00_couplers/auto_pc/inst/gen_axi4_axi3.axi3_conv_inst/USE_WRITE.write_addr_inst/aclk
    SLICE_X26Y53         FDRE                                         r  SoC_i/axi_mem_intercon/s00_couplers/auto_pc/inst/gen_axi4_axi3.axi3_conv_inst/USE_WRITE.write_addr_inst/USE_B_CHANNEL.cmd_b_depth_reg[4]/C
                         clock pessimism              0.249    18.601    
                         clock uncertainty           -0.210    18.391    
    SLICE_X26Y53         FDRE (Setup_fdre_C_R)       -0.726    17.665    SoC_i/axi_mem_intercon/s00_couplers/auto_pc/inst/gen_axi4_axi3.axi3_conv_inst/USE_WRITE.write_addr_inst/USE_B_CHANNEL.cmd_b_depth_reg[4]
  -------------------------------------------------------------------
                         required time                         17.665    
                         arrival time                          -5.368    
  -------------------------------------------------------------------
                         slack                                 12.296    





Min Delay Paths
--------------------------------------------------------------------------------------
Slack (MET) :             0.119ns  (arrival time - required time)
  Source:                 SoC_i/northbridge/axi_interconnect_0/m00_couplers/auto_cc/inst/gen_clock_conv.gen_sync_conv.gen_conv_write_ch.aw_sync_clock_converter/gen_sync_clock_converter.m_tpayload_r_reg[61]/C
                            (rising edge-triggered cell FDRE clocked by clk_25_SoC_clk_wiz_0_0  {rise@0.000ns fall@20.000ns period=40.000ns})
  Destination:            SoC_i/axi_mem_intercon/s00_couplers/auto_pc/inst/gen_axi4_axi3.axi3_conv_inst/USE_WRITE.write_addr_inst/S_AXI_AADDR_Q_reg[31]/D
                            (rising edge-triggered cell FDRE clocked by clk_50_SoC_clk_wiz_0_0  {rise@0.000ns fall@10.000ns period=20.000ns})
  Path Group:             clk_50_SoC_clk_wiz_0_0
  Path Type:              Hold (Min at Fast Process Corner)
  Requirement:            0.000ns  (clk_50_SoC_clk_wiz_0_0 rise@0.000ns - clk_25_SoC_clk_wiz_0_0 rise@0.000ns)
  Data Path Delay:        0.792ns  (logic 0.297ns (37.488%)  route 0.495ns (62.512%))
  Logic Levels:           2  (CARRY4=1 LUT1=1)
  Clock Path Skew:        0.329ns (DCD - SCD - CPR)
    Destination Clock Delay (DCD):    -0.874ns
    Source Clock Delay      (SCD):    -0.636ns
    Clock Pessimism Removal (CPR):    -0.567ns
  Clock Uncertainty:      0.210ns  ((TSJ^2 + DJ^2)^1/2) / 2 + PE
    Total System Jitter     (TSJ):    0.071ns
    Discrete Jitter          (DJ):    0.165ns
    Phase Error              (PE):    0.120ns

    Location             Delay type                Incr(ns)  Path(ns)    Netlist Resource(s)
  -------------------------------------------------------------------    -------------------
                         (clock clk_25_SoC_clk_wiz_0_0 rise edge)
                                                      0.000     0.000 r  
    H16                                               0.000     0.000 r  sys_clock (IN)
                         net (fo=0)                   0.000     0.000    SoC_i/clk_wiz_0/inst/clk_in1
    H16                  IBUF (Prop_ibuf_I_O)         0.219     0.219 r  SoC_i/clk_wiz_0/inst/clkin1_ibufg/O
                         net (fo=1, routed)           0.440     0.659    SoC_i/clk_wiz_0/inst/clk_in1_SoC_clk_wiz_0_0
    MMCME2_ADV_X1Y2      MMCME2_ADV (Prop_mmcme2_adv_CLKIN1_CLKOUT0)
                                                     -2.613    -1.954 r  SoC_i/clk_wiz_0/inst/mmcm_adv_inst/CLKOUT0
                         net (fo=2, routed)           0.696    -1.257    SoC_i/clk_wiz_0/inst/clk_25_SoC_clk_wiz_0_0
    BUFGCTRL_X0Y17       BUFGCTRL (Prop_bufgctrl_I0_O)
                                                      0.026    -1.231 r  SoC_i/clk_wiz_0/inst/clkout1_buf/O
                         net (fo=24130, routed)       0.596    -0.636    SoC_i/northbridge/axi_interconnect_0/m00_couplers/auto_cc/inst/gen_clock_conv.gen_sync_conv.gen_conv_write_ch.aw_sync_clock_converter/FSM_sequential_gen_sync_clock_converter.state_reg[0]_0
    SLICE_X17Y48         FDRE                                         r  SoC_i/northbridge/axi_interconnect_0/m00_couplers/auto_cc/inst/gen_clock_conv.gen_sync_conv.gen_conv_write_ch.aw_sync_clock_converter/gen_sync_clock_converter.m_tpayload_r_reg[61]/C
  -------------------------------------------------------------------    -------------------
    SLICE_X17Y48         FDRE (Prop_fdre_C_Q)         0.128    -0.508 f  SoC_i/northbridge/axi_interconnect_0/m00_couplers/auto_cc/inst/gen_clock_conv.gen_sync_conv.gen_conv_write_ch.aw_sync_clock_converter/gen_sync_clock_converter.m_tpayload_r_reg[61]/Q
                         net (fo=2, routed)           0.495    -0.012    SoC_i/ram_offset_to_zero_0/inst/s_axi_ram_awaddr[4]
    SLICE_X16Y48         LUT1 (Prop_lut1_I0_O)        0.099     0.087 r  SoC_i/ram_offset_to_zero_0/inst/m_axi_ram_awaddr[31]_INST_0_i_4/O
                         net (fo=1, routed)           0.000     0.087    SoC_i/ram_offset_to_zero_0/inst/m_axi_ram_awaddr[31]_INST_0_i_4_n_0
    SLICE_X16Y48         CARRY4 (Prop_carry4_S[0]_O[0])
                                                      0.070     0.157 r  SoC_i/ram_offset_to_zero_0/inst/m_axi_ram_awaddr[31]_INST_0/O[0]
                         net (fo=1, routed)           0.000     0.157    SoC_i/axi_mem_intercon/s00_couplers/auto_pc/inst/gen_axi4_axi3.axi3_conv_inst/USE_WRITE.write_addr_inst/s_axi_awaddr[31]
    SLICE_X16Y48         FDRE                                         r  SoC_i/axi_mem_intercon/s00_couplers/auto_pc/inst/gen_axi4_axi3.axi3_conv_inst/USE_WRITE.write_addr_inst/S_AXI_AADDR_Q_reg[31]/D
  -------------------------------------------------------------------    -------------------

                         (clock clk_50_SoC_clk_wiz_0_0 rise edge)
                                                      0.000     0.000 r  
    H16                                               0.000     0.000 r  sys_clock (IN)
                         net (fo=0)                   0.000     0.000    SoC_i/clk_wiz_0/inst/clk_in1
    H16                  IBUF (Prop_ibuf_I_O)         0.406     0.406 r  SoC_i/clk_wiz_0/inst/clkin1_ibufg/O
                         net (fo=1, routed)           0.480     0.886    SoC_i/clk_wiz_0/inst/clk_in1_SoC_clk_wiz_0_0
    MMCME2_ADV_X1Y2      MMCME2_ADV (Prop_mmcme2_adv_CLKIN1_CLKOUT1)
                                                     -3.407    -2.521 r  SoC_i/clk_wiz_0/inst/mmcm_adv_inst/CLKOUT1
                         net (fo=2, routed)           0.752    -1.769    SoC_i/clk_wiz_0/inst/clk_50_SoC_clk_wiz_0_0
    BUFGCTRL_X0Y16       BUFGCTRL (Prop_bufgctrl_I0_O)
                                                      0.029    -1.740 r  SoC_i/clk_wiz_0/inst/clkout2_buf/O
                         net (fo=728, routed)         0.866    -0.874    SoC_i/axi_mem_intercon/s00_couplers/auto_pc/inst/gen_axi4_axi3.axi3_conv_inst/USE_WRITE.write_addr_inst/aclk
    SLICE_X16Y48         FDRE                                         r  SoC_i/axi_mem_intercon/s00_couplers/auto_pc/inst/gen_axi4_axi3.axi3_conv_inst/USE_WRITE.write_addr_inst/S_AXI_AADDR_Q_reg[31]/C
                         clock pessimism              0.567    -0.307    
                         clock uncertainty            0.210    -0.097    
    SLICE_X16Y48         FDRE (Hold_fdre_C_D)         0.134     0.037    SoC_i/axi_mem_intercon/s00_couplers/auto_pc/inst/gen_axi4_axi3.axi3_conv_inst/USE_WRITE.write_addr_inst/S_AXI_AADDR_Q_reg[31]
  -------------------------------------------------------------------
                         required time                         -0.037    
                         arrival time                           0.157    
  -------------------------------------------------------------------
                         slack                                  0.119    





---------------------------------------------------------------------------------------------------
Path Group:  **async_default**
From Clock:  clk_25_SoC_clk_wiz_0_0
  To Clock:  clk_25_SoC_clk_wiz_0_0

Setup :            0  Failing Endpoints,  Worst Slack       25.346ns,  Total Violation        0.000ns
Hold  :            0  Failing Endpoints,  Worst Slack        0.244ns,  Total Violation        0.000ns
---------------------------------------------------------------------------------------------------


Max Delay Paths
--------------------------------------------------------------------------------------
Slack (MET) :             25.346ns  (required time - arrival time)
  Source:                 SoC_i/cpu_reset_gen25/U0/ACTIVE_LOW_PR_OUT_DFF[0].FDRE_PER_N/C
                            (rising edge-triggered cell FDRE clocked by clk_25_SoC_clk_wiz_0_0  {rise@0.000ns fall@20.000ns period=40.000ns})
  Destination:            SoC_i/cpu_0/inst/i_cva6_wrapper/i_ariane/i_cva6/ex_stage_i/fpu_gen.fpu_i/fpu_gen.i_fpnew_bulk/gen_operation_groups[1].i_opgroup_block/gen_merged_slice.i_multifmt_slice/gen_num_lanes[0].active_lane.lane_instance.i_fpnew_divsqrt_multi/i_divsqrt_lei/nrbd_nrsc_U0/control_U0/Partial_remainder_DP_reg[56]/CLR
                            (recovery check against rising-edge clock clk_25_SoC_clk_wiz_0_0  {rise@0.000ns fall@20.000ns period=40.000ns})
  Path Group:             **async_default**
  Path Type:              Recovery (Max at Slow Process Corner)
  Requirement:            40.000ns  (clk_25_SoC_clk_wiz_0_0 rise@40.000ns - clk_25_SoC_clk_wiz_0_0 rise@0.000ns)
  Data Path Delay:        14.108ns  (logic 0.580ns (4.111%)  route 13.528ns (95.889%))
  Logic Levels:           1  (LUT1=1)
  Clock Path Skew:        -0.051ns (DCD - SCD + CPR)
    Destination Clock Delay (DCD):    -1.385ns = ( 38.615 - 40.000 ) 
    Source Clock Delay      (SCD):    -0.881ns
    Clock Pessimism Removal (CPR):    0.452ns
  Clock Uncertainty:      0.090ns  ((TSJ^2 + DJ^2)^1/2) / 2 + PE
    Total System Jitter     (TSJ):    0.071ns
    Discrete Jitter          (DJ):    0.165ns
    Phase Error              (PE):    0.000ns

    Location             Delay type                Incr(ns)  Path(ns)    Netlist Resource(s)
  -------------------------------------------------------------------    -------------------
                         (clock clk_25_SoC_clk_wiz_0_0 rise edge)
                                                      0.000     0.000 r  
    H16                                               0.000     0.000 r  sys_clock (IN)
                         net (fo=0)                   0.000     0.000    SoC_i/clk_wiz_0/inst/clk_in1
    H16                  IBUF (Prop_ibuf_I_O)         1.451     1.451 r  SoC_i/clk_wiz_0/inst/clkin1_ibufg/O
                         net (fo=1, routed)           1.285     2.736    SoC_i/clk_wiz_0/inst/clk_in1_SoC_clk_wiz_0_0
    MMCME2_ADV_X1Y2      MMCME2_ADV (Prop_mmcme2_adv_CLKIN1_CLKOUT0)
                                                     -7.759    -5.023 r  SoC_i/clk_wiz_0/inst/mmcm_adv_inst/CLKOUT0
                         net (fo=2, routed)           2.206    -2.817    SoC_i/clk_wiz_0/inst/clk_25_SoC_clk_wiz_0_0
    BUFGCTRL_X0Y17       BUFGCTRL (Prop_bufgctrl_I0_O)
                                                      0.101    -2.716 r  SoC_i/clk_wiz_0/inst/clkout1_buf/O
                         net (fo=24130, routed)       1.835    -0.881    SoC_i/cpu_reset_gen25/U0/slowest_sync_clk
    SLICE_X5Y40          FDRE                                         r  SoC_i/cpu_reset_gen25/U0/ACTIVE_LOW_PR_OUT_DFF[0].FDRE_PER_N/C
  -------------------------------------------------------------------    -------------------
    SLICE_X5Y40          FDRE (Prop_fdre_C_Q)         0.456    -0.425 r  SoC_i/cpu_reset_gen25/U0/ACTIVE_LOW_PR_OUT_DFF[0].FDRE_PER_N/Q
                         net (fo=46, routed)          5.604     5.179    SoC_i/cpu_0/inst/i_cva6_wrapper/i_ariane/i_cva6/gen_cache_wt.i_cache_subsystem/i_cva6_icache/aresetn
    SLICE_X66Y40         LUT1 (Prop_lut1_I0_O)        0.124     5.303 f  SoC_i/cpu_0/inst/i_cva6_wrapper/i_ariane/i_cva6/gen_cache_wt.i_cache_subsystem/i_cva6_icache/i_/O
                         net (fo=15337, routed)       7.924    13.227    SoC_i/cpu_0/inst/i_cva6_wrapper/i_ariane/i_cva6/ex_stage_i/fpu_gen.fpu_i/fpu_gen.i_fpnew_bulk/gen_operation_groups[1].i_opgroup_block/gen_merged_slice.i_multifmt_slice/gen_num_lanes[0].active_lane.lane_instance.i_fpnew_divsqrt_multi/i_divsqrt_lei/nrbd_nrsc_U0/control_U0/Ready_SO_reg_2
    SLICE_X103Y148       FDCE                                         f  SoC_i/cpu_0/inst/i_cva6_wrapper/i_ariane/i_cva6/ex_stage_i/fpu_gen.fpu_i/fpu_gen.i_fpnew_bulk/gen_operation_groups[1].i_opgroup_block/gen_merged_slice.i_multifmt_slice/gen_num_lanes[0].active_lane.lane_instance.i_fpnew_divsqrt_multi/i_divsqrt_lei/nrbd_nrsc_U0/control_U0/Partial_remainder_DP_reg[56]/CLR
  -------------------------------------------------------------------    -------------------

                         (clock clk_25_SoC_clk_wiz_0_0 rise edge)
                                                     40.000    40.000 r  
    H16                                               0.000    40.000 r  sys_clock (IN)
                         net (fo=0)                   0.000    40.000    SoC_i/clk_wiz_0/inst/clk_in1
    H16                  IBUF (Prop_ibuf_I_O)         1.380    41.380 r  SoC_i/clk_wiz_0/inst/clkin1_ibufg/O
                         net (fo=1, routed)           1.162    42.542    SoC_i/clk_wiz_0/inst/clk_in1_SoC_clk_wiz_0_0
    MMCME2_ADV_X1Y2      MMCME2_ADV (Prop_mmcme2_adv_CLKIN1_CLKOUT0)
                                                     -7.814    34.728 r  SoC_i/clk_wiz_0/inst/mmcm_adv_inst/CLKOUT0
                         net (fo=2, routed)           2.012    36.740    SoC_i/clk_wiz_0/inst/clk_25_SoC_clk_wiz_0_0
    BUFGCTRL_X0Y17       BUFGCTRL (Prop_bufgctrl_I0_O)
                                                      0.091    36.831 r  SoC_i/clk_wiz_0/inst/clkout1_buf/O
                         net (fo=24130, routed)       1.784    38.615    SoC_i/cpu_0/inst/i_cva6_wrapper/i_ariane/i_cva6/ex_stage_i/fpu_gen.fpu_i/fpu_gen.i_fpnew_bulk/gen_operation_groups[1].i_opgroup_block/gen_merged_slice.i_multifmt_slice/gen_num_lanes[0].active_lane.lane_instance.i_fpnew_divsqrt_multi/i_divsqrt_lei/nrbd_nrsc_U0/control_U0/aclk
    SLICE_X103Y148       FDCE                                         r  SoC_i/cpu_0/inst/i_cva6_wrapper/i_ariane/i_cva6/ex_stage_i/fpu_gen.fpu_i/fpu_gen.i_fpnew_bulk/gen_operation_groups[1].i_opgroup_block/gen_merged_slice.i_multifmt_slice/gen_num_lanes[0].active_lane.lane_instance.i_fpnew_divsqrt_multi/i_divsqrt_lei/nrbd_nrsc_U0/control_U0/Partial_remainder_DP_reg[56]/C
                         clock pessimism              0.452    39.068    
                         clock uncertainty           -0.090    38.978    
    SLICE_X103Y148       FDCE (Recov_fdce_C_CLR)     -0.405    38.573    SoC_i/cpu_0/inst/i_cva6_wrapper/i_ariane/i_cva6/ex_stage_i/fpu_gen.fpu_i/fpu_gen.i_fpnew_bulk/gen_operation_groups[1].i_opgroup_block/gen_merged_slice.i_multifmt_slice/gen_num_lanes[0].active_lane.lane_instance.i_fpnew_divsqrt_multi/i_divsqrt_lei/nrbd_nrsc_U0/control_U0/Partial_remainder_DP_reg[56]
  -------------------------------------------------------------------
                         required time                         38.573    
                         arrival time                         -13.227    
  -------------------------------------------------------------------
                         slack                                 25.346    





Min Delay Paths
--------------------------------------------------------------------------------------
Slack (MET) :             0.244ns  (arrival time - required time)
  Source:                 SoC_i/northbridge/axi_interconnect_0/s00_couplers/s00_data_fifo/inst/gen_fifo.fifo_gen_inst/inst_fifo_gen/gaxi_full_lite.gwrite_ch.gwach2.axi_wach/grf.rf/rstblk/grstd1.grst_full.grst_f.rst_d2_reg/C
                            (rising edge-triggered cell FDPE clocked by clk_25_SoC_clk_wiz_0_0  {rise@0.000ns fall@20.000ns period=40.000ns})
  Destination:            SoC_i/northbridge/axi_interconnect_0/s00_couplers/s00_data_fifo/inst/gen_fifo.fifo_gen_inst/inst_fifo_gen/gaxi_full_lite.gwrite_ch.gwach2.axi_wach/grf.rf/gntv_or_sync_fifo.gl0.wr/gwss.wsts/ram_full_fb_i_reg/PRE
                            (removal check against rising-edge clock clk_25_SoC_clk_wiz_0_0  {rise@0.000ns fall@20.000ns period=40.000ns})
  Path Group:             **async_default**
  Path Type:              Removal (Min at Fast Process Corner)
  Requirement:            0.000ns  (clk_25_SoC_clk_wiz_0_0 rise@0.000ns - clk_25_SoC_clk_wiz_0_0 rise@0.000ns)
  Data Path Delay:        0.358ns  (logic 0.128ns (35.729%)  route 0.230ns (64.271%))
  Logic Levels:           0  
  Clock Path Skew:        0.263ns (DCD - SCD - CPR)
    Destination Clock Delay (DCD):    -0.922ns
    Source Clock Delay      (SCD):    -0.682ns
    Clock Pessimism Removal (CPR):    -0.504ns

    Location             Delay type                Incr(ns)  Path(ns)    Netlist Resource(s)
  -------------------------------------------------------------------    -------------------
                         (clock clk_25_SoC_clk_wiz_0_0 rise edge)
                                                      0.000     0.000 r  
    H16                                               0.000     0.000 r  sys_clock (IN)
                         net (fo=0)                   0.000     0.000    SoC_i/clk_wiz_0/inst/clk_in1
    H16                  IBUF (Prop_ibuf_I_O)         0.219     0.219 r  SoC_i/clk_wiz_0/inst/clkin1_ibufg/O
                         net (fo=1, routed)           0.440     0.659    SoC_i/clk_wiz_0/inst/clk_in1_SoC_clk_wiz_0_0
    MMCME2_ADV_X1Y2      MMCME2_ADV (Prop_mmcme2_adv_CLKIN1_CLKOUT0)
                                                     -2.613    -1.954 r  SoC_i/clk_wiz_0/inst/mmcm_adv_inst/CLKOUT0
                         net (fo=2, routed)           0.696    -1.257    SoC_i/clk_wiz_0/inst/clk_25_SoC_clk_wiz_0_0
    BUFGCTRL_X0Y17       BUFGCTRL (Prop_bufgctrl_I0_O)
                                                      0.026    -1.231 r  SoC_i/clk_wiz_0/inst/clkout1_buf/O
                         net (fo=24130, routed)       0.550    -0.682    SoC_i/northbridge/axi_interconnect_0/s00_couplers/s00_data_fifo/inst/gen_fifo.fifo_gen_inst/inst_fifo_gen/gaxi_full_lite.gwrite_ch.gwach2.axi_wach/grf.rf/rstblk/s_aclk
    SLICE_X51Y19         FDPE                                         r  SoC_i/northbridge/axi_interconnect_0/s00_couplers/s00_data_fifo/inst/gen_fifo.fifo_gen_inst/inst_fifo_gen/gaxi_full_lite.gwrite_ch.gwach2.axi_wach/grf.rf/rstblk/grstd1.grst_full.grst_f.rst_d2_reg/C
  -------------------------------------------------------------------    -------------------
    SLICE_X51Y19         FDPE (Prop_fdpe_C_Q)         0.128    -0.554 f  SoC_i/northbridge/axi_interconnect_0/s00_couplers/s00_data_fifo/inst/gen_fifo.fifo_gen_inst/inst_fifo_gen/gaxi_full_lite.gwrite_ch.gwach2.axi_wach/grf.rf/rstblk/grstd1.grst_full.grst_f.rst_d2_reg/Q
                         net (fo=3, routed)           0.230    -0.323    SoC_i/northbridge/axi_interconnect_0/s00_couplers/s00_data_fifo/inst/gen_fifo.fifo_gen_inst/inst_fifo_gen/gaxi_full_lite.gwrite_ch.gwach2.axi_wach/grf.rf/gntv_or_sync_fifo.gl0.wr/gwss.wsts/out
    SLICE_X48Y20         FDPE                                         f  SoC_i/northbridge/axi_interconnect_0/s00_couplers/s00_data_fifo/inst/gen_fifo.fifo_gen_inst/inst_fifo_gen/gaxi_full_lite.gwrite_ch.gwach2.axi_wach/grf.rf/gntv_or_sync_fifo.gl0.wr/gwss.wsts/ram_full_fb_i_reg/PRE
  -------------------------------------------------------------------    -------------------

                         (clock clk_25_SoC_clk_wiz_0_0 rise edge)
                                                      0.000     0.000 r  
    H16                                               0.000     0.000 r  sys_clock (IN)
                         net (fo=0)                   0.000     0.000    SoC_i/clk_wiz_0/inst/clk_in1
    H16                  IBUF (Prop_ibuf_I_O)         0.406     0.406 r  SoC_i/clk_wiz_0/inst/clkin1_ibufg/O
                         net (fo=1, routed)           0.480     0.886    SoC_i/clk_wiz_0/inst/clk_in1_SoC_clk_wiz_0_0
    MMCME2_ADV_X1Y2      MMCME2_ADV (Prop_mmcme2_adv_CLKIN1_CLKOUT0)
                                                     -3.407    -2.521 r  SoC_i/clk_wiz_0/inst/mmcm_adv_inst/CLKOUT0
                         net (fo=2, routed)           0.752    -1.769    SoC_i/clk_wiz_0/inst/clk_25_SoC_clk_wiz_0_0
    BUFGCTRL_X0Y17       BUFGCTRL (Prop_bufgctrl_I0_O)
                                                      0.029    -1.740 r  SoC_i/clk_wiz_0/inst/clkout1_buf/O
                         net (fo=24130, routed)       0.818    -0.922    SoC_i/northbridge/axi_interconnect_0/s00_couplers/s00_data_fifo/inst/gen_fifo.fifo_gen_inst/inst_fifo_gen/gaxi_full_lite.gwrite_ch.gwach2.axi_wach/grf.rf/gntv_or_sync_fifo.gl0.wr/gwss.wsts/s_aclk
    SLICE_X48Y20         FDPE                                         r  SoC_i/northbridge/axi_interconnect_0/s00_couplers/s00_data_fifo/inst/gen_fifo.fifo_gen_inst/inst_fifo_gen/gaxi_full_lite.gwrite_ch.gwach2.axi_wach/grf.rf/gntv_or_sync_fifo.gl0.wr/gwss.wsts/ram_full_fb_i_reg/C
                         clock pessimism              0.504    -0.418    
    SLICE_X48Y20         FDPE (Remov_fdpe_C_PRE)     -0.149    -0.567    SoC_i/northbridge/axi_interconnect_0/s00_couplers/s00_data_fifo/inst/gen_fifo.fifo_gen_inst/inst_fifo_gen/gaxi_full_lite.gwrite_ch.gwach2.axi_wach/grf.rf/gntv_or_sync_fifo.gl0.wr/gwss.wsts/ram_full_fb_i_reg
  -------------------------------------------------------------------
                         required time                          0.567    
                         arrival time                          -0.323    
  -------------------------------------------------------------------
                         slack                                  0.244    





---------------------------------------------------------------------------------------------------
Path Group:  **async_default**
From Clock:  clk_50_SoC_clk_wiz_0_0
  To Clock:  clk_50_SoC_clk_wiz_0_0

Setup :            0  Failing Endpoints,  Worst Slack       16.504ns,  Total Violation        0.000ns
Hold  :            0  Failing Endpoints,  Worst Slack        0.566ns,  Total Violation        0.000ns
---------------------------------------------------------------------------------------------------


Max Delay Paths
--------------------------------------------------------------------------------------
Slack (MET) :             16.504ns  (required time - arrival time)
  Source:                 SoC_i/axi_mem_intercon/s00_couplers/auto_pc/inst/gen_axi4_axi3.axi3_conv_inst/USE_WRITE.write_addr_inst/USE_BURSTS.cmd_queue/inst/fifo_gen_inst/inst_fifo_gen/gconvfifo.rf/grf.rf/rstblk/ngwrdrst.grst.g7serrst.gnsckt_wrst.rst_wr_reg2_inst/arststages_ff_reg[1]/C
                            (rising edge-triggered cell FDPE clocked by clk_50_SoC_clk_wiz_0_0  {rise@0.000ns fall@10.000ns period=20.000ns})
  Destination:            SoC_i/axi_mem_intercon/s00_couplers/auto_pc/inst/gen_axi4_axi3.axi3_conv_inst/USE_WRITE.write_addr_inst/USE_BURSTS.cmd_queue/inst/fifo_gen_inst/inst_fifo_gen/gconvfifo.rf/grf.rf/gntv_or_sync_fifo.gl0.rd/rpntr/gc0.count_d1_reg[0]/CLR
                            (recovery check against rising-edge clock clk_50_SoC_clk_wiz_0_0  {rise@0.000ns fall@10.000ns period=20.000ns})
  Path Group:             **async_default**
  Path Type:              Recovery (Max at Slow Process Corner)
  Requirement:            20.000ns  (clk_50_SoC_clk_wiz_0_0 rise@20.000ns - clk_50_SoC_clk_wiz_0_0 rise@0.000ns)
  Data Path Delay:        2.823ns  (logic 0.773ns (27.380%)  route 2.050ns (72.620%))
  Logic Levels:           1  (LUT3=1)
  Clock Path Skew:        -0.231ns (DCD - SCD + CPR)
    Destination Clock Delay (DCD):    -1.647ns = ( 18.353 - 20.000 ) 
    Source Clock Delay      (SCD):    -0.963ns
    Clock Pessimism Removal (CPR):    0.452ns
  Clock Uncertainty:      0.080ns  ((TSJ^2 + DJ^2)^1/2) / 2 + PE
    Total System Jitter     (TSJ):    0.071ns
    Discrete Jitter          (DJ):    0.144ns
    Phase Error              (PE):    0.000ns

    Location             Delay type                Incr(ns)  Path(ns)    Netlist Resource(s)
  -------------------------------------------------------------------    -------------------
                         (clock clk_50_SoC_clk_wiz_0_0 rise edge)
                                                      0.000     0.000 r  
    H16                                               0.000     0.000 r  sys_clock (IN)
                         net (fo=0)                   0.000     0.000    SoC_i/clk_wiz_0/inst/clk_in1
    H16                  IBUF (Prop_ibuf_I_O)         1.451     1.451 r  SoC_i/clk_wiz_0/inst/clkin1_ibufg/O
                         net (fo=1, routed)           1.285     2.736    SoC_i/clk_wiz_0/inst/clk_in1_SoC_clk_wiz_0_0
    MMCME2_ADV_X1Y2      MMCME2_ADV (Prop_mmcme2_adv_CLKIN1_CLKOUT1)
                                                     -7.759    -5.023 r  SoC_i/clk_wiz_0/inst/mmcm_adv_inst/CLKOUT1
                         net (fo=2, routed)           2.206    -2.817    SoC_i/clk_wiz_0/inst/clk_50_SoC_clk_wiz_0_0
    BUFGCTRL_X0Y16       BUFGCTRL (Prop_bufgctrl_I0_O)
                                                      0.101    -2.716 r  SoC_i/clk_wiz_0/inst/clkout2_buf/O
                         net (fo=728, routed)         1.753    -0.963    SoC_i/axi_mem_intercon/s00_couplers/auto_pc/inst/gen_axi4_axi3.axi3_conv_inst/USE_WRITE.write_addr_inst/USE_BURSTS.cmd_queue/inst/fifo_gen_inst/inst_fifo_gen/gconvfifo.rf/grf.rf/rstblk/ngwrdrst.grst.g7serrst.gnsckt_wrst.rst_wr_reg2_inst/dest_clk
    SLICE_X22Y45         FDPE                                         r  SoC_i/axi_mem_intercon/s00_couplers/auto_pc/inst/gen_axi4_axi3.axi3_conv_inst/USE_WRITE.write_addr_inst/USE_BURSTS.cmd_queue/inst/fifo_gen_inst/inst_fifo_gen/gconvfifo.rf/grf.rf/rstblk/ngwrdrst.grst.g7serrst.gnsckt_wrst.rst_wr_reg2_inst/arststages_ff_reg[1]/C
  -------------------------------------------------------------------    -------------------
    SLICE_X22Y45         FDPE (Prop_fdpe_C_Q)         0.478    -0.485 f  SoC_i/axi_mem_intercon/s00_couplers/auto_pc/inst/gen_axi4_axi3.axi3_conv_inst/USE_WRITE.write_addr_inst/USE_BURSTS.cmd_queue/inst/fifo_gen_inst/inst_fifo_gen/gconvfifo.rf/grf.rf/rstblk/ngwrdrst.grst.g7serrst.gnsckt_wrst.rst_wr_reg2_inst/arststages_ff_reg[1]/Q
                         net (fo=3, routed)           0.969     0.484    SoC_i/axi_mem_intercon/s00_couplers/auto_pc/inst/gen_axi4_axi3.axi3_conv_inst/USE_WRITE.write_addr_inst/USE_BURSTS.cmd_queue/inst/fifo_gen_inst/inst_fifo_gen/gconvfifo.rf/grf.rf/rstblk/ngwrdrst.rst_wr_reg2
    SLICE_X23Y48         LUT3 (Prop_lut3_I2_O)        0.295     0.779 f  SoC_i/axi_mem_intercon/s00_couplers/auto_pc/inst/gen_axi4_axi3.axi3_conv_inst/USE_WRITE.write_addr_inst/USE_BURSTS.cmd_queue/inst/fifo_gen_inst/inst_fifo_gen/gconvfifo.rf/grf.rf/rstblk/gpregsm1.curr_fwft_state[1]_i_2/O
                         net (fo=32, routed)          1.081     1.860    SoC_i/axi_mem_intercon/s00_couplers/auto_pc/inst/gen_axi4_axi3.axi3_conv_inst/USE_WRITE.write_addr_inst/USE_BURSTS.cmd_queue/inst/fifo_gen_inst/inst_fifo_gen/gconvfifo.rf/grf.rf/gntv_or_sync_fifo.gl0.rd/rpntr/gc0.count_d1_reg[4]_1
    SLICE_X26Y51         FDCE                                         f  SoC_i/axi_mem_intercon/s00_couplers/auto_pc/inst/gen_axi4_axi3.axi3_conv_inst/USE_WRITE.write_addr_inst/USE_BURSTS.cmd_queue/inst/fifo_gen_inst/inst_fifo_gen/gconvfifo.rf/grf.rf/gntv_or_sync_fifo.gl0.rd/rpntr/gc0.count_d1_reg[0]/CLR
  -------------------------------------------------------------------    -------------------

                         (clock clk_50_SoC_clk_wiz_0_0 rise edge)
                                                     20.000    20.000 r  
    H16                                               0.000    20.000 r  sys_clock (IN)
                         net (fo=0)                   0.000    20.000    SoC_i/clk_wiz_0/inst/clk_in1
    H16                  IBUF (Prop_ibuf_I_O)         1.380    21.380 r  SoC_i/clk_wiz_0/inst/clkin1_ibufg/O
                         net (fo=1, routed)           1.162    22.542    SoC_i/clk_wiz_0/inst/clk_in1_SoC_clk_wiz_0_0
    MMCME2_ADV_X1Y2      MMCME2_ADV (Prop_mmcme2_adv_CLKIN1_CLKOUT1)
                                                     -7.814    14.728 r  SoC_i/clk_wiz_0/inst/mmcm_adv_inst/CLKOUT1
                         net (fo=2, routed)           2.012    16.740    SoC_i/clk_wiz_0/inst/clk_50_SoC_clk_wiz_0_0
    BUFGCTRL_X0Y16       BUFGCTRL (Prop_bufgctrl_I0_O)
                                                      0.091    16.831 r  SoC_i/clk_wiz_0/inst/clkout2_buf/O
                         net (fo=728, routed)         1.522    18.353    SoC_i/axi_mem_intercon/s00_couplers/auto_pc/inst/gen_axi4_axi3.axi3_conv_inst/USE_WRITE.write_addr_inst/USE_BURSTS.cmd_queue/inst/fifo_gen_inst/inst_fifo_gen/gconvfifo.rf/grf.rf/gntv_or_sync_fifo.gl0.rd/rpntr/clk
    SLICE_X26Y51         FDCE                                         r  SoC_i/axi_mem_intercon/s00_couplers/auto_pc/inst/gen_axi4_axi3.axi3_conv_inst/USE_WRITE.write_addr_inst/USE_BURSTS.cmd_queue/inst/fifo_gen_inst/inst_fifo_gen/gconvfifo.rf/grf.rf/gntv_or_sync_fifo.gl0.rd/rpntr/gc0.count_d1_reg[0]/C
                         clock pessimism              0.452    18.805    
                         clock uncertainty           -0.080    18.725    
    SLICE_X26Y51         FDCE (Recov_fdce_C_CLR)     -0.361    18.364    SoC_i/axi_mem_intercon/s00_couplers/auto_pc/inst/gen_axi4_axi3.axi3_conv_inst/USE_WRITE.write_addr_inst/USE_BURSTS.cmd_queue/inst/fifo_gen_inst/inst_fifo_gen/gconvfifo.rf/grf.rf/gntv_or_sync_fifo.gl0.rd/rpntr/gc0.count_d1_reg[0]
  -------------------------------------------------------------------
                         required time                         18.364    
                         arrival time                          -1.860    
  -------------------------------------------------------------------
                         slack                                 16.504    





Min Delay Paths
--------------------------------------------------------------------------------------
Slack (MET) :             0.566ns  (arrival time - required time)
  Source:                 SoC_i/axi_mem_intercon/s00_couplers/auto_pc/inst/gen_axi4_axi3.axi3_conv_inst/USE_WRITE.write_addr_inst/USE_BURSTS.cmd_queue/inst/fifo_gen_inst/inst_fifo_gen/gconvfifo.rf/grf.rf/rstblk/ngwrdrst.grst.g7serrst.gnsckt_wrst.gcc_rst.sckt_wr_rst_cc_reg[0]/C
                            (rising edge-triggered cell FDRE clocked by clk_50_SoC_clk_wiz_0_0  {rise@0.000ns fall@10.000ns period=20.000ns})
  Destination:            SoC_i/axi_mem_intercon/s00_couplers/auto_pc/inst/gen_axi4_axi3.axi3_conv_inst/USE_WRITE.write_addr_inst/USE_BURSTS.cmd_queue/inst/fifo_gen_inst/inst_fifo_gen/gconvfifo.rf/grf.rf/gntv_or_sync_fifo.gl0.wr/wpntr/gcc0.gc0.count_reg[3]/CLR
                            (removal check against rising-edge clock clk_50_SoC_clk_wiz_0_0  {rise@0.000ns fall@10.000ns period=20.000ns})
  Path Group:             **async_default**
  Path Type:              Removal (Min at Fast Process Corner)
  Requirement:            0.000ns  (clk_50_SoC_clk_wiz_0_0 rise@0.000ns - clk_50_SoC_clk_wiz_0_0 rise@0.000ns)
  Data Path Delay:        0.533ns  (logic 0.186ns (34.918%)  route 0.347ns (65.082%))
  Logic Levels:           1  (LUT3=1)
  Clock Path Skew:        0.034ns (DCD - SCD - CPR)
    Destination Clock Delay (DCD):    -0.877ns
    Source Clock Delay      (SCD):    -0.636ns
    Clock Pessimism Removal (CPR):    -0.275ns

    Location             Delay type                Incr(ns)  Path(ns)    Netlist Resource(s)
  -------------------------------------------------------------------    -------------------
                         (clock clk_50_SoC_clk_wiz_0_0 rise edge)
                                                      0.000     0.000 r  
    H16                                               0.000     0.000 r  sys_clock (IN)
                         net (fo=0)                   0.000     0.000    SoC_i/clk_wiz_0/inst/clk_in1
    H16                  IBUF (Prop_ibuf_I_O)         0.219     0.219 r  SoC_i/clk_wiz_0/inst/clkin1_ibufg/O
                         net (fo=1, routed)           0.440     0.659    SoC_i/clk_wiz_0/inst/clk_in1_SoC_clk_wiz_0_0
    MMCME2_ADV_X1Y2      MMCME2_ADV (Prop_mmcme2_adv_CLKIN1_CLKOUT1)
                                                     -2.613    -1.954 r  SoC_i/clk_wiz_0/inst/mmcm_adv_inst/CLKOUT1
                         net (fo=2, routed)           0.696    -1.257    SoC_i/clk_wiz_0/inst/clk_50_SoC_clk_wiz_0_0
    BUFGCTRL_X0Y16       BUFGCTRL (Prop_bufgctrl_I0_O)
                                                      0.026    -1.231 r  SoC_i/clk_wiz_0/inst/clkout2_buf/O
                         net (fo=728, routed)         0.596    -0.636    SoC_i/axi_mem_intercon/s00_couplers/auto_pc/inst/gen_axi4_axi3.axi3_conv_inst/USE_WRITE.write_addr_inst/USE_BURSTS.cmd_queue/inst/fifo_gen_inst/inst_fifo_gen/gconvfifo.rf/grf.rf/rstblk/clk
    SLICE_X21Y47         FDRE                                         r  SoC_i/axi_mem_intercon/s00_couplers/auto_pc/inst/gen_axi4_axi3.axi3_conv_inst/USE_WRITE.write_addr_inst/USE_BURSTS.cmd_queue/inst/fifo_gen_inst/inst_fifo_gen/gconvfifo.rf/grf.rf/rstblk/ngwrdrst.grst.g7serrst.gnsckt_wrst.gcc_rst.sckt_wr_rst_cc_reg[0]/C
  -------------------------------------------------------------------    -------------------
    SLICE_X21Y47         FDRE (Prop_fdre_C_Q)         0.141    -0.495 f  SoC_i/axi_mem_intercon/s00_couplers/auto_pc/inst/gen_axi4_axi3.axi3_conv_inst/USE_WRITE.write_addr_inst/USE_BURSTS.cmd_queue/inst/fifo_gen_inst/inst_fifo_gen/gconvfifo.rf/grf.rf/rstblk/ngwrdrst.grst.g7serrst.gnsckt_wrst.gcc_rst.sckt_wr_rst_cc_reg[0]/Q
                         net (fo=3, routed)           0.164    -0.331    SoC_i/axi_mem_intercon/s00_couplers/auto_pc/inst/gen_axi4_axi3.axi3_conv_inst/USE_WRITE.write_addr_inst/USE_BURSTS.cmd_queue/inst/fifo_gen_inst/inst_fifo_gen/gconvfifo.rf/grf.rf/rstblk/ngwrdrst.grst.g7serrst.gnsckt_wrst.gcc_rst.sckt_wr_rst_cc[0]
    SLICE_X23Y48         LUT3 (Prop_lut3_I1_O)        0.045    -0.286 f  SoC_i/axi_mem_intercon/s00_couplers/auto_pc/inst/gen_axi4_axi3.axi3_conv_inst/USE_WRITE.write_addr_inst/USE_BURSTS.cmd_queue/inst/fifo_gen_inst/inst_fifo_gen/gconvfifo.rf/grf.rf/rstblk/gpregsm1.curr_fwft_state[1]_i_2/O
                         net (fo=32, routed)          0.183    -0.103    SoC_i/axi_mem_intercon/s00_couplers/auto_pc/inst/gen_axi4_axi3.axi3_conv_inst/USE_WRITE.write_addr_inst/USE_BURSTS.cmd_queue/inst/fifo_gen_inst/inst_fifo_gen/gconvfifo.rf/grf.rf/gntv_or_sync_fifo.gl0.wr/wpntr/AR[0]
    SLICE_X22Y46         FDCE                                         f  SoC_i/axi_mem_intercon/s00_couplers/auto_pc/inst/gen_axi4_axi3.axi3_conv_inst/USE_WRITE.write_addr_inst/USE_BURSTS.cmd_queue/inst/fifo_gen_inst/inst_fifo_gen/gconvfifo.rf/grf.rf/gntv_or_sync_fifo.gl0.wr/wpntr/gcc0.gc0.count_reg[3]/CLR
  -------------------------------------------------------------------    -------------------

                         (clock clk_50_SoC_clk_wiz_0_0 rise edge)
                                                      0.000     0.000 r  
    H16                                               0.000     0.000 r  sys_clock (IN)
                         net (fo=0)                   0.000     0.000    SoC_i/clk_wiz_0/inst/clk_in1
    H16                  IBUF (Prop_ibuf_I_O)         0.406     0.406 r  SoC_i/clk_wiz_0/inst/clkin1_ibufg/O
                         net (fo=1, routed)           0.480     0.886    SoC_i/clk_wiz_0/inst/clk_in1_SoC_clk_wiz_0_0
    MMCME2_ADV_X1Y2      MMCME2_ADV (Prop_mmcme2_adv_CLKIN1_CLKOUT1)
                                                     -3.407    -2.521 r  SoC_i/clk_wiz_0/inst/mmcm_adv_inst/CLKOUT1
                         net (fo=2, routed)           0.752    -1.769    SoC_i/clk_wiz_0/inst/clk_50_SoC_clk_wiz_0_0
    BUFGCTRL_X0Y16       BUFGCTRL (Prop_bufgctrl_I0_O)
                                                      0.029    -1.740 r  SoC_i/clk_wiz_0/inst/clkout2_buf/O
                         net (fo=728, routed)         0.863    -0.877    SoC_i/axi_mem_intercon/s00_couplers/auto_pc/inst/gen_axi4_axi3.axi3_conv_inst/USE_WRITE.write_addr_inst/USE_BURSTS.cmd_queue/inst/fifo_gen_inst/inst_fifo_gen/gconvfifo.rf/grf.rf/gntv_or_sync_fifo.gl0.wr/wpntr/clk
    SLICE_X22Y46         FDCE                                         r  SoC_i/axi_mem_intercon/s00_couplers/auto_pc/inst/gen_axi4_axi3.axi3_conv_inst/USE_WRITE.write_addr_inst/USE_BURSTS.cmd_queue/inst/fifo_gen_inst/inst_fifo_gen/gconvfifo.rf/grf.rf/gntv_or_sync_fifo.gl0.wr/wpntr/gcc0.gc0.count_reg[3]/C
                         clock pessimism              0.275    -0.602    
    SLICE_X22Y46         FDCE (Remov_fdce_C_CLR)     -0.067    -0.669    SoC_i/axi_mem_intercon/s00_couplers/auto_pc/inst/gen_axi4_axi3.axi3_conv_inst/USE_WRITE.write_addr_inst/USE_BURSTS.cmd_queue/inst/fifo_gen_inst/inst_fifo_gen/gconvfifo.rf/grf.rf/gntv_or_sync_fifo.gl0.wr/wpntr/gcc0.gc0.count_reg[3]
  -------------------------------------------------------------------
                         required time                          0.669    
                         arrival time                          -0.103    
  -------------------------------------------------------------------
                         slack                                  0.566    





