Copyright 1986-2022 Xilinx, Inc. All Rights Reserved. Copyright 2022-2024 Advanced Micro Devices, Inc. All Rights Reserved.
-----------------------------------------------------------------------------------------------------------------------------------------------------------------------------
| Tool Version : Vivado v.2024.1 (lin64) Build 5076996 Wed May 22 18:36:09 MDT 2024
| Date         : Sat Feb  7 02:28:48 2026
| Host         : pop-os running 64-bit Pop!_OS 22.04 LTS
| Command      : report_timing_summary -file /home/han4n/cva6_experiments/bitstreams/reports/timing/timing_ariane_IC4k_4w_128L_DC2k_4w_128L_BTB16_BHT16_RAS2_ITLB4_DTLB4.rpt
| Design       : SoC_wrapper
| Device       : 7z020-clg400
| Speed File   : -1  PRODUCTION 1.12 2019-11-22
| Design State : Routed
-----------------------------------------------------------------------------------------------------------------------------------------------------------------------------

Timing Summary Report

------------------------------------------------------------------------------------------------
| Timer Settings
| --------------
------------------------------------------------------------------------------------------------

  Enable Multi Corner Analysis               :  Yes
  Enable Pessimism Removal                   :  Yes
  Pessimism Removal Resolution               :  Nearest Common Node
  Enable Input Delay Default Clock           :  No
  Enable Preset / Clear Arcs                 :  No
  Disable Flight Delays                      :  No
  Ignore I/O Paths                           :  No
  Timing Early Launch at Borrowing Latches   :  No
  Borrow Time for Max Delay Exceptions       :  Yes
  Merge Timing Exceptions                    :  Yes
  Inter-SLR Compensation                     :  Conservative

  Corner  Analyze    Analyze    
  Name    Max Paths  Min Paths  
  ------  ---------  ---------  
  Slow    Yes        Yes        
  Fast    Yes        Yes        


------------------------------------------------------------------------------------------------
| Report Methodology
| ------------------
------------------------------------------------------------------------------------------------

Rule     Severity  Description                   Violations  
-------  --------  ----------------------------  ----------  
LUTAR-1  Warning   LUT drives async reset alert  11          

Note: This report is based on the most recent report_methodology run and may not be up-to-date. Run report_methodology on the current design for the latest report.



check_timing report

Table of Contents
-----------------
1. checking no_clock (0)
2. checking constant_clock (0)
3. checking pulse_width_clock (0)
4. checking unconstrained_internal_endpoints (0)
5. checking no_input_delay (3)
6. checking no_output_delay (4)
7. checking multiple_clock (0)
8. checking generated_clocks (0)
9. checking loops (0)
10. checking partial_input_delay (0)
11. checking partial_output_delay (0)
12. checking latch_loops (0)

1. checking no_clock (0)
------------------------
 There are 0 register/latch pins with no clock.


2. checking constant_clock (0)
------------------------------
 There are 0 register/latch pins with constant_clock.


3. checking pulse_width_clock (0)
---------------------------------
 There are 0 register/latch pins which need pulse_width check


4. checking unconstrained_internal_endpoints (0)
------------------------------------------------
 There are 0 pins that are not constrained for maximum delay.

 There are 0 pins that are not constrained for maximum delay due to constant clock.


5. checking no_input_delay (3)
------------------------------
 There are 3 input ports with no input delay specified. (HIGH)

 There are 0 input ports with no input delay but user has a false path constraint.


6. checking no_output_delay (4)
-------------------------------
 There are 4 ports with no output delay specified. (HIGH)

 There are 0 ports with no output delay but user has a false path constraint

 There are 0 ports with no output delay but with a timing clock defined on it or propagating through it


7. checking multiple_clock (0)
------------------------------
 There are 0 register/latch pins with multiple clocks.


8. checking generated_clocks (0)
--------------------------------
 There are 0 generated clocks that are not connected to a clock source.


9. checking loops (0)
---------------------
 There are 0 combinational loops in the design.


10. checking partial_input_delay (0)
------------------------------------
 There are 0 input ports with partial input delay specified.


11. checking partial_output_delay (0)
-------------------------------------
 There are 0 ports with partial output delay specified.


12. checking latch_loops (0)
----------------------------
 There are 0 combinational latch loops in the design through latch input



------------------------------------------------------------------------------------------------
| Design Timing Summary
| ---------------------
------------------------------------------------------------------------------------------------

    WNS(ns)      TNS(ns)  TNS Failing Endpoints  TNS Total Endpoints      WHS(ns)      THS(ns)  THS Failing Endpoints  THS Total Endpoints     WPWS(ns)     TPWS(ns)  TPWS Failing Endpoints  TPWS Total Endpoints  
    -------      -------  ---------------------  -------------------      -------      -------  ---------------------  -------------------     --------     --------  ----------------------  --------------------  
      1.096        0.000                      0                75780        0.029        0.000                      0                75730        2.000        0.000                       0                 24814  


All user specified timing constraints are met.


------------------------------------------------------------------------------------------------
| Clock Summary
| -------------
------------------------------------------------------------------------------------------------

Clock                       Waveform(ns)         Period(ns)      Frequency(MHz)
-----                       ------------         ----------      --------------
clk_fpga_0                  {0.000 10.000}       20.000          50.000          
sys_clock                   {0.000 4.000}        8.000           125.000         
  clk_25_SoC_clk_wiz_0_0    {0.000 20.000}       40.000          25.000          
  clk_50_SoC_clk_wiz_0_0    {0.000 10.000}       20.000          50.000          
  clkfbout_SoC_clk_wiz_0_0  {0.000 4.000}        8.000           125.000         


------------------------------------------------------------------------------------------------
| Intra Clock Table
| -----------------
------------------------------------------------------------------------------------------------

Clock                           WNS(ns)      TNS(ns)  TNS Failing Endpoints  TNS Total Endpoints      WHS(ns)      THS(ns)  THS Failing Endpoints  THS Total Endpoints     WPWS(ns)     TPWS(ns)  TPWS Failing Endpoints  TPWS Total Endpoints  
-----                           -------      -------  ---------------------  -------------------      -------      -------  ---------------------  -------------------     --------     --------  ----------------------  --------------------  
sys_clock                                                                                                                                                                     2.000        0.000                       0                     1  
  clk_25_SoC_clk_wiz_0_0          1.096        0.000                      0                55824        0.029        0.000                      0                55824       18.750        0.000                       0                 24072  
  clk_50_SoC_clk_wiz_0_0         11.466        0.000                      0                 1359        0.075        0.000                      0                 1359        8.750        0.000                       0                   738  
  clkfbout_SoC_clk_wiz_0_0                                                                                                                                                    5.845        0.000                       0                     3  


------------------------------------------------------------------------------------------------
| Inter Clock Table
| -----------------
------------------------------------------------------------------------------------------------

From Clock              To Clock                    WNS(ns)      TNS(ns)  TNS Failing Endpoints  TNS Total Endpoints      WHS(ns)      THS(ns)  THS Failing Endpoints  THS Total Endpoints  
----------              --------                    -------      -------  ---------------------  -------------------      -------      -------  ---------------------  -------------------  
clk_50_SoC_clk_wiz_0_0  clk_25_SoC_clk_wiz_0_0       10.831        0.000                      0                  449        0.092        0.000                      0                  415  
clk_25_SoC_clk_wiz_0_0  clk_50_SoC_clk_wiz_0_0        9.871        0.000                      0                  557        0.095        0.000                      0                  541  


------------------------------------------------------------------------------------------------
| Other Path Groups Table
| -----------------------
------------------------------------------------------------------------------------------------

Path Group              From Clock              To Clock                    WNS(ns)      TNS(ns)  TNS Failing Endpoints  TNS Total Endpoints      WHS(ns)      THS(ns)  THS Failing Endpoints  THS Total Endpoints  
----------              ----------              --------                    -------      -------  ---------------------  -------------------      -------      -------  ---------------------  -------------------  
**async_default**       clk_25_SoC_clk_wiz_0_0  clk_25_SoC_clk_wiz_0_0       15.381        0.000                      0                17862        0.496        0.000                      0                17862  
**async_default**       clk_50_SoC_clk_wiz_0_0  clk_50_SoC_clk_wiz_0_0       16.595        0.000                      0                   96        0.568        0.000                      0                   96  


------------------------------------------------------------------------------------------------
| Timing Details
| --------------
------------------------------------------------------------------------------------------------


---------------------------------------------------------------------------------------------------
From Clock:  sys_clock
  To Clock:  sys_clock

Setup :           NA  Failing Endpoints,  Worst Slack           NA  ,  Total Violation           NA
Hold  :           NA  Failing Endpoints,  Worst Slack           NA  ,  Total Violation           NA
PW    :            0  Failing Endpoints,  Worst Slack        2.000ns,  Total Violation        0.000ns
---------------------------------------------------------------------------------------------------


Pulse Width Checks
--------------------------------------------------------------------------------------
Clock Name:         sys_clock
Waveform(ns):       { 0.000 4.000 }
Period(ns):         8.000
Sources:            { sys_clock }

Check Type        Corner  Lib Pin            Reference Pin  Required(ns)  Actual(ns)  Slack(ns)  Location         Pin
Min Period        n/a     MMCME2_ADV/CLKIN1  n/a            1.249         8.000       6.751      MMCME2_ADV_X1Y2  SoC_i/clk_wiz_0/inst/mmcm_adv_inst/CLKIN1
Max Period        n/a     MMCME2_ADV/CLKIN1  n/a            100.000       8.000       92.000     MMCME2_ADV_X1Y2  SoC_i/clk_wiz_0/inst/mmcm_adv_inst/CLKIN1
Low Pulse Width   Slow    MMCME2_ADV/CLKIN1  n/a            2.000         4.000       2.000      MMCME2_ADV_X1Y2  SoC_i/clk_wiz_0/inst/mmcm_adv_inst/CLKIN1
High Pulse Width  Slow    MMCME2_ADV/CLKIN1  n/a            2.000         4.000       2.000      MMCME2_ADV_X1Y2  SoC_i/clk_wiz_0/inst/mmcm_adv_inst/CLKIN1



---------------------------------------------------------------------------------------------------
From Clock:  clk_25_SoC_clk_wiz_0_0
  To Clock:  clk_25_SoC_clk_wiz_0_0

Setup :            0  Failing Endpoints,  Worst Slack        1.096ns,  Total Violation        0.000ns
Hold  :            0  Failing Endpoints,  Worst Slack        0.029ns,  Total Violation        0.000ns
PW    :            0  Failing Endpoints,  Worst Slack       18.750ns,  Total Violation        0.000ns
---------------------------------------------------------------------------------------------------


Max Delay Paths
--------------------------------------------------------------------------------------
Slack (MET) :             1.096ns  (required time - arrival time)
  Source:                 SoC_i/ariane_peripherals_0/inst/i_peripherals_mapper/i_ariane_peripherals/i_plic/threshold_q_reg[0][1]/C
                            (rising edge-triggered cell FDCE clocked by clk_25_SoC_clk_wiz_0_0  {rise@0.000ns fall@20.000ns period=40.000ns})
  Destination:            SoC_i/ariane_peripherals_0/inst/i_peripherals_mapper/i_ariane_peripherals/i_plic/gen_target[0].i_target/gen_sequential.irq_reg/D
                            (rising edge-triggered cell FDCE clocked by clk_25_SoC_clk_wiz_0_0  {rise@0.000ns fall@20.000ns period=40.000ns})
  Path Group:             clk_25_SoC_clk_wiz_0_0
  Path Type:              Setup (Max at Slow Process Corner)
  Requirement:            40.000ns  (clk_25_SoC_clk_wiz_0_0 rise@40.000ns - clk_25_SoC_clk_wiz_0_0 rise@0.000ns)
  Data Path Delay:        38.752ns  (logic 9.312ns (24.030%)  route 29.440ns (75.970%))
  Logic Levels:           50  (LUT3=10 LUT4=11 LUT5=1 LUT6=28)
  Clock Path Skew:        -0.143ns (DCD - SCD + CPR)
    Destination Clock Delay (DCD):    -1.589ns = ( 38.411 - 40.000 ) 
    Source Clock Delay      (SCD):    -0.879ns
    Clock Pessimism Removal (CPR):    0.567ns
  Clock Uncertainty:      0.090ns  ((TSJ^2 + DJ^2)^1/2) / 2 + PE
    Total System Jitter     (TSJ):    0.071ns
    Discrete Jitter          (DJ):    0.165ns
    Phase Error              (PE):    0.000ns

    Location             Delay type                Incr(ns)  Path(ns)    Netlist Resource(s)
  -------------------------------------------------------------------    -------------------
                         (clock clk_25_SoC_clk_wiz_0_0 rise edge)
                                                      0.000     0.000 r  
    H16                                               0.000     0.000 r  sys_clock (IN)
                         net (fo=0)                   0.000     0.000    SoC_i/clk_wiz_0/inst/clk_in1
    H16                  IBUF (Prop_ibuf_I_O)         1.451     1.451 r  SoC_i/clk_wiz_0/inst/clkin1_ibufg/O
                         net (fo=1, routed)           1.285     2.736    SoC_i/clk_wiz_0/inst/clk_in1_SoC_clk_wiz_0_0
    MMCME2_ADV_X1Y2      MMCME2_ADV (Prop_mmcme2_adv_CLKIN1_CLKOUT0)
                                                     -7.759    -5.023 r  SoC_i/clk_wiz_0/inst/mmcm_adv_inst/CLKOUT0
                         net (fo=2, routed)           2.206    -2.817    SoC_i/clk_wiz_0/inst/clk_25_SoC_clk_wiz_0_0
    BUFGCTRL_X0Y17       BUFGCTRL (Prop_bufgctrl_I0_O)
                                                      0.101    -2.716 r  SoC_i/clk_wiz_0/inst/clkout1_buf/O
                         net (fo=24061, routed)       1.837    -0.879    SoC_i/ariane_peripherals_0/inst/i_peripherals_mapper/i_ariane_peripherals/i_plic/aclk
    SLICE_X3Y8           FDCE                                         r  SoC_i/ariane_peripherals_0/inst/i_peripherals_mapper/i_ariane_peripherals/i_plic/threshold_q_reg[0][1]/C
  -------------------------------------------------------------------    -------------------
    SLICE_X3Y8           FDCE (Prop_fdce_C_Q)         0.456    -0.423 r  SoC_i/ariane_peripherals_0/inst/i_peripherals_mapper/i_ariane_peripherals/i_plic/threshold_q_reg[0][1]/Q
                         net (fo=6, routed)           0.845     0.422    SoC_i/ariane_peripherals_0/inst/i_peripherals_mapper/i_ariane_peripherals/i_plic/gen_target[0].i_target/gen_sequential.irq_i_79_1
    SLICE_X3Y6           LUT3 (Prop_lut3_I1_O)        0.152     0.574 f  SoC_i/ariane_peripherals_0/inst/i_peripherals_mapper/i_ariane_peripherals/i_plic/gen_target[0].i_target/gen_sequential.irq_i_34/O
                         net (fo=2, routed)           0.652     1.225    SoC_i/ariane_peripherals_0/inst/i_peripherals_mapper/i_ariane_peripherals/i_plic/i_rv_plic_gateway/gen_sequential.irq_i_76_0
    SLICE_X3Y6           LUT4 (Prop_lut4_I3_O)        0.354     1.579 f  SoC_i/ariane_peripherals_0/inst/i_peripherals_mapper/i_ariane_peripherals/i_plic/i_rv_plic_gateway/gen_sequential.irq_i_80__0/O
                         net (fo=3, routed)           0.623     2.203    SoC_i/ariane_peripherals_0/inst/i_peripherals_mapper/i_ariane_peripherals/i_plic/i_rv_plic_gateway/gen_sequential.irq_i_80__0_n_0
    SLICE_X4Y6           LUT6 (Prop_lut6_I5_O)        0.332     2.535 r  SoC_i/ariane_peripherals_0/inst/i_peripherals_mapper/i_ariane_peripherals/i_plic/i_rv_plic_gateway/gen_sequential.irq_i_32/O
                         net (fo=5, routed)           0.630     3.164    SoC_i/ariane_peripherals_0/inst/i_peripherals_mapper/i_ariane_peripherals/i_plic/i_rv_plic_gateway/gen_target[0].i_target/gen_sequential.max_prio13_out
    SLICE_X2Y6           LUT3 (Prop_lut3_I1_O)        0.124     3.288 f  SoC_i/ariane_peripherals_0/inst/i_peripherals_mapper/i_ariane_peripherals/i_plic/i_rv_plic_gateway/gen_sequential.irq_i_76/O
                         net (fo=4, routed)           0.593     3.881    SoC_i/ariane_peripherals_0/inst/i_peripherals_mapper/i_ariane_peripherals/i_plic/i_rv_plic_gateway/gen_sequential.irq_i_76_n_0
    SLICE_X3Y7           LUT4 (Prop_lut4_I3_O)        0.150     4.031 f  SoC_i/ariane_peripherals_0/inst/i_peripherals_mapper/i_ariane_peripherals/i_plic/i_rv_plic_gateway/gen_sequential.irq_i_74__0/O
                         net (fo=5, routed)           0.636     4.668    SoC_i/ariane_peripherals_0/inst/i_peripherals_mapper/i_ariane_peripherals/i_plic/i_rv_plic_gateway/gen_sequential.irq_i_74__0_n_0
    SLICE_X0Y7           LUT6 (Prop_lut6_I0_O)        0.326     4.994 r  SoC_i/ariane_peripherals_0/inst/i_peripherals_mapper/i_ariane_peripherals/i_plic/i_rv_plic_gateway/gen_sequential.irq_i_110/O
                         net (fo=1, routed)           0.670     5.664    SoC_i/ariane_peripherals_0/inst/i_peripherals_mapper/i_ariane_peripherals/i_plic/i_rv_plic_gateway/gen_target[0].i_target/gen_sequential.max_prio29_in
    SLICE_X0Y7           LUT6 (Prop_lut6_I2_O)        0.124     5.788 r  SoC_i/ariane_peripherals_0/inst/i_peripherals_mapper/i_ariane_peripherals/i_plic/i_rv_plic_gateway/gen_sequential.irq_i_70/O
                         net (fo=1, routed)           0.162     5.950    SoC_i/ariane_peripherals_0/inst/i_peripherals_mapper/i_ariane_peripherals/i_plic/i_rv_plic_gateway/gen_sequential.irq_i_70_n_0
    SLICE_X0Y7           LUT6 (Prop_lut6_I1_O)        0.124     6.074 r  SoC_i/ariane_peripherals_0/inst/i_peripherals_mapper/i_ariane_peripherals/i_plic/i_rv_plic_gateway/gen_sequential.irq_i_29/O
                         net (fo=6, routed)           0.597     6.671    SoC_i/ariane_peripherals_0/inst/i_peripherals_mapper/i_ariane_peripherals/i_plic/i_rv_plic_gateway/gen_target[0].i_target/gen_sequential.max_prio115_out
    SLICE_X1Y9           LUT3 (Prop_lut3_I1_O)        0.124     6.795 f  SoC_i/ariane_peripherals_0/inst/i_peripherals_mapper/i_ariane_peripherals/i_plic/i_rv_plic_gateway/gen_sequential.irq_i_64/O
                         net (fo=4, routed)           0.532     7.327    SoC_i/ariane_peripherals_0/inst/i_peripherals_mapper/i_ariane_peripherals/i_plic/i_rv_plic_gateway/gen_sequential.irq_i_64_n_0
    SLICE_X0Y9           LUT4 (Prop_lut4_I3_O)        0.148     7.475 f  SoC_i/ariane_peripherals_0/inst/i_peripherals_mapper/i_ariane_peripherals/i_plic/i_rv_plic_gateway/gen_sequential.irq_i_62__0/O
                         net (fo=5, routed)           0.643     8.117    SoC_i/ariane_peripherals_0/inst/i_peripherals_mapper/i_ariane_peripherals/i_plic/i_rv_plic_gateway/gen_sequential.irq_i_62__0_n_0
    SLICE_X0Y10          LUT6 (Prop_lut6_I0_O)        0.328     8.445 r  SoC_i/ariane_peripherals_0/inst/i_peripherals_mapper/i_ariane_peripherals/i_plic/i_rv_plic_gateway/gen_sequential.irq_i_95/O
                         net (fo=1, routed)           0.296     8.741    SoC_i/ariane_peripherals_0/inst/i_peripherals_mapper/i_ariane_peripherals/i_plic/i_rv_plic_gateway/gen_target[0].i_target/gen_sequential.max_prio221_in
    SLICE_X1Y10          LUT6 (Prop_lut6_I2_O)        0.124     8.865 r  SoC_i/ariane_peripherals_0/inst/i_peripherals_mapper/i_ariane_peripherals/i_plic/i_rv_plic_gateway/gen_sequential.irq_i_52/O
                         net (fo=1, routed)           0.298     9.163    SoC_i/ariane_peripherals_0/inst/i_peripherals_mapper/i_ariane_peripherals/i_plic/i_rv_plic_gateway/gen_sequential.irq_i_52_n_0
    SLICE_X2Y10          LUT6 (Prop_lut6_I1_O)        0.124     9.287 r  SoC_i/ariane_peripherals_0/inst/i_peripherals_mapper/i_ariane_peripherals/i_plic/i_rv_plic_gateway/gen_sequential.irq_i_22/O
                         net (fo=6, routed)           0.764    10.052    SoC_i/ariane_peripherals_0/inst/i_peripherals_mapper/i_ariane_peripherals/i_plic/i_rv_plic_gateway/gen_target[0].i_target/gen_sequential.max_prio127_out
    SLICE_X2Y11          LUT3 (Prop_lut3_I1_O)        0.124    10.176 f  SoC_i/ariane_peripherals_0/inst/i_peripherals_mapper/i_ariane_peripherals/i_plic/i_rv_plic_gateway/gen_sequential.irq_i_40/O
                         net (fo=4, routed)           0.587    10.762    SoC_i/ariane_peripherals_0/inst/i_peripherals_mapper/i_ariane_peripherals/i_plic/i_rv_plic_gateway/gen_sequential.irq_i_40_n_0
    SLICE_X4Y10          LUT4 (Prop_lut4_I3_O)        0.116    10.878 f  SoC_i/ariane_peripherals_0/inst/i_peripherals_mapper/i_ariane_peripherals/i_plic/i_rv_plic_gateway/gen_sequential.irq_i_38__0/O
                         net (fo=5, routed)           0.824    11.703    SoC_i/ariane_peripherals_0/inst/i_peripherals_mapper/i_ariane_peripherals/i_plic/i_rv_plic_gateway/gen_sequential.irq_i_38__0_n_0
    SLICE_X8Y12          LUT6 (Prop_lut6_I0_O)        0.328    12.031 r  SoC_i/ariane_peripherals_0/inst/i_peripherals_mapper/i_ariane_peripherals/i_plic/i_rv_plic_gateway/gen_sequential.irq_i_92/O
                         net (fo=1, routed)           0.452    12.483    SoC_i/ariane_peripherals_0/inst/i_peripherals_mapper/i_ariane_peripherals/i_plic/i_rv_plic_gateway/gen_target[0].i_target/gen_sequential.max_prio233_in
    SLICE_X9Y12          LUT6 (Prop_lut6_I2_O)        0.124    12.607 r  SoC_i/ariane_peripherals_0/inst/i_peripherals_mapper/i_ariane_peripherals/i_plic/i_rv_plic_gateway/gen_sequential.irq_i_48/O
                         net (fo=1, routed)           0.518    13.125    SoC_i/ariane_peripherals_0/inst/i_peripherals_mapper/i_ariane_peripherals/i_plic/i_rv_plic_gateway/gen_sequential.irq_i_48_n_0
    SLICE_X10Y12         LUT6 (Prop_lut6_I1_O)        0.124    13.249 r  SoC_i/ariane_peripherals_0/inst/i_peripherals_mapper/i_ariane_peripherals/i_plic/i_rv_plic_gateway/gen_sequential.irq_i_21/O
                         net (fo=7, routed)           0.641    13.891    SoC_i/ariane_peripherals_0/inst/i_peripherals_mapper/i_ariane_peripherals/i_plic/i_rv_plic_gateway/gen_target[0].i_target/gen_sequential.max_prio139_out
    SLICE_X10Y11         LUT3 (Prop_lut3_I1_O)        0.124    14.015 f  SoC_i/ariane_peripherals_0/inst/i_peripherals_mapper/i_ariane_peripherals/i_plic/i_rv_plic_gateway/gen_sequential.irq_i_68/O
                         net (fo=4, routed)           0.653    14.668    SoC_i/ariane_peripherals_0/inst/i_peripherals_mapper/i_ariane_peripherals/i_plic/i_rv_plic_gateway/gen_sequential.irq_i_68_n_0
    SLICE_X8Y10          LUT4 (Prop_lut4_I3_O)        0.116    14.784 f  SoC_i/ariane_peripherals_0/inst/i_peripherals_mapper/i_ariane_peripherals/i_plic/i_rv_plic_gateway/gen_sequential.irq_i_66__0/O
                         net (fo=5, routed)           0.942    15.725    SoC_i/ariane_peripherals_0/inst/i_peripherals_mapper/i_ariane_peripherals/i_plic/i_rv_plic_gateway/gen_sequential.irq_i_66__0_n_0
    SLICE_X6Y10          LUT6 (Prop_lut6_I0_O)        0.328    16.053 r  SoC_i/ariane_peripherals_0/inst/i_peripherals_mapper/i_ariane_peripherals/i_plic/i_rv_plic_gateway/gen_sequential.irq_i_88/O
                         net (fo=1, routed)           0.165    16.218    SoC_i/ariane_peripherals_0/inst/i_peripherals_mapper/i_ariane_peripherals/i_plic/i_rv_plic_gateway/gen_target[0].i_target/gen_sequential.max_prio245_in
    SLICE_X6Y10          LUT6 (Prop_lut6_I2_O)        0.124    16.342 r  SoC_i/ariane_peripherals_0/inst/i_peripherals_mapper/i_ariane_peripherals/i_plic/i_rv_plic_gateway/gen_sequential.irq_i_44/O
                         net (fo=1, routed)           0.429    16.771    SoC_i/ariane_peripherals_0/inst/i_peripherals_mapper/i_ariane_peripherals/i_plic/i_rv_plic_gateway/gen_sequential.irq_i_44_n_0
    SLICE_X5Y10          LUT6 (Prop_lut6_I1_O)        0.124    16.895 r  SoC_i/ariane_peripherals_0/inst/i_peripherals_mapper/i_ariane_peripherals/i_plic/i_rv_plic_gateway/gen_sequential.irq_i_20/O
                         net (fo=5, routed)           0.597    17.492    SoC_i/ariane_peripherals_0/inst/i_peripherals_mapper/i_ariane_peripherals/i_plic/i_rv_plic_gateway/gen_target[0].i_target/gen_sequential.max_prio151_out
    SLICE_X7Y10          LUT3 (Prop_lut3_I1_O)        0.124    17.616 f  SoC_i/ariane_peripherals_0/inst/i_peripherals_mapper/i_ariane_peripherals/i_plic/i_rv_plic_gateway/gen_sequential.irq_i_42/O
                         net (fo=4, routed)           0.597    18.213    SoC_i/ariane_peripherals_0/inst/i_peripherals_mapper/i_ariane_peripherals/i_plic/i_rv_plic_gateway/gen_sequential.irq_i_42_n_0
    SLICE_X5Y9           LUT4 (Prop_lut4_I3_O)        0.150    18.363 f  SoC_i/ariane_peripherals_0/inst/i_peripherals_mapper/i_ariane_peripherals/i_plic/i_rv_plic_gateway/gen_sequential.irq_i_60__0/O
                         net (fo=5, routed)           0.538    18.901    SoC_i/ariane_peripherals_0/inst/i_peripherals_mapper/i_ariane_peripherals/i_plic/i_rv_plic_gateway/gen_sequential.irq_i_60__0_n_0
    SLICE_X6Y8           LUT6 (Prop_lut6_I0_O)        0.332    19.233 r  SoC_i/ariane_peripherals_0/inst/i_peripherals_mapper/i_ariane_peripherals/i_plic/i_rv_plic_gateway/gen_sequential.irq_i_99/O
                         net (fo=1, routed)           0.291    19.524    SoC_i/ariane_peripherals_0/inst/i_peripherals_mapper/i_ariane_peripherals/i_plic/i_rv_plic_gateway/gen_target[0].i_target/gen_sequential.max_prio257_in
    SLICE_X7Y8           LUT6 (Prop_lut6_I2_O)        0.124    19.648 r  SoC_i/ariane_peripherals_0/inst/i_peripherals_mapper/i_ariane_peripherals/i_plic/i_rv_plic_gateway/gen_sequential.irq_i_56/O
                         net (fo=1, routed)           0.379    20.027    SoC_i/ariane_peripherals_0/inst/i_peripherals_mapper/i_ariane_peripherals/i_plic/i_rv_plic_gateway/gen_sequential.irq_i_56_n_0
    SLICE_X9Y8           LUT6 (Prop_lut6_I1_O)        0.124    20.151 r  SoC_i/ariane_peripherals_0/inst/i_peripherals_mapper/i_ariane_peripherals/i_plic/i_rv_plic_gateway/gen_sequential.irq_i_23/O
                         net (fo=5, routed)           0.610    20.761    SoC_i/ariane_peripherals_0/inst/i_peripherals_mapper/i_ariane_peripherals/i_plic/i_rv_plic_gateway/gen_target[0].i_target/gen_sequential.max_prio163_out
    SLICE_X9Y7           LUT3 (Prop_lut3_I1_O)        0.150    20.911 f  SoC_i/ariane_peripherals_0/inst/i_peripherals_mapper/i_ariane_peripherals/i_plic/i_rv_plic_gateway/gen_sequential.irq_id[4]_i_26/O
                         net (fo=4, routed)           0.456    21.366    SoC_i/ariane_peripherals_0/inst/i_peripherals_mapper/i_ariane_peripherals/i_plic/i_rv_plic_gateway/gen_sequential.irq_id[4]_i_26_n_0
    SLICE_X10Y8          LUT4 (Prop_lut4_I3_O)        0.318    21.684 f  SoC_i/ariane_peripherals_0/inst/i_peripherals_mapper/i_ariane_peripherals/i_plic/i_rv_plic_gateway/gen_sequential.irq_id[4]_i_24__0/O
                         net (fo=5, routed)           0.858    22.543    SoC_i/ariane_peripherals_0/inst/i_peripherals_mapper/i_ariane_peripherals/i_plic/i_rv_plic_gateway/gen_sequential.irq_id[4]_i_24__0_n_0
    SLICE_X11Y7          LUT4 (Prop_lut4_I3_O)        0.354    22.897 f  SoC_i/ariane_peripherals_0/inst/i_peripherals_mapper/i_ariane_peripherals/i_plic/i_rv_plic_gateway/gen_sequential.irq_id[4]_i_20__0/O
                         net (fo=3, routed)           0.850    23.746    SoC_i/ariane_peripherals_0/inst/i_peripherals_mapper/i_ariane_peripherals/i_plic/i_rv_plic_gateway/gen_sequential.irq_id[4]_i_20__0_n_0
    SLICE_X12Y6          LUT6 (Prop_lut6_I5_O)        0.326    24.072 r  SoC_i/ariane_peripherals_0/inst/i_peripherals_mapper/i_ariane_peripherals/i_plic/i_rv_plic_gateway/gen_sequential.irq_id[4]_i_7/O
                         net (fo=6, routed)           0.854    24.926    SoC_i/ariane_peripherals_0/inst/i_peripherals_mapper/i_ariane_peripherals/i_plic/i_rv_plic_gateway/gen_target[0].i_target/gen_sequential.max_prio175_out
    SLICE_X12Y5          LUT3 (Prop_lut3_I1_O)        0.124    25.050 f  SoC_i/ariane_peripherals_0/inst/i_peripherals_mapper/i_ariane_peripherals/i_plic/i_rv_plic_gateway/gen_sequential.irq_id[4]_i_22/O
                         net (fo=4, routed)           0.475    25.525    SoC_i/ariane_peripherals_0/inst/i_peripherals_mapper/i_ariane_peripherals/i_plic/i_rv_plic_gateway/gen_sequential.irq_id[4]_i_22_n_0
    SLICE_X17Y4          LUT4 (Prop_lut4_I3_O)        0.124    25.649 f  SoC_i/ariane_peripherals_0/inst/i_peripherals_mapper/i_ariane_peripherals/i_plic/i_rv_plic_gateway/gen_sequential.irq_id[4]_i_36__0/O
                         net (fo=5, routed)           0.648    26.297    SoC_i/ariane_peripherals_0/inst/i_peripherals_mapper/i_ariane_peripherals/i_plic/i_rv_plic_gateway/gen_sequential.irq_id[4]_i_36__0_n_0
    SLICE_X14Y4          LUT6 (Prop_lut6_I0_O)        0.124    26.421 r  SoC_i/ariane_peripherals_0/inst/i_peripherals_mapper/i_ariane_peripherals/i_plic/i_rv_plic_gateway/gen_sequential.irq_id[4]_i_50/O
                         net (fo=1, routed)           0.567    26.988    SoC_i/ariane_peripherals_0/inst/i_peripherals_mapper/i_ariane_peripherals/i_plic/i_rv_plic_gateway/gen_target[0].i_target/gen_sequential.max_prio281_in
    SLICE_X14Y4          LUT6 (Prop_lut6_I2_O)        0.124    27.112 r  SoC_i/ariane_peripherals_0/inst/i_peripherals_mapper/i_ariane_peripherals/i_plic/i_rv_plic_gateway/gen_sequential.irq_id[4]_i_32/O
                         net (fo=1, routed)           0.592    27.705    SoC_i/ariane_peripherals_0/inst/i_peripherals_mapper/i_ariane_peripherals/i_plic/i_rv_plic_gateway/gen_sequential.irq_id[4]_i_32_n_0
    SLICE_X15Y4          LUT6 (Prop_lut6_I1_O)        0.124    27.829 r  SoC_i/ariane_peripherals_0/inst/i_peripherals_mapper/i_ariane_peripherals/i_plic/i_rv_plic_gateway/gen_sequential.irq_id[4]_i_15/O
                         net (fo=5, routed)           0.735    28.564    SoC_i/ariane_peripherals_0/inst/i_peripherals_mapper/i_ariane_peripherals/i_plic/i_rv_plic_gateway/gen_target[0].i_target/gen_sequential.max_prio187_out
    SLICE_X14Y4          LUT3 (Prop_lut3_I1_O)        0.124    28.688 f  SoC_i/ariane_peripherals_0/inst/i_peripherals_mapper/i_ariane_peripherals/i_plic/i_rv_plic_gateway/gen_sequential.irq_id[4]_i_30/O
                         net (fo=4, routed)           0.606    29.294    SoC_i/ariane_peripherals_0/inst/i_peripherals_mapper/i_ariane_peripherals/i_plic/i_rv_plic_gateway/gen_sequential.irq_id[4]_i_30_n_0
    SLICE_X13Y3          LUT4 (Prop_lut4_I3_O)        0.150    29.444 f  SoC_i/ariane_peripherals_0/inst/i_peripherals_mapper/i_ariane_peripherals/i_plic/i_rv_plic_gateway/gen_sequential.irq_id[4]_i_28__0/O
                         net (fo=5, routed)           0.758    30.201    SoC_i/ariane_peripherals_0/inst/i_peripherals_mapper/i_ariane_peripherals/i_plic/i_rv_plic_gateway/gen_sequential.irq_id[4]_i_28__0_n_0
    SLICE_X13Y0          LUT6 (Prop_lut6_I0_O)        0.326    30.527 r  SoC_i/ariane_peripherals_0/inst/i_peripherals_mapper/i_ariane_peripherals/i_plic/i_rv_plic_gateway/gen_sequential.irq_id[1]_i_15/O
                         net (fo=1, routed)           0.436    30.963    SoC_i/ariane_peripherals_0/inst/i_peripherals_mapper/i_ariane_peripherals/i_plic/i_rv_plic_gateway/gen_target[0].i_target/gen_sequential.max_prio293_in
    SLICE_X12Y0          LUT6 (Prop_lut6_I2_O)        0.124    31.087 r  SoC_i/ariane_peripherals_0/inst/i_peripherals_mapper/i_ariane_peripherals/i_plic/i_rv_plic_gateway/gen_sequential.irq_id[1]_i_8/O
                         net (fo=1, routed)           0.452    31.539    SoC_i/ariane_peripherals_0/inst/i_peripherals_mapper/i_ariane_peripherals/i_plic/i_rv_plic_gateway/gen_sequential.irq_id[1]_i_8_n_0
    SLICE_X12Y0          LUT6 (Prop_lut6_I1_O)        0.124    31.663 r  SoC_i/ariane_peripherals_0/inst/i_peripherals_mapper/i_ariane_peripherals/i_plic/i_rv_plic_gateway/gen_sequential.irq_id[1]_i_3/O
                         net (fo=6, routed)           0.699    32.362    SoC_i/ariane_peripherals_0/inst/i_peripherals_mapper/i_ariane_peripherals/i_plic/i_rv_plic_gateway/gen_target[0].i_target/gen_sequential.max_prio199_out
    SLICE_X12Y1          LUT3 (Prop_lut3_I1_O)        0.124    32.486 f  SoC_i/ariane_peripherals_0/inst/i_peripherals_mapper/i_ariane_peripherals/i_plic/i_rv_plic_gateway/gen_sequential.irq_id[1]_i_6/O
                         net (fo=4, routed)           0.756    33.242    SoC_i/ariane_peripherals_0/inst/i_peripherals_mapper/i_ariane_peripherals/i_plic/i_rv_plic_gateway/gen_sequential.irq_id[1]_i_6_n_0
    SLICE_X11Y2          LUT4 (Prop_lut4_I3_O)        0.150    33.392 f  SoC_i/ariane_peripherals_0/inst/i_peripherals_mapper/i_ariane_peripherals/i_plic/i_rv_plic_gateway/gen_sequential.irq_id[2]_i_8__0/O
                         net (fo=5, routed)           0.641    34.033    SoC_i/ariane_peripherals_0/inst/i_peripherals_mapper/i_ariane_peripherals/i_plic/i_rv_plic_gateway/gen_sequential.irq_id[2]_i_8__0_n_0
    SLICE_X10Y0          LUT6 (Prop_lut6_I0_O)        0.326    34.359 r  SoC_i/ariane_peripherals_0/inst/i_peripherals_mapper/i_ariane_peripherals/i_plic/i_rv_plic_gateway/gen_sequential.irq_id[2]_i_16/O
                         net (fo=1, routed)           0.446    34.805    SoC_i/ariane_peripherals_0/inst/i_peripherals_mapper/i_ariane_peripherals/i_plic/i_rv_plic_gateway/gen_target[0].i_target/gen_sequential.max_prio2105_in
    SLICE_X9Y0           LUT6 (Prop_lut6_I2_O)        0.124    34.929 r  SoC_i/ariane_peripherals_0/inst/i_peripherals_mapper/i_ariane_peripherals/i_plic/i_rv_plic_gateway/gen_sequential.irq_id[2]_i_10/O
                         net (fo=1, routed)           0.517    35.446    SoC_i/ariane_peripherals_0/inst/i_peripherals_mapper/i_ariane_peripherals/i_plic/i_rv_plic_gateway/gen_sequential.irq_id[2]_i_10_n_0
    SLICE_X8Y0           LUT6 (Prop_lut6_I1_O)        0.124    35.570 r  SoC_i/ariane_peripherals_0/inst/i_peripherals_mapper/i_ariane_peripherals/i_plic/i_rv_plic_gateway/gen_sequential.irq_id[2]_i_5/O
                         net (fo=5, routed)           0.358    35.928    SoC_i/ariane_peripherals_0/inst/i_peripherals_mapper/i_ariane_peripherals/i_plic/i_rv_plic_gateway/gen_target[0].i_target/gen_sequential.max_prio1111_out
    SLICE_X8Y1           LUT6 (Prop_lut6_I5_O)        0.124    36.052 r  SoC_i/ariane_peripherals_0/inst/i_peripherals_mapper/i_ariane_peripherals/i_plic/i_rv_plic_gateway/gen_sequential.irq_i_15/O
                         net (fo=1, routed)           0.505    36.556    SoC_i/ariane_peripherals_0/inst/i_peripherals_mapper/i_ariane_peripherals/i_plic/i_rv_plic_gateway/gen_sequential.irq_i_15_n_0
    SLICE_X9Y2           LUT5 (Prop_lut5_I2_O)        0.124    36.680 r  SoC_i/ariane_peripherals_0/inst/i_peripherals_mapper/i_ariane_peripherals/i_plic/i_rv_plic_gateway/gen_sequential.irq_i_4/O
                         net (fo=6, routed)           1.068    37.748    SoC_i/ariane_peripherals_0/inst/i_peripherals_mapper/i_ariane_peripherals/i_plic/i_rv_plic_gateway/gen_target[0].i_target/gen_sequential.irq_next1__1
    SLICE_X14Y8          LUT6 (Prop_lut6_I2_O)        0.124    37.872 r  SoC_i/ariane_peripherals_0/inst/i_peripherals_mapper/i_ariane_peripherals/i_plic/i_rv_plic_gateway/gen_sequential.irq_i_1/O
                         net (fo=1, routed)           0.000    37.872    SoC_i/ariane_peripherals_0/inst/i_peripherals_mapper/i_ariane_peripherals/i_plic/gen_target[0].i_target/irq0
    SLICE_X14Y8          FDCE                                         r  SoC_i/ariane_peripherals_0/inst/i_peripherals_mapper/i_ariane_peripherals/i_plic/gen_target[0].i_target/gen_sequential.irq_reg/D
  -------------------------------------------------------------------    -------------------

                         (clock clk_25_SoC_clk_wiz_0_0 rise edge)
                                                     40.000    40.000 r  
    H16                                               0.000    40.000 r  sys_clock (IN)
                         net (fo=0)                   0.000    40.000    SoC_i/clk_wiz_0/inst/clk_in1
    H16                  IBUF (Prop_ibuf_I_O)         1.380    41.380 r  SoC_i/clk_wiz_0/inst/clkin1_ibufg/O
                         net (fo=1, routed)           1.162    42.542    SoC_i/clk_wiz_0/inst/clk_in1_SoC_clk_wiz_0_0
    MMCME2_ADV_X1Y2      MMCME2_ADV (Prop_mmcme2_adv_CLKIN1_CLKOUT0)
                                                     -7.814    34.728 r  SoC_i/clk_wiz_0/inst/mmcm_adv_inst/CLKOUT0
                         net (fo=2, routed)           2.012    36.740    SoC_i/clk_wiz_0/inst/clk_25_SoC_clk_wiz_0_0
    BUFGCTRL_X0Y17       BUFGCTRL (Prop_bufgctrl_I0_O)
                                                      0.091    36.831 r  SoC_i/clk_wiz_0/inst/clkout1_buf/O
                         net (fo=24061, routed)       1.579    38.411    SoC_i/ariane_peripherals_0/inst/i_peripherals_mapper/i_ariane_peripherals/i_plic/gen_target[0].i_target/aclk
    SLICE_X14Y8          FDCE                                         r  SoC_i/ariane_peripherals_0/inst/i_peripherals_mapper/i_ariane_peripherals/i_plic/gen_target[0].i_target/gen_sequential.irq_reg/C
                         clock pessimism              0.567    38.978    
                         clock uncertainty           -0.090    38.888    
    SLICE_X14Y8          FDCE (Setup_fdce_C_D)        0.081    38.969    SoC_i/ariane_peripherals_0/inst/i_peripherals_mapper/i_ariane_peripherals/i_plic/gen_target[0].i_target/gen_sequential.irq_reg
  -------------------------------------------------------------------
                         required time                         38.969    
                         arrival time                         -37.872    
  -------------------------------------------------------------------
                         slack                                  1.096    





Min Delay Paths
--------------------------------------------------------------------------------------
Slack (MET) :             0.029ns  (arrival time - required time)
  Source:                 SoC_i/northbridge/axi_interconnect_0/m05_couplers/auto_ds/inst/gen_downsizer.gen_simple_downsizer.axi_downsizer_inst/USE_WRITE.write_addr_inst/cmd_queue/inst/fifo_gen_inst/inst_fifo_gen/gconvfifo.rf/grf.rf/gntv_or_sync_fifo.mem/gdm.dm_gen.dm/gpr1.dout_i_reg[6]/C
                            (rising edge-triggered cell FDRE clocked by clk_25_SoC_clk_wiz_0_0  {rise@0.000ns fall@20.000ns period=40.000ns})
  Destination:            SoC_i/northbridge/axi_interconnect_0/m05_couplers/auto_ds/inst/gen_downsizer.gen_simple_downsizer.axi_downsizer_inst/USE_WRITE.write_addr_inst/cmd_queue/inst/fifo_gen_inst/inst_fifo_gen/gconvfifo.rf/grf.rf/gntv_or_sync_fifo.mem/goreg_dm.dout_i_reg[6]/D
                            (rising edge-triggered cell FDRE clocked by clk_25_SoC_clk_wiz_0_0  {rise@0.000ns fall@20.000ns period=40.000ns})
  Path Group:             clk_25_SoC_clk_wiz_0_0
  Path Type:              Hold (Min at Fast Process Corner)
  Requirement:            0.000ns  (clk_25_SoC_clk_wiz_0_0 rise@0.000ns - clk_25_SoC_clk_wiz_0_0 rise@0.000ns)
  Data Path Delay:        0.306ns  (logic 0.148ns (48.405%)  route 0.158ns (51.595%))
  Logic Levels:           0  
  Clock Path Skew:        0.263ns (DCD - SCD - CPR)
    Destination Clock Delay (DCD):    -0.924ns
    Source Clock Delay      (SCD):    -0.684ns
    Clock Pessimism Removal (CPR):    -0.504ns

    Location             Delay type                Incr(ns)  Path(ns)    Netlist Resource(s)
  -------------------------------------------------------------------    -------------------
                         (clock clk_25_SoC_clk_wiz_0_0 rise edge)
                                                      0.000     0.000 r  
    H16                                               0.000     0.000 r  sys_clock (IN)
                         net (fo=0)                   0.000     0.000    SoC_i/clk_wiz_0/inst/clk_in1
    H16                  IBUF (Prop_ibuf_I_O)         0.219     0.219 r  SoC_i/clk_wiz_0/inst/clkin1_ibufg/O
                         net (fo=1, routed)           0.440     0.659    SoC_i/clk_wiz_0/inst/clk_in1_SoC_clk_wiz_0_0
    MMCME2_ADV_X1Y2      MMCME2_ADV (Prop_mmcme2_adv_CLKIN1_CLKOUT0)
                                                     -2.613    -1.954 r  SoC_i/clk_wiz_0/inst/mmcm_adv_inst/CLKOUT0
                         net (fo=2, routed)           0.696    -1.257    SoC_i/clk_wiz_0/inst/clk_25_SoC_clk_wiz_0_0
    BUFGCTRL_X0Y17       BUFGCTRL (Prop_bufgctrl_I0_O)
                                                      0.026    -1.231 r  SoC_i/clk_wiz_0/inst/clkout1_buf/O
                         net (fo=24061, routed)       0.548    -0.684    SoC_i/northbridge/axi_interconnect_0/m05_couplers/auto_ds/inst/gen_downsizer.gen_simple_downsizer.axi_downsizer_inst/USE_WRITE.write_addr_inst/cmd_queue/inst/fifo_gen_inst/inst_fifo_gen/gconvfifo.rf/grf.rf/gntv_or_sync_fifo.mem/gdm.dm_gen.dm/clk
    SLICE_X50Y22         FDRE                                         r  SoC_i/northbridge/axi_interconnect_0/m05_couplers/auto_ds/inst/gen_downsizer.gen_simple_downsizer.axi_downsizer_inst/USE_WRITE.write_addr_inst/cmd_queue/inst/fifo_gen_inst/inst_fifo_gen/gconvfifo.rf/grf.rf/gntv_or_sync_fifo.mem/gdm.dm_gen.dm/gpr1.dout_i_reg[6]/C
  -------------------------------------------------------------------    -------------------
    SLICE_X50Y22         FDRE (Prop_fdre_C_Q)         0.148    -0.536 r  SoC_i/northbridge/axi_interconnect_0/m05_couplers/auto_ds/inst/gen_downsizer.gen_simple_downsizer.axi_downsizer_inst/USE_WRITE.write_addr_inst/cmd_queue/inst/fifo_gen_inst/inst_fifo_gen/gconvfifo.rf/grf.rf/gntv_or_sync_fifo.mem/gdm.dm_gen.dm/gpr1.dout_i_reg[6]/Q
                         net (fo=1, routed)           0.158    -0.378    SoC_i/northbridge/axi_interconnect_0/m05_couplers/auto_ds/inst/gen_downsizer.gen_simple_downsizer.axi_downsizer_inst/USE_WRITE.write_addr_inst/cmd_queue/inst/fifo_gen_inst/inst_fifo_gen/gconvfifo.rf/grf.rf/gntv_or_sync_fifo.mem/dout_i[6]
    SLICE_X48Y22         FDRE                                         r  SoC_i/northbridge/axi_interconnect_0/m05_couplers/auto_ds/inst/gen_downsizer.gen_simple_downsizer.axi_downsizer_inst/USE_WRITE.write_addr_inst/cmd_queue/inst/fifo_gen_inst/inst_fifo_gen/gconvfifo.rf/grf.rf/gntv_or_sync_fifo.mem/goreg_dm.dout_i_reg[6]/D
  -------------------------------------------------------------------    -------------------

                         (clock clk_25_SoC_clk_wiz_0_0 rise edge)
                                                      0.000     0.000 r  
    H16                                               0.000     0.000 r  sys_clock (IN)
                         net (fo=0)                   0.000     0.000    SoC_i/clk_wiz_0/inst/clk_in1
    H16                  IBUF (Prop_ibuf_I_O)         0.406     0.406 r  SoC_i/clk_wiz_0/inst/clkin1_ibufg/O
                         net (fo=1, routed)           0.480     0.886    SoC_i/clk_wiz_0/inst/clk_in1_SoC_clk_wiz_0_0
    MMCME2_ADV_X1Y2      MMCME2_ADV (Prop_mmcme2_adv_CLKIN1_CLKOUT0)
                                                     -3.407    -2.521 r  SoC_i/clk_wiz_0/inst/mmcm_adv_inst/CLKOUT0
                         net (fo=2, routed)           0.752    -1.769    SoC_i/clk_wiz_0/inst/clk_25_SoC_clk_wiz_0_0
    BUFGCTRL_X0Y17       BUFGCTRL (Prop_bufgctrl_I0_O)
                                                      0.029    -1.740 r  SoC_i/clk_wiz_0/inst/clkout1_buf/O
                         net (fo=24061, routed)       0.816    -0.924    SoC_i/northbridge/axi_interconnect_0/m05_couplers/auto_ds/inst/gen_downsizer.gen_simple_downsizer.axi_downsizer_inst/USE_WRITE.write_addr_inst/cmd_queue/inst/fifo_gen_inst/inst_fifo_gen/gconvfifo.rf/grf.rf/gntv_or_sync_fifo.mem/clk
    SLICE_X48Y22         FDRE                                         r  SoC_i/northbridge/axi_interconnect_0/m05_couplers/auto_ds/inst/gen_downsizer.gen_simple_downsizer.axi_downsizer_inst/USE_WRITE.write_addr_inst/cmd_queue/inst/fifo_gen_inst/inst_fifo_gen/gconvfifo.rf/grf.rf/gntv_or_sync_fifo.mem/goreg_dm.dout_i_reg[6]/C
                         clock pessimism              0.504    -0.420    
    SLICE_X48Y22         FDRE (Hold_fdre_C_D)         0.013    -0.407    SoC_i/northbridge/axi_interconnect_0/m05_couplers/auto_ds/inst/gen_downsizer.gen_simple_downsizer.axi_downsizer_inst/USE_WRITE.write_addr_inst/cmd_queue/inst/fifo_gen_inst/inst_fifo_gen/gconvfifo.rf/grf.rf/gntv_or_sync_fifo.mem/goreg_dm.dout_i_reg[6]
  -------------------------------------------------------------------
                         required time                          0.407    
                         arrival time                          -0.378    
  -------------------------------------------------------------------
                         slack                                  0.029    





Pulse Width Checks
--------------------------------------------------------------------------------------
Clock Name:         clk_25_SoC_clk_wiz_0_0
Waveform(ns):       { 0.000 20.000 }
Period(ns):         40.000
Sources:            { SoC_i/clk_wiz_0/inst/mmcm_adv_inst/CLKOUT0 }

Check Type        Corner  Lib Pin             Reference Pin  Required(ns)  Actual(ns)  Slack(ns)  Location         Pin
Min Period        n/a     RAMB36E1/CLKARDCLK  n/a            2.944         40.000      37.056     RAMB36_X5Y3      SoC_i/cpu_0/inst/i_cva6_wrapper/i_ariane/i_cva6/gen_cache_wt.i_cache_subsystem/i_cva6_icache/gen_sram[0].data_sram/data_sram/gen_cut[0].i_tc_sram_wrapper/i_ram/Mem_DP_reg/CLKARDCLK
Max Period        n/a     MMCME2_ADV/CLKOUT0  n/a            213.360       40.000      173.360    MMCME2_ADV_X1Y2  SoC_i/clk_wiz_0/inst/mmcm_adv_inst/CLKOUT0
Low Pulse Width   Slow    RAMD32/CLK          n/a            1.250         20.000      18.750     SLICE_X30Y29     SoC_i/cpu_0/inst/i_cva6_wrapper/i_ariane/i_cva6/gen_cache_wt.i_cache_subsystem/i_adapter/i_b_fifo/gen_fpga_queue.fifo_ram/mem_reg_0_3_0_4/RAMA/CLK
High Pulse Width  Slow    RAMD32/CLK          n/a            1.250         20.000      18.750     SLICE_X30Y29     SoC_i/cpu_0/inst/i_cva6_wrapper/i_ariane/i_cva6/gen_cache_wt.i_cache_subsystem/i_adapter/i_b_fifo/gen_fpga_queue.fifo_ram/mem_reg_0_3_0_4/RAMA/CLK



---------------------------------------------------------------------------------------------------
From Clock:  clk_50_SoC_clk_wiz_0_0
  To Clock:  clk_50_SoC_clk_wiz_0_0

Setup :            0  Failing Endpoints,  Worst Slack       11.466ns,  Total Violation        0.000ns
Hold  :            0  Failing Endpoints,  Worst Slack        0.075ns,  Total Violation        0.000ns
PW    :            0  Failing Endpoints,  Worst Slack        8.750ns,  Total Violation        0.000ns
---------------------------------------------------------------------------------------------------


Max Delay Paths
--------------------------------------------------------------------------------------
Slack (MET) :             11.466ns  (required time - arrival time)
  Source:                 SoC_i/processing_system7_0/inst/PS7_i/SAXIHP0ACLK
                            (rising edge-triggered cell PS7 clocked by clk_50_SoC_clk_wiz_0_0  {rise@0.000ns fall@10.000ns period=20.000ns})
  Destination:            SoC_i/axi_mem_intercon/s00_couplers/auto_pc/inst/gen_axi4_axi3.axi3_conv_inst/USE_WRITE.write_addr_inst/USE_BURSTS.cmd_queue/inst/fifo_gen_inst/inst_fifo_gen/gconvfifo.rf/grf.rf/gntv_or_sync_fifo.gl0.wr/gwss.wsts/ram_full_fb_i_reg/D
                            (rising edge-triggered cell FDCE clocked by clk_50_SoC_clk_wiz_0_0  {rise@0.000ns fall@10.000ns period=20.000ns})
  Path Group:             clk_50_SoC_clk_wiz_0_0
  Path Type:              Setup (Max at Slow Process Corner)
  Requirement:            20.000ns  (clk_50_SoC_clk_wiz_0_0 rise@20.000ns - clk_50_SoC_clk_wiz_0_0 rise@0.000ns)
  Data Path Delay:        8.024ns  (logic 2.284ns (28.465%)  route 5.740ns (71.535%))
  Logic Levels:           4  (LUT3=1 LUT4=1 LUT5=1 LUT6=1)
  Clock Path Skew:        -0.161ns (DCD - SCD + CPR)
    Destination Clock Delay (DCD):    -1.509ns = ( 18.491 - 20.000 ) 
    Source Clock Delay      (SCD):    -0.896ns
    Clock Pessimism Removal (CPR):    0.452ns
  Clock Uncertainty:      0.080ns  ((TSJ^2 + DJ^2)^1/2) / 2 + PE
    Total System Jitter     (TSJ):    0.071ns
    Discrete Jitter          (DJ):    0.144ns
    Phase Error              (PE):    0.000ns

    Location             Delay type                Incr(ns)  Path(ns)    Netlist Resource(s)
  -------------------------------------------------------------------    -------------------
                         (clock clk_50_SoC_clk_wiz_0_0 rise edge)
                                                      0.000     0.000 r  
    H16                                               0.000     0.000 r  sys_clock (IN)
                         net (fo=0)                   0.000     0.000    SoC_i/clk_wiz_0/inst/clk_in1
    H16                  IBUF (Prop_ibuf_I_O)         1.451     1.451 r  SoC_i/clk_wiz_0/inst/clkin1_ibufg/O
                         net (fo=1, routed)           1.285     2.736    SoC_i/clk_wiz_0/inst/clk_in1_SoC_clk_wiz_0_0
    MMCME2_ADV_X1Y2      MMCME2_ADV (Prop_mmcme2_adv_CLKIN1_CLKOUT1)
                                                     -7.759    -5.023 r  SoC_i/clk_wiz_0/inst/mmcm_adv_inst/CLKOUT1
                         net (fo=2, routed)           2.206    -2.817    SoC_i/clk_wiz_0/inst/clk_50_SoC_clk_wiz_0_0
    BUFGCTRL_X0Y16       BUFGCTRL (Prop_bufgctrl_I0_O)
                                                      0.101    -2.716 r  SoC_i/clk_wiz_0/inst/clkout2_buf/O
                         net (fo=728, routed)         1.820    -0.896    SoC_i/processing_system7_0/inst/S_AXI_HP0_ACLK
    PS7_X0Y0             PS7                                          r  SoC_i/processing_system7_0/inst/PS7_i/SAXIHP0ACLK
  -------------------------------------------------------------------    -------------------
    PS7_X0Y0             PS7 (Prop_ps7_SAXIHP0ACLK_SAXIHP0WREADY)
                                                      1.277     0.381 f  SoC_i/processing_system7_0/inst/PS7_i/SAXIHP0WREADY
                         net (fo=4, routed)           2.254     2.635    SoC_i/axi_mem_intercon/s00_couplers/auto_pc/inst/gen_axi4_axi3.axi3_conv_inst/USE_WRITE.write_addr_inst/USE_BURSTS.cmd_queue/inst/m_axi_wready
    SLICE_X11Y49         LUT3 (Prop_lut3_I0_O)        0.152     2.787 f  SoC_i/axi_mem_intercon/s00_couplers/auto_pc/inst/gen_axi4_axi3.axi3_conv_inst/USE_WRITE.write_addr_inst/USE_BURSTS.cmd_queue/inst/s_axi_wready_INST_0/O
                         net (fo=86, routed)          1.066     3.853    SoC_i/axi_mem_intercon/s00_couplers/auto_pc/inst/gen_axi4_axi3.axi3_conv_inst/USE_WRITE.write_data_inst/length_counter_1_reg[5]_0
    SLICE_X8Y48          LUT6 (Prop_lut6_I4_O)        0.326     4.179 f  SoC_i/axi_mem_intercon/s00_couplers/auto_pc/inst/gen_axi4_axi3.axi3_conv_inst/USE_WRITE.write_data_inst/fifo_gen_inst_i_2__0/O
                         net (fo=15, routed)          1.202     5.381    SoC_i/axi_mem_intercon/s00_couplers/auto_pc/inst/gen_axi4_axi3.axi3_conv_inst/USE_WRITE.write_addr_inst/USE_BURSTS.cmd_queue/inst/fifo_gen_inst/inst_fifo_gen/gconvfifo.rf/grf.rf/gntv_or_sync_fifo.gl0.rd/gr1.gr1_int.rfwft/rd_en
    SLICE_X6Y49          LUT4 (Prop_lut4_I1_O)        0.152     5.533 f  SoC_i/axi_mem_intercon/s00_couplers/auto_pc/inst/gen_axi4_axi3.axi3_conv_inst/USE_WRITE.write_addr_inst/USE_BURSTS.cmd_queue/inst/fifo_gen_inst/inst_fifo_gen/gconvfifo.rf/grf.rf/gntv_or_sync_fifo.gl0.rd/gr1.gr1_int.rfwft/gc0.count_d1[4]_i_1/O
                         net (fo=12, routed)          0.741     6.274    SoC_i/axi_mem_intercon/s00_couplers/auto_pc/inst/gen_axi4_axi3.axi3_conv_inst/USE_WRITE.write_addr_inst/USE_BURSTS.cmd_queue/inst/fifo_gen_inst/inst_fifo_gen/gconvfifo.rf/grf.rf/gntv_or_sync_fifo.gl0.wr/wpntr/ram_empty_i_reg[0]
    SLICE_X5Y48          LUT5 (Prop_lut5_I3_O)        0.377     6.651 r  SoC_i/axi_mem_intercon/s00_couplers/auto_pc/inst/gen_axi4_axi3.axi3_conv_inst/USE_WRITE.write_addr_inst/USE_BURSTS.cmd_queue/inst/fifo_gen_inst/inst_fifo_gen/gconvfifo.rf/grf.rf/gntv_or_sync_fifo.gl0.wr/wpntr/ram_full_fb_i_i_1/O
                         net (fo=2, routed)           0.477     7.128    SoC_i/axi_mem_intercon/s00_couplers/auto_pc/inst/gen_axi4_axi3.axi3_conv_inst/USE_WRITE.write_addr_inst/USE_BURSTS.cmd_queue/inst/fifo_gen_inst/inst_fifo_gen/gconvfifo.rf/grf.rf/gntv_or_sync_fifo.gl0.wr/gwss.wsts/ram_full_comb
    SLICE_X5Y48          FDCE                                         r  SoC_i/axi_mem_intercon/s00_couplers/auto_pc/inst/gen_axi4_axi3.axi3_conv_inst/USE_WRITE.write_addr_inst/USE_BURSTS.cmd_queue/inst/fifo_gen_inst/inst_fifo_gen/gconvfifo.rf/grf.rf/gntv_or_sync_fifo.gl0.wr/gwss.wsts/ram_full_fb_i_reg/D
  -------------------------------------------------------------------    -------------------

                         (clock clk_50_SoC_clk_wiz_0_0 rise edge)
                                                     20.000    20.000 r  
    H16                                               0.000    20.000 r  sys_clock (IN)
                         net (fo=0)                   0.000    20.000    SoC_i/clk_wiz_0/inst/clk_in1
    H16                  IBUF (Prop_ibuf_I_O)         1.380    21.380 r  SoC_i/clk_wiz_0/inst/clkin1_ibufg/O
                         net (fo=1, routed)           1.162    22.542    SoC_i/clk_wiz_0/inst/clk_in1_SoC_clk_wiz_0_0
    MMCME2_ADV_X1Y2      MMCME2_ADV (Prop_mmcme2_adv_CLKIN1_CLKOUT1)
                                                     -7.814    14.728 r  SoC_i/clk_wiz_0/inst/mmcm_adv_inst/CLKOUT1
                         net (fo=2, routed)           2.012    16.740    SoC_i/clk_wiz_0/inst/clk_50_SoC_clk_wiz_0_0
    BUFGCTRL_X0Y16       BUFGCTRL (Prop_bufgctrl_I0_O)
                                                      0.091    16.831 r  SoC_i/clk_wiz_0/inst/clkout2_buf/O
                         net (fo=728, routed)         1.659    18.491    SoC_i/axi_mem_intercon/s00_couplers/auto_pc/inst/gen_axi4_axi3.axi3_conv_inst/USE_WRITE.write_addr_inst/USE_BURSTS.cmd_queue/inst/fifo_gen_inst/inst_fifo_gen/gconvfifo.rf/grf.rf/gntv_or_sync_fifo.gl0.wr/gwss.wsts/clk
    SLICE_X5Y48          FDCE                                         r  SoC_i/axi_mem_intercon/s00_couplers/auto_pc/inst/gen_axi4_axi3.axi3_conv_inst/USE_WRITE.write_addr_inst/USE_BURSTS.cmd_queue/inst/fifo_gen_inst/inst_fifo_gen/gconvfifo.rf/grf.rf/gntv_or_sync_fifo.gl0.wr/gwss.wsts/ram_full_fb_i_reg/C
                         clock pessimism              0.452    18.943    
                         clock uncertainty           -0.080    18.863    
    SLICE_X5Y48          FDCE (Setup_fdce_C_D)       -0.269    18.594    SoC_i/axi_mem_intercon/s00_couplers/auto_pc/inst/gen_axi4_axi3.axi3_conv_inst/USE_WRITE.write_addr_inst/USE_BURSTS.cmd_queue/inst/fifo_gen_inst/inst_fifo_gen/gconvfifo.rf/grf.rf/gntv_or_sync_fifo.gl0.wr/gwss.wsts/ram_full_fb_i_reg
  -------------------------------------------------------------------
                         required time                         18.594    
                         arrival time                          -7.128    
  -------------------------------------------------------------------
                         slack                                 11.466    





Min Delay Paths
--------------------------------------------------------------------------------------
Slack (MET) :             0.075ns  (arrival time - required time)
  Source:                 SoC_i/axi_quad_spi_0/U0/NO_DUAL_QUAD_MODE.QSPI_NORMAL/QSPI_ENHANCED_MD_GEN.QSPI_CORE_INTERFACE_I/FIFO_EXISTS.TX_FIFO_II/xpm_fifo_instance.xpm_fifo_async_inst/gnuram_async_fifo.xpm_fifo_base_inst/rdp_inst/count_value_i_reg[2]/C
                            (rising edge-triggered cell FDRE clocked by clk_50_SoC_clk_wiz_0_0  {rise@0.000ns fall@10.000ns period=20.000ns})
  Destination:            SoC_i/axi_quad_spi_0/U0/NO_DUAL_QUAD_MODE.QSPI_NORMAL/QSPI_ENHANCED_MD_GEN.QSPI_CORE_INTERFACE_I/FIFO_EXISTS.TX_FIFO_II/xpm_fifo_instance.xpm_fifo_async_inst/gnuram_async_fifo.xpm_fifo_base_inst/gen_sdpram.xpm_memory_base_inst/gen_wr_a.gen_word_narrow.mem_reg/ADDRBWRADDR[6]
                            (rising edge-triggered cell RAMB18E1 clocked by clk_50_SoC_clk_wiz_0_0  {rise@0.000ns fall@10.000ns period=20.000ns})
  Path Group:             clk_50_SoC_clk_wiz_0_0
  Path Type:              Hold (Min at Fast Process Corner)
  Requirement:            0.000ns  (clk_50_SoC_clk_wiz_0_0 rise@0.000ns - clk_50_SoC_clk_wiz_0_0 rise@0.000ns)
  Data Path Delay:        0.336ns  (logic 0.141ns (41.989%)  route 0.195ns (58.011%))
  Logic Levels:           0  
  Clock Path Skew:        0.077ns (DCD - SCD - CPR)
    Destination Clock Delay (DCD):    -0.846ns
    Source Clock Delay      (SCD):    -0.649ns
    Clock Pessimism Removal (CPR):    -0.275ns

    Location             Delay type                Incr(ns)  Path(ns)    Netlist Resource(s)
  -------------------------------------------------------------------    -------------------
                         (clock clk_50_SoC_clk_wiz_0_0 rise edge)
                                                      0.000     0.000 r  
    H16                                               0.000     0.000 r  sys_clock (IN)
                         net (fo=0)                   0.000     0.000    SoC_i/clk_wiz_0/inst/clk_in1
    H16                  IBUF (Prop_ibuf_I_O)         0.219     0.219 r  SoC_i/clk_wiz_0/inst/clkin1_ibufg/O
                         net (fo=1, routed)           0.440     0.659    SoC_i/clk_wiz_0/inst/clk_in1_SoC_clk_wiz_0_0
    MMCME2_ADV_X1Y2      MMCME2_ADV (Prop_mmcme2_adv_CLKIN1_CLKOUT1)
                                                     -2.613    -1.954 r  SoC_i/clk_wiz_0/inst/mmcm_adv_inst/CLKOUT1
                         net (fo=2, routed)           0.696    -1.257    SoC_i/clk_wiz_0/inst/clk_50_SoC_clk_wiz_0_0
    BUFGCTRL_X0Y16       BUFGCTRL (Prop_bufgctrl_I0_O)
                                                      0.026    -1.231 r  SoC_i/clk_wiz_0/inst/clkout2_buf/O
                         net (fo=728, routed)         0.583    -0.649    SoC_i/axi_quad_spi_0/U0/NO_DUAL_QUAD_MODE.QSPI_NORMAL/QSPI_ENHANCED_MD_GEN.QSPI_CORE_INTERFACE_I/FIFO_EXISTS.TX_FIFO_II/xpm_fifo_instance.xpm_fifo_async_inst/gnuram_async_fifo.xpm_fifo_base_inst/rdp_inst/rd_clk
    SLICE_X56Y3          FDRE                                         r  SoC_i/axi_quad_spi_0/U0/NO_DUAL_QUAD_MODE.QSPI_NORMAL/QSPI_ENHANCED_MD_GEN.QSPI_CORE_INTERFACE_I/FIFO_EXISTS.TX_FIFO_II/xpm_fifo_instance.xpm_fifo_async_inst/gnuram_async_fifo.xpm_fifo_base_inst/rdp_inst/count_value_i_reg[2]/C
  -------------------------------------------------------------------    -------------------
    SLICE_X56Y3          FDRE (Prop_fdre_C_Q)         0.141    -0.508 r  SoC_i/axi_quad_spi_0/U0/NO_DUAL_QUAD_MODE.QSPI_NORMAL/QSPI_ENHANCED_MD_GEN.QSPI_CORE_INTERFACE_I/FIFO_EXISTS.TX_FIFO_II/xpm_fifo_instance.xpm_fifo_async_inst/gnuram_async_fifo.xpm_fifo_base_inst/rdp_inst/count_value_i_reg[2]/Q
                         net (fo=14, routed)          0.195    -0.313    SoC_i/axi_quad_spi_0/U0/NO_DUAL_QUAD_MODE.QSPI_NORMAL/QSPI_ENHANCED_MD_GEN.QSPI_CORE_INTERFACE_I/FIFO_EXISTS.TX_FIFO_II/xpm_fifo_instance.xpm_fifo_async_inst/gnuram_async_fifo.xpm_fifo_base_inst/gen_sdpram.xpm_memory_base_inst/addrb[2]
    RAMB18_X3Y0          RAMB18E1                                     r  SoC_i/axi_quad_spi_0/U0/NO_DUAL_QUAD_MODE.QSPI_NORMAL/QSPI_ENHANCED_MD_GEN.QSPI_CORE_INTERFACE_I/FIFO_EXISTS.TX_FIFO_II/xpm_fifo_instance.xpm_fifo_async_inst/gnuram_async_fifo.xpm_fifo_base_inst/gen_sdpram.xpm_memory_base_inst/gen_wr_a.gen_word_narrow.mem_reg/ADDRBWRADDR[6]
  -------------------------------------------------------------------    -------------------

                         (clock clk_50_SoC_clk_wiz_0_0 rise edge)
                                                      0.000     0.000 r  
    H16                                               0.000     0.000 r  sys_clock (IN)
                         net (fo=0)                   0.000     0.000    SoC_i/clk_wiz_0/inst/clk_in1
    H16                  IBUF (Prop_ibuf_I_O)         0.406     0.406 r  SoC_i/clk_wiz_0/inst/clkin1_ibufg/O
                         net (fo=1, routed)           0.480     0.886    SoC_i/clk_wiz_0/inst/clk_in1_SoC_clk_wiz_0_0
    MMCME2_ADV_X1Y2      MMCME2_ADV (Prop_mmcme2_adv_CLKIN1_CLKOUT1)
                                                     -3.407    -2.521 r  SoC_i/clk_wiz_0/inst/mmcm_adv_inst/CLKOUT1
                         net (fo=2, routed)           0.752    -1.769    SoC_i/clk_wiz_0/inst/clk_50_SoC_clk_wiz_0_0
    BUFGCTRL_X0Y16       BUFGCTRL (Prop_bufgctrl_I0_O)
                                                      0.029    -1.740 r  SoC_i/clk_wiz_0/inst/clkout2_buf/O
                         net (fo=728, routed)         0.893    -0.846    SoC_i/axi_quad_spi_0/U0/NO_DUAL_QUAD_MODE.QSPI_NORMAL/QSPI_ENHANCED_MD_GEN.QSPI_CORE_INTERFACE_I/FIFO_EXISTS.TX_FIFO_II/xpm_fifo_instance.xpm_fifo_async_inst/gnuram_async_fifo.xpm_fifo_base_inst/gen_sdpram.xpm_memory_base_inst/clkb
    RAMB18_X3Y0          RAMB18E1                                     r  SoC_i/axi_quad_spi_0/U0/NO_DUAL_QUAD_MODE.QSPI_NORMAL/QSPI_ENHANCED_MD_GEN.QSPI_CORE_INTERFACE_I/FIFO_EXISTS.TX_FIFO_II/xpm_fifo_instance.xpm_fifo_async_inst/gnuram_async_fifo.xpm_fifo_base_inst/gen_sdpram.xpm_memory_base_inst/gen_wr_a.gen_word_narrow.mem_reg/CLKBWRCLK
                         clock pessimism              0.275    -0.571    
    RAMB18_X3Y0          RAMB18E1 (Hold_ramb18e1_CLKBWRCLK_ADDRBWRADDR[6])
                                                      0.183    -0.388    SoC_i/axi_quad_spi_0/U0/NO_DUAL_QUAD_MODE.QSPI_NORMAL/QSPI_ENHANCED_MD_GEN.QSPI_CORE_INTERFACE_I/FIFO_EXISTS.TX_FIFO_II/xpm_fifo_instance.xpm_fifo_async_inst/gnuram_async_fifo.xpm_fifo_base_inst/gen_sdpram.xpm_memory_base_inst/gen_wr_a.gen_word_narrow.mem_reg
  -------------------------------------------------------------------
                         required time                          0.388    
                         arrival time                          -0.313    
  -------------------------------------------------------------------
                         slack                                  0.075    





Pulse Width Checks
--------------------------------------------------------------------------------------
Clock Name:         clk_50_SoC_clk_wiz_0_0
Waveform(ns):       { 0.000 10.000 }
Period(ns):         20.000
Sources:            { SoC_i/clk_wiz_0/inst/mmcm_adv_inst/CLKOUT1 }

Check Type        Corner  Lib Pin             Reference Pin  Required(ns)  Actual(ns)  Slack(ns)  Location         Pin
Min Period        n/a     RAMB18E1/CLKARDCLK  n/a            2.576         20.000      17.424     RAMB18_X2Y0      SoC_i/axi_quad_spi_0/U0/NO_DUAL_QUAD_MODE.QSPI_NORMAL/QSPI_ENHANCED_MD_GEN.QSPI_CORE_INTERFACE_I/FIFO_EXISTS.RX_FIFO_II/gnuram_async_fifo.xpm_fifo_base_inst/gen_sdpram.xpm_memory_base_inst/gen_wr_a.gen_word_narrow.mem_reg/CLKARDCLK
Max Period        n/a     MMCME2_ADV/CLKOUT1  n/a            213.360       20.000      193.360    MMCME2_ADV_X1Y2  SoC_i/clk_wiz_0/inst/mmcm_adv_inst/CLKOUT1
Low Pulse Width   Slow    RAMD32/CLK          n/a            1.250         10.000      8.750      SLICE_X2Y46      SoC_i/axi_mem_intercon/s00_couplers/auto_pc/inst/gen_axi4_axi3.axi3_conv_inst/USE_READ.USE_SPLIT_R.read_addr_inst/USE_R_CHANNEL.cmd_queue/inst/fifo_gen_inst/inst_fifo_gen/gconvfifo.rf/grf.rf/gntv_or_sync_fifo.mem/gdm.dm_gen.dm/RAM_reg_0_31_0_0/DP/CLK
High Pulse Width  Slow    RAMD32/CLK          n/a            1.250         10.000      8.750      SLICE_X2Y46      SoC_i/axi_mem_intercon/s00_couplers/auto_pc/inst/gen_axi4_axi3.axi3_conv_inst/USE_READ.USE_SPLIT_R.read_addr_inst/USE_R_CHANNEL.cmd_queue/inst/fifo_gen_inst/inst_fifo_gen/gconvfifo.rf/grf.rf/gntv_or_sync_fifo.mem/gdm.dm_gen.dm/RAM_reg_0_31_0_0/DP/CLK



---------------------------------------------------------------------------------------------------
From Clock:  clkfbout_SoC_clk_wiz_0_0
  To Clock:  clkfbout_SoC_clk_wiz_0_0

Setup :           NA  Failing Endpoints,  Worst Slack           NA  ,  Total Violation           NA
Hold  :           NA  Failing Endpoints,  Worst Slack           NA  ,  Total Violation           NA
PW    :            0  Failing Endpoints,  Worst Slack        5.845ns,  Total Violation        0.000ns
---------------------------------------------------------------------------------------------------


Pulse Width Checks
--------------------------------------------------------------------------------------
Clock Name:         clkfbout_SoC_clk_wiz_0_0
Waveform(ns):       { 0.000 4.000 }
Period(ns):         8.000
Sources:            { SoC_i/clk_wiz_0/inst/mmcm_adv_inst/CLKFBOUT }

Check Type  Corner  Lib Pin             Reference Pin  Required(ns)  Actual(ns)  Slack(ns)  Location         Pin
Min Period  n/a     BUFG/I              n/a            2.155         8.000       5.845      BUFGCTRL_X0Y18   SoC_i/clk_wiz_0/inst/clkf_buf/I
Max Period  n/a     MMCME2_ADV/CLKFBIN  n/a            100.000       8.000       92.000     MMCME2_ADV_X1Y2  SoC_i/clk_wiz_0/inst/mmcm_adv_inst/CLKFBIN



---------------------------------------------------------------------------------------------------
From Clock:  clk_50_SoC_clk_wiz_0_0
  To Clock:  clk_25_SoC_clk_wiz_0_0

Setup :            0  Failing Endpoints,  Worst Slack       10.831ns,  Total Violation        0.000ns
Hold  :            0  Failing Endpoints,  Worst Slack        0.092ns,  Total Violation        0.000ns
---------------------------------------------------------------------------------------------------


Max Delay Paths
--------------------------------------------------------------------------------------
Slack (MET) :             10.831ns  (required time - arrival time)
  Source:                 SoC_i/processing_system7_0/inst/PS7_i/SAXIHP0ACLK
                            (rising edge-triggered cell PS7 clocked by clk_50_SoC_clk_wiz_0_0  {rise@0.000ns fall@10.000ns period=20.000ns})
  Destination:            SoC_i/northbridge/axi_interconnect_0/m00_couplers/auto_cc/inst/gen_clock_conv.gen_sync_conv.gen_conv_write_ch.w_sync_clock_converter/gen_sync_clock_converter.m_tpayload_r_reg[55]/CE
                            (rising edge-triggered cell FDRE clocked by clk_25_SoC_clk_wiz_0_0  {rise@0.000ns fall@20.000ns period=40.000ns})
  Path Group:             clk_25_SoC_clk_wiz_0_0
  Path Type:              Setup (Max at Slow Process Corner)
  Requirement:            20.000ns  (clk_25_SoC_clk_wiz_0_0 rise@40.000ns - clk_50_SoC_clk_wiz_0_0 rise@20.000ns)
  Data Path Delay:        8.143ns  (logic 1.777ns (21.822%)  route 6.366ns (78.178%))
  Logic Levels:           2  (LUT3=1 LUT4=1)
  Clock Path Skew:        -0.443ns (DCD - SCD + CPR)
    Destination Clock Delay (DCD):    -1.587ns = ( 38.413 - 40.000 ) 
    Source Clock Delay      (SCD):    -0.896ns = ( 19.104 - 20.000 ) 
    Clock Pessimism Removal (CPR):    0.249ns
  Clock Uncertainty:      0.210ns  ((TSJ^2 + DJ^2)^1/2) / 2 + PE
    Total System Jitter     (TSJ):    0.071ns
    Discrete Jitter          (DJ):    0.165ns
    Phase Error              (PE):    0.120ns

    Location             Delay type                Incr(ns)  Path(ns)    Netlist Resource(s)
  -------------------------------------------------------------------    -------------------
                         (clock clk_50_SoC_clk_wiz_0_0 rise edge)
                                                     20.000    20.000 r  
    H16                                               0.000    20.000 r  sys_clock (IN)
                         net (fo=0)                   0.000    20.000    SoC_i/clk_wiz_0/inst/clk_in1
    H16                  IBUF (Prop_ibuf_I_O)         1.451    21.451 r  SoC_i/clk_wiz_0/inst/clkin1_ibufg/O
                         net (fo=1, routed)           1.285    22.736    SoC_i/clk_wiz_0/inst/clk_in1_SoC_clk_wiz_0_0
    MMCME2_ADV_X1Y2      MMCME2_ADV (Prop_mmcme2_adv_CLKIN1_CLKOUT1)
                                                     -7.759    14.977 r  SoC_i/clk_wiz_0/inst/mmcm_adv_inst/CLKOUT1
                         net (fo=2, routed)           2.206    17.183    SoC_i/clk_wiz_0/inst/clk_50_SoC_clk_wiz_0_0
    BUFGCTRL_X0Y16       BUFGCTRL (Prop_bufgctrl_I0_O)
                                                      0.101    17.284 r  SoC_i/clk_wiz_0/inst/clkout2_buf/O
                         net (fo=728, routed)         1.820    19.104    SoC_i/processing_system7_0/inst/S_AXI_HP0_ACLK
    PS7_X0Y0             PS7                                          r  SoC_i/processing_system7_0/inst/PS7_i/SAXIHP0ACLK
  -------------------------------------------------------------------    -------------------
    PS7_X0Y0             PS7 (Prop_ps7_SAXIHP0ACLK_SAXIHP0WREADY)
                                                      1.277    20.381 r  SoC_i/processing_system7_0/inst/PS7_i/SAXIHP0WREADY
                         net (fo=4, routed)           2.254    22.635    SoC_i/axi_mem_intercon/s00_couplers/auto_pc/inst/gen_axi4_axi3.axi3_conv_inst/USE_WRITE.write_addr_inst/USE_BURSTS.cmd_queue/inst/m_axi_wready
    SLICE_X11Y49         LUT3 (Prop_lut3_I0_O)        0.152    22.787 r  SoC_i/axi_mem_intercon/s00_couplers/auto_pc/inst/gen_axi4_axi3.axi3_conv_inst/USE_WRITE.write_addr_inst/USE_BURSTS.cmd_queue/inst/s_axi_wready_INST_0/O
                         net (fo=86, routed)          2.779    25.566    SoC_i/northbridge/axi_interconnect_0/m00_couplers/auto_cc/inst/gen_clock_conv.gen_sync_conv.gen_conv_write_ch.w_sync_clock_converter/m_axi_wready
    SLICE_X16Y46         LUT4 (Prop_lut4_I1_O)        0.348    25.914 r  SoC_i/northbridge/axi_interconnect_0/m00_couplers/auto_cc/inst/gen_clock_conv.gen_sync_conv.gen_conv_write_ch.w_sync_clock_converter/gen_sync_clock_converter.m_tpayload_r[73]_i_1/O
                         net (fo=72, routed)          1.333    27.247    SoC_i/northbridge/axi_interconnect_0/m00_couplers/auto_cc/inst/gen_clock_conv.gen_sync_conv.gen_conv_write_ch.w_sync_clock_converter/gen_sync_clock_converter.load_tpayload
    SLICE_X16Y47         FDRE                                         r  SoC_i/northbridge/axi_interconnect_0/m00_couplers/auto_cc/inst/gen_clock_conv.gen_sync_conv.gen_conv_write_ch.w_sync_clock_converter/gen_sync_clock_converter.m_tpayload_r_reg[55]/CE
  -------------------------------------------------------------------    -------------------

                         (clock clk_25_SoC_clk_wiz_0_0 rise edge)
                                                     40.000    40.000 r  
    H16                                               0.000    40.000 r  sys_clock (IN)
                         net (fo=0)                   0.000    40.000    SoC_i/clk_wiz_0/inst/clk_in1
    H16                  IBUF (Prop_ibuf_I_O)         1.380    41.380 r  SoC_i/clk_wiz_0/inst/clkin1_ibufg/O
                         net (fo=1, routed)           1.162    42.542    SoC_i/clk_wiz_0/inst/clk_in1_SoC_clk_wiz_0_0
    MMCME2_ADV_X1Y2      MMCME2_ADV (Prop_mmcme2_adv_CLKIN1_CLKOUT0)
                                                     -7.814    34.728 r  SoC_i/clk_wiz_0/inst/mmcm_adv_inst/CLKOUT0
                         net (fo=2, routed)           2.012    36.740    SoC_i/clk_wiz_0/inst/clk_25_SoC_clk_wiz_0_0
    BUFGCTRL_X0Y17       BUFGCTRL (Prop_bufgctrl_I0_O)
                                                      0.091    36.831 r  SoC_i/clk_wiz_0/inst/clkout1_buf/O
                         net (fo=24061, routed)       1.581    38.413    SoC_i/northbridge/axi_interconnect_0/m00_couplers/auto_cc/inst/gen_clock_conv.gen_sync_conv.gen_conv_write_ch.w_sync_clock_converter/out
    SLICE_X16Y47         FDRE                                         r  SoC_i/northbridge/axi_interconnect_0/m00_couplers/auto_cc/inst/gen_clock_conv.gen_sync_conv.gen_conv_write_ch.w_sync_clock_converter/gen_sync_clock_converter.m_tpayload_r_reg[55]/C
                         clock pessimism              0.249    38.661    
                         clock uncertainty           -0.210    38.451    
    SLICE_X16Y47         FDRE (Setup_fdre_C_CE)      -0.373    38.078    SoC_i/northbridge/axi_interconnect_0/m00_couplers/auto_cc/inst/gen_clock_conv.gen_sync_conv.gen_conv_write_ch.w_sync_clock_converter/gen_sync_clock_converter.m_tpayload_r_reg[55]
  -------------------------------------------------------------------
                         required time                         38.078    
                         arrival time                         -27.247    
  -------------------------------------------------------------------
                         slack                                 10.831    





Min Delay Paths
--------------------------------------------------------------------------------------
Slack (MET) :             0.092ns  (arrival time - required time)
  Source:                 SoC_i/axi_mem_intercon/s00_couplers/auto_pc/inst/gen_axi4_axi3.axi3_conv_inst/USE_WRITE.USE_SPLIT_W.write_resp_inst/S_AXI_BRESP_ACC_reg[0]/C
                            (rising edge-triggered cell FDRE clocked by clk_50_SoC_clk_wiz_0_0  {rise@0.000ns fall@10.000ns period=20.000ns})
  Destination:            SoC_i/northbridge/axi_interconnect_0/m00_couplers/auto_cc/inst/gen_clock_conv.gen_sync_conv.gen_conv_write_ch.b_sync_clock_converter/gen_sync_clock_converter.m_tpayload_r_reg[1]/D
                            (rising edge-triggered cell FDRE clocked by clk_25_SoC_clk_wiz_0_0  {rise@0.000ns fall@20.000ns period=40.000ns})
  Path Group:             clk_25_SoC_clk_wiz_0_0
  Path Type:              Hold (Min at Fast Process Corner)
  Requirement:            0.000ns  (clk_25_SoC_clk_wiz_0_0 rise@0.000ns - clk_50_SoC_clk_wiz_0_0 rise@0.000ns)
  Data Path Delay:        0.722ns  (logic 0.254ns (35.198%)  route 0.468ns (64.802%))
  Logic Levels:           2  (LUT4=1 LUT6=1)
  Clock Path Skew:        0.328ns (DCD - SCD - CPR)
    Destination Clock Delay (DCD):    -0.875ns
    Source Clock Delay      (SCD):    -0.636ns
    Clock Pessimism Removal (CPR):    -0.567ns
  Clock Uncertainty:      0.210ns  ((TSJ^2 + DJ^2)^1/2) / 2 + PE
    Total System Jitter     (TSJ):    0.071ns
    Discrete Jitter          (DJ):    0.165ns
    Phase Error              (PE):    0.120ns

    Location             Delay type                Incr(ns)  Path(ns)    Netlist Resource(s)
  -------------------------------------------------------------------    -------------------
                         (clock clk_50_SoC_clk_wiz_0_0 rise edge)
                                                      0.000     0.000 r  
    H16                                               0.000     0.000 r  sys_clock (IN)
                         net (fo=0)                   0.000     0.000    SoC_i/clk_wiz_0/inst/clk_in1
    H16                  IBUF (Prop_ibuf_I_O)         0.219     0.219 r  SoC_i/clk_wiz_0/inst/clkin1_ibufg/O
                         net (fo=1, routed)           0.440     0.659    SoC_i/clk_wiz_0/inst/clk_in1_SoC_clk_wiz_0_0
    MMCME2_ADV_X1Y2      MMCME2_ADV (Prop_mmcme2_adv_CLKIN1_CLKOUT1)
                                                     -2.613    -1.954 r  SoC_i/clk_wiz_0/inst/mmcm_adv_inst/CLKOUT1
                         net (fo=2, routed)           0.696    -1.257    SoC_i/clk_wiz_0/inst/clk_50_SoC_clk_wiz_0_0
    BUFGCTRL_X0Y16       BUFGCTRL (Prop_bufgctrl_I0_O)
                                                      0.026    -1.231 r  SoC_i/clk_wiz_0/inst/clkout2_buf/O
                         net (fo=728, routed)         0.596    -0.636    SoC_i/axi_mem_intercon/s00_couplers/auto_pc/inst/gen_axi4_axi3.axi3_conv_inst/USE_WRITE.USE_SPLIT_W.write_resp_inst/aclk
    SLICE_X8Y44          FDRE                                         r  SoC_i/axi_mem_intercon/s00_couplers/auto_pc/inst/gen_axi4_axi3.axi3_conv_inst/USE_WRITE.USE_SPLIT_W.write_resp_inst/S_AXI_BRESP_ACC_reg[0]/C
  -------------------------------------------------------------------    -------------------
    SLICE_X8Y44          FDRE (Prop_fdre_C_Q)         0.164    -0.472 r  SoC_i/axi_mem_intercon/s00_couplers/auto_pc/inst/gen_axi4_axi3.axi3_conv_inst/USE_WRITE.USE_SPLIT_W.write_resp_inst/S_AXI_BRESP_ACC_reg[0]/Q
                         net (fo=1, routed)           0.210    -0.262    SoC_i/axi_mem_intercon/s00_couplers/auto_pc/inst/gen_axi4_axi3.axi3_conv_inst/USE_WRITE.USE_SPLIT_W.write_resp_inst/S_AXI_BRESP_ACC[0]
    SLICE_X8Y47          LUT6 (Prop_lut6_I1_O)        0.045    -0.217 r  SoC_i/axi_mem_intercon/s00_couplers/auto_pc/inst/gen_axi4_axi3.axi3_conv_inst/USE_WRITE.USE_SPLIT_W.write_resp_inst/s_axi_bresp[0]_INST_0/O
                         net (fo=2, routed)           0.258     0.041    SoC_i/northbridge/axi_interconnect_0/m00_couplers/auto_cc/inst/gen_clock_conv.gen_sync_conv.gen_conv_write_ch.b_sync_clock_converter/m_axi_bresp[0]
    SLICE_X9Y44          LUT4 (Prop_lut4_I0_O)        0.045     0.086 r  SoC_i/northbridge/axi_interconnect_0/m00_couplers/auto_cc/inst/gen_clock_conv.gen_sync_conv.gen_conv_write_ch.b_sync_clock_converter/gen_sync_clock_converter.m_tpayload_r[1]_i_1/O
                         net (fo=1, routed)           0.000     0.086    SoC_i/northbridge/axi_interconnect_0/m00_couplers/auto_cc/inst/gen_clock_conv.gen_sync_conv.gen_conv_write_ch.b_sync_clock_converter/gen_sync_clock_converter.m_tpayload_r[1]_i_1_n_0
    SLICE_X9Y44          FDRE                                         r  SoC_i/northbridge/axi_interconnect_0/m00_couplers/auto_cc/inst/gen_clock_conv.gen_sync_conv.gen_conv_write_ch.b_sync_clock_converter/gen_sync_clock_converter.m_tpayload_r_reg[1]/D
  -------------------------------------------------------------------    -------------------

                         (clock clk_25_SoC_clk_wiz_0_0 rise edge)
                                                      0.000     0.000 r  
    H16                                               0.000     0.000 r  sys_clock (IN)
                         net (fo=0)                   0.000     0.000    SoC_i/clk_wiz_0/inst/clk_in1
    H16                  IBUF (Prop_ibuf_I_O)         0.406     0.406 r  SoC_i/clk_wiz_0/inst/clkin1_ibufg/O
                         net (fo=1, routed)           0.480     0.886    SoC_i/clk_wiz_0/inst/clk_in1_SoC_clk_wiz_0_0
    MMCME2_ADV_X1Y2      MMCME2_ADV (Prop_mmcme2_adv_CLKIN1_CLKOUT0)
                                                     -3.407    -2.521 r  SoC_i/clk_wiz_0/inst/mmcm_adv_inst/CLKOUT0
                         net (fo=2, routed)           0.752    -1.769    SoC_i/clk_wiz_0/inst/clk_25_SoC_clk_wiz_0_0
    BUFGCTRL_X0Y17       BUFGCTRL (Prop_bufgctrl_I0_O)
                                                      0.029    -1.740 r  SoC_i/clk_wiz_0/inst/clkout1_buf/O
                         net (fo=24061, routed)       0.865    -0.875    SoC_i/northbridge/axi_interconnect_0/m00_couplers/auto_cc/inst/gen_clock_conv.gen_sync_conv.gen_conv_write_ch.b_sync_clock_converter/FSM_onehot_gen_sync_clock_converter.state_reg[0]_0
    SLICE_X9Y44          FDRE                                         r  SoC_i/northbridge/axi_interconnect_0/m00_couplers/auto_cc/inst/gen_clock_conv.gen_sync_conv.gen_conv_write_ch.b_sync_clock_converter/gen_sync_clock_converter.m_tpayload_r_reg[1]/C
                         clock pessimism              0.567    -0.308    
                         clock uncertainty            0.210    -0.098    
    SLICE_X9Y44          FDRE (Hold_fdre_C_D)         0.092    -0.006    SoC_i/northbridge/axi_interconnect_0/m00_couplers/auto_cc/inst/gen_clock_conv.gen_sync_conv.gen_conv_write_ch.b_sync_clock_converter/gen_sync_clock_converter.m_tpayload_r_reg[1]
  -------------------------------------------------------------------
                         required time                          0.006    
                         arrival time                           0.086    
  -------------------------------------------------------------------
                         slack                                  0.092    





---------------------------------------------------------------------------------------------------
From Clock:  clk_25_SoC_clk_wiz_0_0
  To Clock:  clk_50_SoC_clk_wiz_0_0

Setup :            0  Failing Endpoints,  Worst Slack        9.871ns,  Total Violation        0.000ns
Hold  :            0  Failing Endpoints,  Worst Slack        0.095ns,  Total Violation        0.000ns
---------------------------------------------------------------------------------------------------


Max Delay Paths
--------------------------------------------------------------------------------------
Slack (MET) :             9.871ns  (required time - arrival time)
  Source:                 SoC_i/cpu_reset_gen25/U0/ACTIVE_LOW_PR_OUT_DFF[0].FDRE_PER_N/C
                            (rising edge-triggered cell FDRE clocked by clk_25_SoC_clk_wiz_0_0  {rise@0.000ns fall@20.000ns period=40.000ns})
  Destination:            SoC_i/axi_mem_intercon/s00_couplers/auto_pc/inst/gen_axi4_axi3.axi3_conv_inst/USE_READ.USE_SPLIT_R.read_addr_inst/S_AXI_AADDR_Q_reg[3]/R
                            (rising edge-triggered cell FDRE clocked by clk_50_SoC_clk_wiz_0_0  {rise@0.000ns fall@10.000ns period=20.000ns})
  Path Group:             clk_50_SoC_clk_wiz_0_0
  Path Type:              Setup (Max at Slow Process Corner)
  Requirement:            20.000ns  (clk_50_SoC_clk_wiz_0_0 rise@20.000ns - clk_25_SoC_clk_wiz_0_0 rise@0.000ns)
  Data Path Delay:        8.898ns  (logic 0.606ns (6.811%)  route 8.292ns (93.189%))
  Logic Levels:           1  (LUT1=1)
  Clock Path Skew:        -0.388ns (DCD - SCD + CPR)
    Destination Clock Delay (DCD):    -1.595ns = ( 18.405 - 20.000 ) 
    Source Clock Delay      (SCD):    -0.958ns
    Clock Pessimism Removal (CPR):    0.249ns
  Clock Uncertainty:      0.210ns  ((TSJ^2 + DJ^2)^1/2) / 2 + PE
    Total System Jitter     (TSJ):    0.071ns
    Discrete Jitter          (DJ):    0.165ns
    Phase Error              (PE):    0.120ns

    Location             Delay type                Incr(ns)  Path(ns)    Netlist Resource(s)
  -------------------------------------------------------------------    -------------------
                         (clock clk_25_SoC_clk_wiz_0_0 rise edge)
                                                      0.000     0.000 r  
    H16                                               0.000     0.000 r  sys_clock (IN)
                         net (fo=0)                   0.000     0.000    SoC_i/clk_wiz_0/inst/clk_in1
    H16                  IBUF (Prop_ibuf_I_O)         1.451     1.451 r  SoC_i/clk_wiz_0/inst/clkin1_ibufg/O
                         net (fo=1, routed)           1.285     2.736    SoC_i/clk_wiz_0/inst/clk_in1_SoC_clk_wiz_0_0
    MMCME2_ADV_X1Y2      MMCME2_ADV (Prop_mmcme2_adv_CLKIN1_CLKOUT0)
                                                     -7.759    -5.023 r  SoC_i/clk_wiz_0/inst/mmcm_adv_inst/CLKOUT0
                         net (fo=2, routed)           2.206    -2.817    SoC_i/clk_wiz_0/inst/clk_25_SoC_clk_wiz_0_0
    BUFGCTRL_X0Y17       BUFGCTRL (Prop_bufgctrl_I0_O)
                                                      0.101    -2.716 r  SoC_i/clk_wiz_0/inst/clkout1_buf/O
                         net (fo=24061, routed)       1.758    -0.958    SoC_i/cpu_reset_gen25/U0/slowest_sync_clk
    SLICE_X11Y1          FDRE                                         r  SoC_i/cpu_reset_gen25/U0/ACTIVE_LOW_PR_OUT_DFF[0].FDRE_PER_N/C
  -------------------------------------------------------------------    -------------------
    SLICE_X11Y1          FDRE (Prop_fdre_C_Q)         0.456    -0.502 f  SoC_i/cpu_reset_gen25/U0/ACTIVE_LOW_PR_OUT_DFF[0].FDRE_PER_N/Q
                         net (fo=46, routed)          4.424     3.921    SoC_i/axi_mem_intercon/s00_couplers/auto_pc/inst/gen_axi4_axi3.axi3_conv_inst/USE_WRITE.write_addr_inst/USE_BURSTS.cmd_queue/inst/aresetn
    SLICE_X8Y48          LUT1 (Prop_lut1_I0_O)        0.150     4.071 r  SoC_i/axi_mem_intercon/s00_couplers/auto_pc/inst/gen_axi4_axi3.axi3_conv_inst/USE_WRITE.write_addr_inst/USE_BURSTS.cmd_queue/inst/S_AXI_AREADY_I_i_1/O
                         net (fo=284, routed)         3.868     7.939    SoC_i/axi_mem_intercon/s00_couplers/auto_pc/inst/gen_axi4_axi3.axi3_conv_inst/USE_READ.USE_SPLIT_R.read_addr_inst/SR[0]
    SLICE_X24Y48         FDRE                                         r  SoC_i/axi_mem_intercon/s00_couplers/auto_pc/inst/gen_axi4_axi3.axi3_conv_inst/USE_READ.USE_SPLIT_R.read_addr_inst/S_AXI_AADDR_Q_reg[3]/R
  -------------------------------------------------------------------    -------------------

                         (clock clk_50_SoC_clk_wiz_0_0 rise edge)
                                                     20.000    20.000 r  
    H16                                               0.000    20.000 r  sys_clock (IN)
                         net (fo=0)                   0.000    20.000    SoC_i/clk_wiz_0/inst/clk_in1
    H16                  IBUF (Prop_ibuf_I_O)         1.380    21.380 r  SoC_i/clk_wiz_0/inst/clkin1_ibufg/O
                         net (fo=1, routed)           1.162    22.542    SoC_i/clk_wiz_0/inst/clk_in1_SoC_clk_wiz_0_0
    MMCME2_ADV_X1Y2      MMCME2_ADV (Prop_mmcme2_adv_CLKIN1_CLKOUT1)
                                                     -7.814    14.728 r  SoC_i/clk_wiz_0/inst/mmcm_adv_inst/CLKOUT1
                         net (fo=2, routed)           2.012    16.740    SoC_i/clk_wiz_0/inst/clk_50_SoC_clk_wiz_0_0
    BUFGCTRL_X0Y16       BUFGCTRL (Prop_bufgctrl_I0_O)
                                                      0.091    16.831 r  SoC_i/clk_wiz_0/inst/clkout2_buf/O
                         net (fo=728, routed)         1.573    18.405    SoC_i/axi_mem_intercon/s00_couplers/auto_pc/inst/gen_axi4_axi3.axi3_conv_inst/USE_READ.USE_SPLIT_R.read_addr_inst/aclk
    SLICE_X24Y48         FDRE                                         r  SoC_i/axi_mem_intercon/s00_couplers/auto_pc/inst/gen_axi4_axi3.axi3_conv_inst/USE_READ.USE_SPLIT_R.read_addr_inst/S_AXI_AADDR_Q_reg[3]/C
                         clock pessimism              0.249    18.653    
                         clock uncertainty           -0.210    18.443    
    SLICE_X24Y48         FDRE (Setup_fdre_C_R)       -0.633    17.810    SoC_i/axi_mem_intercon/s00_couplers/auto_pc/inst/gen_axi4_axi3.axi3_conv_inst/USE_READ.USE_SPLIT_R.read_addr_inst/S_AXI_AADDR_Q_reg[3]
  -------------------------------------------------------------------
                         required time                         17.810    
                         arrival time                          -7.939    
  -------------------------------------------------------------------
                         slack                                  9.871    





Min Delay Paths
--------------------------------------------------------------------------------------
Slack (MET) :             0.095ns  (arrival time - required time)
  Source:                 SoC_i/northbridge/axi_interconnect_0/m00_couplers/auto_cc/inst/gen_clock_conv.gen_sync_conv.gen_conv_write_ch.aw_sync_clock_converter/gen_sync_clock_converter.m_tpayload_r_reg[20]/C
                            (rising edge-triggered cell FDRE clocked by clk_25_SoC_clk_wiz_0_0  {rise@0.000ns fall@20.000ns period=40.000ns})
  Destination:            SoC_i/axi_mem_intercon/s00_couplers/auto_pc/inst/gen_axi4_axi3.axi3_conv_inst/USE_WRITE.write_addr_inst/size_mask_q_reg[5]/D
                            (rising edge-triggered cell FDRE clocked by clk_50_SoC_clk_wiz_0_0  {rise@0.000ns fall@10.000ns period=20.000ns})
  Path Group:             clk_50_SoC_clk_wiz_0_0
  Path Type:              Hold (Min at Fast Process Corner)
  Requirement:            0.000ns  (clk_50_SoC_clk_wiz_0_0 rise@0.000ns - clk_25_SoC_clk_wiz_0_0 rise@0.000ns)
  Data Path Delay:        0.764ns  (logic 0.209ns (27.341%)  route 0.555ns (72.659%))
  Logic Levels:           1  (LUT2=1)
  Clock Path Skew:        0.329ns (DCD - SCD - CPR)
    Destination Clock Delay (DCD):    -0.875ns
    Source Clock Delay      (SCD):    -0.637ns
    Clock Pessimism Removal (CPR):    -0.567ns
  Clock Uncertainty:      0.210ns  ((TSJ^2 + DJ^2)^1/2) / 2 + PE
    Total System Jitter     (TSJ):    0.071ns
    Discrete Jitter          (DJ):    0.165ns
    Phase Error              (PE):    0.120ns

    Location             Delay type                Incr(ns)  Path(ns)    Netlist Resource(s)
  -------------------------------------------------------------------    -------------------
                         (clock clk_25_SoC_clk_wiz_0_0 rise edge)
                                                      0.000     0.000 r  
    H16                                               0.000     0.000 r  sys_clock (IN)
                         net (fo=0)                   0.000     0.000    SoC_i/clk_wiz_0/inst/clk_in1
    H16                  IBUF (Prop_ibuf_I_O)         0.219     0.219 r  SoC_i/clk_wiz_0/inst/clkin1_ibufg/O
                         net (fo=1, routed)           0.440     0.659    SoC_i/clk_wiz_0/inst/clk_in1_SoC_clk_wiz_0_0
    MMCME2_ADV_X1Y2      MMCME2_ADV (Prop_mmcme2_adv_CLKIN1_CLKOUT0)
                                                     -2.613    -1.954 r  SoC_i/clk_wiz_0/inst/mmcm_adv_inst/CLKOUT0
                         net (fo=2, routed)           0.696    -1.257    SoC_i/clk_wiz_0/inst/clk_25_SoC_clk_wiz_0_0
    BUFGCTRL_X0Y17       BUFGCTRL (Prop_bufgctrl_I0_O)
                                                      0.026    -1.231 r  SoC_i/clk_wiz_0/inst/clkout1_buf/O
                         net (fo=24061, routed)       0.595    -0.637    SoC_i/northbridge/axi_interconnect_0/m00_couplers/auto_cc/inst/gen_clock_conv.gen_sync_conv.gen_conv_write_ch.aw_sync_clock_converter/FSM_sequential_gen_sync_clock_converter.state_reg[0]_0
    SLICE_X16Y46         FDRE                                         r  SoC_i/northbridge/axi_interconnect_0/m00_couplers/auto_cc/inst/gen_clock_conv.gen_sync_conv.gen_conv_write_ch.aw_sync_clock_converter/gen_sync_clock_converter.m_tpayload_r_reg[20]/C
  -------------------------------------------------------------------    -------------------
    SLICE_X16Y46         FDRE (Prop_fdre_C_Q)         0.164    -0.473 f  SoC_i/northbridge/axi_interconnect_0/m00_couplers/auto_cc/inst/gen_clock_conv.gen_sync_conv.gen_conv_write_ch.aw_sync_clock_converter/gen_sync_clock_converter.m_tpayload_r_reg[20]/Q
                         net (fo=25, routed)          0.555     0.083    SoC_i/axi_mem_intercon/s00_couplers/auto_pc/inst/gen_axi4_axi3.axi3_conv_inst/USE_WRITE.write_addr_inst/s_axi_awsize[1]
    SLICE_X12Y45         LUT2 (Prop_lut2_I0_O)        0.045     0.128 r  SoC_i/axi_mem_intercon/s00_couplers/auto_pc/inst/gen_axi4_axi3.axi3_conv_inst/USE_WRITE.write_addr_inst/size_mask_q[5]_i_1/O
                         net (fo=1, routed)           0.000     0.128    SoC_i/axi_mem_intercon/s00_couplers/auto_pc/inst/gen_axi4_axi3.axi3_conv_inst/USE_WRITE.write_addr_inst/size_mask[5]
    SLICE_X12Y45         FDRE                                         r  SoC_i/axi_mem_intercon/s00_couplers/auto_pc/inst/gen_axi4_axi3.axi3_conv_inst/USE_WRITE.write_addr_inst/size_mask_q_reg[5]/D
  -------------------------------------------------------------------    -------------------

                         (clock clk_50_SoC_clk_wiz_0_0 rise edge)
                                                      0.000     0.000 r  
    H16                                               0.000     0.000 r  sys_clock (IN)
                         net (fo=0)                   0.000     0.000    SoC_i/clk_wiz_0/inst/clk_in1
    H16                  IBUF (Prop_ibuf_I_O)         0.406     0.406 r  SoC_i/clk_wiz_0/inst/clkin1_ibufg/O
                         net (fo=1, routed)           0.480     0.886    SoC_i/clk_wiz_0/inst/clk_in1_SoC_clk_wiz_0_0
    MMCME2_ADV_X1Y2      MMCME2_ADV (Prop_mmcme2_adv_CLKIN1_CLKOUT1)
                                                     -3.407    -2.521 r  SoC_i/clk_wiz_0/inst/mmcm_adv_inst/CLKOUT1
                         net (fo=2, routed)           0.752    -1.769    SoC_i/clk_wiz_0/inst/clk_50_SoC_clk_wiz_0_0
    BUFGCTRL_X0Y16       BUFGCTRL (Prop_bufgctrl_I0_O)
                                                      0.029    -1.740 r  SoC_i/clk_wiz_0/inst/clkout2_buf/O
                         net (fo=728, routed)         0.865    -0.875    SoC_i/axi_mem_intercon/s00_couplers/auto_pc/inst/gen_axi4_axi3.axi3_conv_inst/USE_WRITE.write_addr_inst/aclk
    SLICE_X12Y45         FDRE                                         r  SoC_i/axi_mem_intercon/s00_couplers/auto_pc/inst/gen_axi4_axi3.axi3_conv_inst/USE_WRITE.write_addr_inst/size_mask_q_reg[5]/C
                         clock pessimism              0.567    -0.308    
                         clock uncertainty            0.210    -0.098    
    SLICE_X12Y45         FDRE (Hold_fdre_C_D)         0.131     0.033    SoC_i/axi_mem_intercon/s00_couplers/auto_pc/inst/gen_axi4_axi3.axi3_conv_inst/USE_WRITE.write_addr_inst/size_mask_q_reg[5]
  -------------------------------------------------------------------
                         required time                         -0.033    
                         arrival time                           0.128    
  -------------------------------------------------------------------
                         slack                                  0.095    





---------------------------------------------------------------------------------------------------
Path Group:  **async_default**
From Clock:  clk_25_SoC_clk_wiz_0_0
  To Clock:  clk_25_SoC_clk_wiz_0_0

Setup :            0  Failing Endpoints,  Worst Slack       15.381ns,  Total Violation        0.000ns
Hold  :            0  Failing Endpoints,  Worst Slack        0.496ns,  Total Violation        0.000ns
---------------------------------------------------------------------------------------------------


Max Delay Paths
--------------------------------------------------------------------------------------
Slack (MET) :             15.381ns  (required time - arrival time)
  Source:                 SoC_i/cpu_reset_gen25/U0/ACTIVE_LOW_PR_OUT_DFF[0].FDRE_PER_N/C
                            (rising edge-triggered cell FDRE clocked by clk_25_SoC_clk_wiz_0_0  {rise@0.000ns fall@20.000ns period=40.000ns})
  Destination:            SoC_i/cpu_0/inst/i_cva6_wrapper/i_ariane/i_cva6/ex_stage_i/lsu_i/gen_mmu.i_cva6_mmu/i_shared_tlb/shared_tlb_vaddr_q_reg[8]/CLR
                            (recovery check against rising-edge clock clk_25_SoC_clk_wiz_0_0  {rise@0.000ns fall@20.000ns period=40.000ns})
  Path Group:             **async_default**
  Path Type:              Recovery (Max at Slow Process Corner)
  Requirement:            40.000ns  (clk_25_SoC_clk_wiz_0_0 rise@40.000ns - clk_25_SoC_clk_wiz_0_0 rise@0.000ns)
  Data Path Delay:        23.998ns  (logic 0.580ns (2.417%)  route 23.418ns (97.583%))
  Logic Levels:           1  (LUT1=1)
  Clock Path Skew:        -0.126ns (DCD - SCD + CPR)
    Destination Clock Delay (DCD):    -1.550ns = ( 38.450 - 40.000 ) 
    Source Clock Delay      (SCD):    -0.958ns
    Clock Pessimism Removal (CPR):    0.466ns
  Clock Uncertainty:      0.090ns  ((TSJ^2 + DJ^2)^1/2) / 2 + PE
    Total System Jitter     (TSJ):    0.071ns
    Discrete Jitter          (DJ):    0.165ns
    Phase Error              (PE):    0.000ns

    Location             Delay type                Incr(ns)  Path(ns)    Netlist Resource(s)
  -------------------------------------------------------------------    -------------------
                         (clock clk_25_SoC_clk_wiz_0_0 rise edge)
                                                      0.000     0.000 r  
    H16                                               0.000     0.000 r  sys_clock (IN)
                         net (fo=0)                   0.000     0.000    SoC_i/clk_wiz_0/inst/clk_in1
    H16                  IBUF (Prop_ibuf_I_O)         1.451     1.451 r  SoC_i/clk_wiz_0/inst/clkin1_ibufg/O
                         net (fo=1, routed)           1.285     2.736    SoC_i/clk_wiz_0/inst/clk_in1_SoC_clk_wiz_0_0
    MMCME2_ADV_X1Y2      MMCME2_ADV (Prop_mmcme2_adv_CLKIN1_CLKOUT0)
                                                     -7.759    -5.023 r  SoC_i/clk_wiz_0/inst/mmcm_adv_inst/CLKOUT0
                         net (fo=2, routed)           2.206    -2.817    SoC_i/clk_wiz_0/inst/clk_25_SoC_clk_wiz_0_0
    BUFGCTRL_X0Y17       BUFGCTRL (Prop_bufgctrl_I0_O)
                                                      0.101    -2.716 r  SoC_i/clk_wiz_0/inst/clkout1_buf/O
                         net (fo=24061, routed)       1.758    -0.958    SoC_i/cpu_reset_gen25/U0/slowest_sync_clk
    SLICE_X11Y1          FDRE                                         r  SoC_i/cpu_reset_gen25/U0/ACTIVE_LOW_PR_OUT_DFF[0].FDRE_PER_N/C
  -------------------------------------------------------------------    -------------------
    SLICE_X11Y1          FDRE (Prop_fdre_C_Q)         0.456    -0.502 r  SoC_i/cpu_reset_gen25/U0/ACTIVE_LOW_PR_OUT_DFF[0].FDRE_PER_N/Q
                         net (fo=46, routed)          5.053     4.551    SoC_i/cpu_0/inst/i_cva6_wrapper/i_ariane/i_cva6/gen_cache_wt.i_cache_subsystem/i_cva6_icache/aresetn
    SLICE_X49Y50         LUT1 (Prop_lut1_I0_O)        0.124     4.675 f  SoC_i/cpu_0/inst/i_cva6_wrapper/i_ariane/i_cva6/gen_cache_wt.i_cache_subsystem/i_cva6_icache/i_/O
                         net (fo=15332, routed)      18.365    23.040    SoC_i/cpu_0/inst/i_cva6_wrapper/i_ariane/i_cva6/ex_stage_i/lsu_i/gen_mmu.i_cva6_mmu/i_shared_tlb/itlb_req_q_reg_rep__0_2
    SLICE_X97Y15         FDCE                                         f  SoC_i/cpu_0/inst/i_cva6_wrapper/i_ariane/i_cva6/ex_stage_i/lsu_i/gen_mmu.i_cva6_mmu/i_shared_tlb/shared_tlb_vaddr_q_reg[8]/CLR
  -------------------------------------------------------------------    -------------------

                         (clock clk_25_SoC_clk_wiz_0_0 rise edge)
                                                     40.000    40.000 r  
    H16                                               0.000    40.000 r  sys_clock (IN)
                         net (fo=0)                   0.000    40.000    SoC_i/clk_wiz_0/inst/clk_in1
    H16                  IBUF (Prop_ibuf_I_O)         1.380    41.380 r  SoC_i/clk_wiz_0/inst/clkin1_ibufg/O
                         net (fo=1, routed)           1.162    42.542    SoC_i/clk_wiz_0/inst/clk_in1_SoC_clk_wiz_0_0
    MMCME2_ADV_X1Y2      MMCME2_ADV (Prop_mmcme2_adv_CLKIN1_CLKOUT0)
                                                     -7.814    34.728 r  SoC_i/clk_wiz_0/inst/mmcm_adv_inst/CLKOUT0
                         net (fo=2, routed)           2.012    36.740    SoC_i/clk_wiz_0/inst/clk_25_SoC_clk_wiz_0_0
    BUFGCTRL_X0Y17       BUFGCTRL (Prop_bufgctrl_I0_O)
                                                      0.091    36.831 r  SoC_i/clk_wiz_0/inst/clkout1_buf/O
                         net (fo=24061, routed)       1.618    38.450    SoC_i/cpu_0/inst/i_cva6_wrapper/i_ariane/i_cva6/ex_stage_i/lsu_i/gen_mmu.i_cva6_mmu/i_shared_tlb/aclk
    SLICE_X97Y15         FDCE                                         r  SoC_i/cpu_0/inst/i_cva6_wrapper/i_ariane/i_cva6/ex_stage_i/lsu_i/gen_mmu.i_cva6_mmu/i_shared_tlb/shared_tlb_vaddr_q_reg[8]/C
                         clock pessimism              0.466    38.916    
                         clock uncertainty           -0.090    38.826    
    SLICE_X97Y15         FDCE (Recov_fdce_C_CLR)     -0.405    38.421    SoC_i/cpu_0/inst/i_cva6_wrapper/i_ariane/i_cva6/ex_stage_i/lsu_i/gen_mmu.i_cva6_mmu/i_shared_tlb/shared_tlb_vaddr_q_reg[8]
  -------------------------------------------------------------------
                         required time                         38.421    
                         arrival time                         -23.040    
  -------------------------------------------------------------------
                         slack                                 15.381    





Min Delay Paths
--------------------------------------------------------------------------------------
Slack (MET) :             0.496ns  (arrival time - required time)
  Source:                 SoC_i/northbridge/axi_interconnect_0/s00_couplers/s00_data_fifo/inst/gen_fifo.fifo_gen_inst/inst_fifo_gen/gaxi_full_lite.gread_ch.grach2.gaxi_arvld.rach_pkt_reg_slice/rstblk/ngwrdrst.grst.g7serrst.gnsckt_wrst.rst_wr_reg2_inst/arststages_ff_reg[1]/C
                            (rising edge-triggered cell FDPE clocked by clk_25_SoC_clk_wiz_0_0  {rise@0.000ns fall@20.000ns period=40.000ns})
  Destination:            SoC_i/northbridge/axi_interconnect_0/s00_couplers/s00_data_fifo/inst/gen_fifo.fifo_gen_inst/inst_fifo_gen/gaxi_full_lite.gread_ch.grach2.gaxi_arvld.rach_pkt_reg_slice/rstblk/grstd1.grst_full.grst_f.rst_d1_reg/PRE
                            (removal check against rising-edge clock clk_25_SoC_clk_wiz_0_0  {rise@0.000ns fall@20.000ns period=40.000ns})
  Path Group:             **async_default**
  Path Type:              Removal (Min at Fast Process Corner)
  Requirement:            0.000ns  (clk_25_SoC_clk_wiz_0_0 rise@0.000ns - clk_25_SoC_clk_wiz_0_0 rise@0.000ns)
  Data Path Delay:        0.376ns  (logic 0.128ns (34.084%)  route 0.248ns (65.916%))
  Logic Levels:           0  
  Clock Path Skew:        0.029ns (DCD - SCD - CPR)
    Destination Clock Delay (DCD):    -0.919ns
    Source Clock Delay      (SCD):    -0.673ns
    Clock Pessimism Removal (CPR):    -0.275ns

    Location             Delay type                Incr(ns)  Path(ns)    Netlist Resource(s)
  -------------------------------------------------------------------    -------------------
                         (clock clk_25_SoC_clk_wiz_0_0 rise edge)
                                                      0.000     0.000 r  
    H16                                               0.000     0.000 r  sys_clock (IN)
                         net (fo=0)                   0.000     0.000    SoC_i/clk_wiz_0/inst/clk_in1
    H16                  IBUF (Prop_ibuf_I_O)         0.219     0.219 r  SoC_i/clk_wiz_0/inst/clkin1_ibufg/O
                         net (fo=1, routed)           0.440     0.659    SoC_i/clk_wiz_0/inst/clk_in1_SoC_clk_wiz_0_0
    MMCME2_ADV_X1Y2      MMCME2_ADV (Prop_mmcme2_adv_CLKIN1_CLKOUT0)
                                                     -2.613    -1.954 r  SoC_i/clk_wiz_0/inst/mmcm_adv_inst/CLKOUT0
                         net (fo=2, routed)           0.696    -1.257    SoC_i/clk_wiz_0/inst/clk_25_SoC_clk_wiz_0_0
    BUFGCTRL_X0Y17       BUFGCTRL (Prop_bufgctrl_I0_O)
                                                      0.026    -1.231 r  SoC_i/clk_wiz_0/inst/clkout1_buf/O
                         net (fo=24061, routed)       0.559    -0.673    SoC_i/northbridge/axi_interconnect_0/s00_couplers/s00_data_fifo/inst/gen_fifo.fifo_gen_inst/inst_fifo_gen/gaxi_full_lite.gread_ch.grach2.gaxi_arvld.rach_pkt_reg_slice/rstblk/ngwrdrst.grst.g7serrst.gnsckt_wrst.rst_wr_reg2_inst/dest_clk
    SLICE_X35Y33         FDPE                                         r  SoC_i/northbridge/axi_interconnect_0/s00_couplers/s00_data_fifo/inst/gen_fifo.fifo_gen_inst/inst_fifo_gen/gaxi_full_lite.gread_ch.grach2.gaxi_arvld.rach_pkt_reg_slice/rstblk/ngwrdrst.grst.g7serrst.gnsckt_wrst.rst_wr_reg2_inst/arststages_ff_reg[1]/C
  -------------------------------------------------------------------    -------------------
    SLICE_X35Y33         FDPE (Prop_fdpe_C_Q)         0.128    -0.545 f  SoC_i/northbridge/axi_interconnect_0/s00_couplers/s00_data_fifo/inst/gen_fifo.fifo_gen_inst/inst_fifo_gen/gaxi_full_lite.gread_ch.grach2.gaxi_arvld.rach_pkt_reg_slice/rstblk/ngwrdrst.grst.g7serrst.gnsckt_wrst.rst_wr_reg2_inst/arststages_ff_reg[1]/Q
                         net (fo=5, routed)           0.248    -0.297    SoC_i/northbridge/axi_interconnect_0/s00_couplers/s00_data_fifo/inst/gen_fifo.fifo_gen_inst/inst_fifo_gen/gaxi_full_lite.gread_ch.grach2.gaxi_arvld.rach_pkt_reg_slice/rstblk/ngwrdrst.rst_wr_reg2
    SLICE_X33Y31         FDPE                                         f  SoC_i/northbridge/axi_interconnect_0/s00_couplers/s00_data_fifo/inst/gen_fifo.fifo_gen_inst/inst_fifo_gen/gaxi_full_lite.gread_ch.grach2.gaxi_arvld.rach_pkt_reg_slice/rstblk/grstd1.grst_full.grst_f.rst_d1_reg/PRE
  -------------------------------------------------------------------    -------------------

                         (clock clk_25_SoC_clk_wiz_0_0 rise edge)
                                                      0.000     0.000 r  
    H16                                               0.000     0.000 r  sys_clock (IN)
                         net (fo=0)                   0.000     0.000    SoC_i/clk_wiz_0/inst/clk_in1
    H16                  IBUF (Prop_ibuf_I_O)         0.406     0.406 r  SoC_i/clk_wiz_0/inst/clkin1_ibufg/O
                         net (fo=1, routed)           0.480     0.886    SoC_i/clk_wiz_0/inst/clk_in1_SoC_clk_wiz_0_0
    MMCME2_ADV_X1Y2      MMCME2_ADV (Prop_mmcme2_adv_CLKIN1_CLKOUT0)
                                                     -3.407    -2.521 r  SoC_i/clk_wiz_0/inst/mmcm_adv_inst/CLKOUT0
                         net (fo=2, routed)           0.752    -1.769    SoC_i/clk_wiz_0/inst/clk_25_SoC_clk_wiz_0_0
    BUFGCTRL_X0Y17       BUFGCTRL (Prop_bufgctrl_I0_O)
                                                      0.029    -1.740 r  SoC_i/clk_wiz_0/inst/clkout1_buf/O
                         net (fo=24061, routed)       0.821    -0.919    SoC_i/northbridge/axi_interconnect_0/s00_couplers/s00_data_fifo/inst/gen_fifo.fifo_gen_inst/inst_fifo_gen/gaxi_full_lite.gread_ch.grach2.gaxi_arvld.rach_pkt_reg_slice/rstblk/s_aclk
    SLICE_X33Y31         FDPE                                         r  SoC_i/northbridge/axi_interconnect_0/s00_couplers/s00_data_fifo/inst/gen_fifo.fifo_gen_inst/inst_fifo_gen/gaxi_full_lite.gread_ch.grach2.gaxi_arvld.rach_pkt_reg_slice/rstblk/grstd1.grst_full.grst_f.rst_d1_reg/C
                         clock pessimism              0.275    -0.644    
    SLICE_X33Y31         FDPE (Remov_fdpe_C_PRE)     -0.149    -0.793    SoC_i/northbridge/axi_interconnect_0/s00_couplers/s00_data_fifo/inst/gen_fifo.fifo_gen_inst/inst_fifo_gen/gaxi_full_lite.gread_ch.grach2.gaxi_arvld.rach_pkt_reg_slice/rstblk/grstd1.grst_full.grst_f.rst_d1_reg
  -------------------------------------------------------------------
                         required time                          0.793    
                         arrival time                          -0.297    
  -------------------------------------------------------------------
                         slack                                  0.496    





---------------------------------------------------------------------------------------------------
Path Group:  **async_default**
From Clock:  clk_50_SoC_clk_wiz_0_0
  To Clock:  clk_50_SoC_clk_wiz_0_0

Setup :            0  Failing Endpoints,  Worst Slack       16.595ns,  Total Violation        0.000ns
Hold  :            0  Failing Endpoints,  Worst Slack        0.568ns,  Total Violation        0.000ns
---------------------------------------------------------------------------------------------------


Max Delay Paths
--------------------------------------------------------------------------------------
Slack (MET) :             16.595ns  (required time - arrival time)
  Source:                 SoC_i/axi_mem_intercon/s00_couplers/auto_pc/inst/gen_axi4_axi3.axi3_conv_inst/USE_WRITE.write_addr_inst/USE_B_CHANNEL.cmd_b_queue/inst/fifo_gen_inst/inst_fifo_gen/gconvfifo.rf/grf.rf/rstblk/ngwrdrst.grst.g7serrst.gnsckt_wrst.gcc_rst.sckt_wr_rst_cc_reg[0]/C
                            (rising edge-triggered cell FDRE clocked by clk_50_SoC_clk_wiz_0_0  {rise@0.000ns fall@10.000ns period=20.000ns})
  Destination:            SoC_i/axi_mem_intercon/s00_couplers/auto_pc/inst/gen_axi4_axi3.axi3_conv_inst/USE_WRITE.write_addr_inst/USE_B_CHANNEL.cmd_b_queue/inst/fifo_gen_inst/inst_fifo_gen/gconvfifo.rf/grf.rf/gntv_or_sync_fifo.gl0.rd/gr1.gr1_int.rfwft/gpregsm1.curr_fwft_state_reg[0]/CLR
                            (recovery check against rising-edge clock clk_50_SoC_clk_wiz_0_0  {rise@0.000ns fall@10.000ns period=20.000ns})
  Path Group:             **async_default**
  Path Type:              Recovery (Max at Slow Process Corner)
  Requirement:            20.000ns  (clk_50_SoC_clk_wiz_0_0 rise@20.000ns - clk_50_SoC_clk_wiz_0_0 rise@0.000ns)
  Data Path Delay:        2.853ns  (logic 0.716ns (25.092%)  route 2.137ns (74.908%))
  Logic Levels:           1  (LUT3=1)
  Clock Path Skew:        -0.066ns (DCD - SCD + CPR)
    Destination Clock Delay (DCD):    -1.510ns = ( 18.490 - 20.000 ) 
    Source Clock Delay      (SCD):    -0.877ns
    Clock Pessimism Removal (CPR):    0.567ns
  Clock Uncertainty:      0.080ns  ((TSJ^2 + DJ^2)^1/2) / 2 + PE
    Total System Jitter     (TSJ):    0.071ns
    Discrete Jitter          (DJ):    0.144ns
    Phase Error              (PE):    0.000ns

    Location             Delay type                Incr(ns)  Path(ns)    Netlist Resource(s)
  -------------------------------------------------------------------    -------------------
                         (clock clk_50_SoC_clk_wiz_0_0 rise edge)
                                                      0.000     0.000 r  
    H16                                               0.000     0.000 r  sys_clock (IN)
                         net (fo=0)                   0.000     0.000    SoC_i/clk_wiz_0/inst/clk_in1
    H16                  IBUF (Prop_ibuf_I_O)         1.451     1.451 r  SoC_i/clk_wiz_0/inst/clkin1_ibufg/O
                         net (fo=1, routed)           1.285     2.736    SoC_i/clk_wiz_0/inst/clk_in1_SoC_clk_wiz_0_0
    MMCME2_ADV_X1Y2      MMCME2_ADV (Prop_mmcme2_adv_CLKIN1_CLKOUT1)
                                                     -7.759    -5.023 r  SoC_i/clk_wiz_0/inst/mmcm_adv_inst/CLKOUT1
                         net (fo=2, routed)           2.206    -2.817    SoC_i/clk_wiz_0/inst/clk_50_SoC_clk_wiz_0_0
    BUFGCTRL_X0Y16       BUFGCTRL (Prop_bufgctrl_I0_O)
                                                      0.101    -2.716 r  SoC_i/clk_wiz_0/inst/clkout2_buf/O
                         net (fo=728, routed)         1.839    -0.877    SoC_i/axi_mem_intercon/s00_couplers/auto_pc/inst/gen_axi4_axi3.axi3_conv_inst/USE_WRITE.write_addr_inst/USE_B_CHANNEL.cmd_b_queue/inst/fifo_gen_inst/inst_fifo_gen/gconvfifo.rf/grf.rf/rstblk/clk
    SLICE_X3Y47          FDRE                                         r  SoC_i/axi_mem_intercon/s00_couplers/auto_pc/inst/gen_axi4_axi3.axi3_conv_inst/USE_WRITE.write_addr_inst/USE_B_CHANNEL.cmd_b_queue/inst/fifo_gen_inst/inst_fifo_gen/gconvfifo.rf/grf.rf/rstblk/ngwrdrst.grst.g7serrst.gnsckt_wrst.gcc_rst.sckt_wr_rst_cc_reg[0]/C
  -------------------------------------------------------------------    -------------------
    SLICE_X3Y47          FDRE (Prop_fdre_C_Q)         0.419    -0.458 f  SoC_i/axi_mem_intercon/s00_couplers/auto_pc/inst/gen_axi4_axi3.axi3_conv_inst/USE_WRITE.write_addr_inst/USE_B_CHANNEL.cmd_b_queue/inst/fifo_gen_inst/inst_fifo_gen/gconvfifo.rf/grf.rf/rstblk/ngwrdrst.grst.g7serrst.gnsckt_wrst.gcc_rst.sckt_wr_rst_cc_reg[0]/Q
                         net (fo=3, routed)           1.002     0.544    SoC_i/axi_mem_intercon/s00_couplers/auto_pc/inst/gen_axi4_axi3.axi3_conv_inst/USE_WRITE.write_addr_inst/USE_B_CHANNEL.cmd_b_queue/inst/fifo_gen_inst/inst_fifo_gen/gconvfifo.rf/grf.rf/rstblk/ngwrdrst.grst.g7serrst.gnsckt_wrst.gcc_rst.sckt_wr_rst_cc[0]
    SLICE_X4Y47          LUT3 (Prop_lut3_I1_O)        0.297     0.841 f  SoC_i/axi_mem_intercon/s00_couplers/auto_pc/inst/gen_axi4_axi3.axi3_conv_inst/USE_WRITE.write_addr_inst/USE_B_CHANNEL.cmd_b_queue/inst/fifo_gen_inst/inst_fifo_gen/gconvfifo.rf/grf.rf/rstblk/gpregsm1.curr_fwft_state[1]_i_2/O
                         net (fo=32, routed)          1.135     1.976    SoC_i/axi_mem_intercon/s00_couplers/auto_pc/inst/gen_axi4_axi3.axi3_conv_inst/USE_WRITE.write_addr_inst/USE_B_CHANNEL.cmd_b_queue/inst/fifo_gen_inst/inst_fifo_gen/gconvfifo.rf/grf.rf/gntv_or_sync_fifo.gl0.rd/gr1.gr1_int.rfwft/gpregsm1.user_valid_reg_0
    SLICE_X5Y45          FDCE                                         f  SoC_i/axi_mem_intercon/s00_couplers/auto_pc/inst/gen_axi4_axi3.axi3_conv_inst/USE_WRITE.write_addr_inst/USE_B_CHANNEL.cmd_b_queue/inst/fifo_gen_inst/inst_fifo_gen/gconvfifo.rf/grf.rf/gntv_or_sync_fifo.gl0.rd/gr1.gr1_int.rfwft/gpregsm1.curr_fwft_state_reg[0]/CLR
  -------------------------------------------------------------------    -------------------

                         (clock clk_50_SoC_clk_wiz_0_0 rise edge)
                                                     20.000    20.000 r  
    H16                                               0.000    20.000 r  sys_clock (IN)
                         net (fo=0)                   0.000    20.000    SoC_i/clk_wiz_0/inst/clk_in1
    H16                  IBUF (Prop_ibuf_I_O)         1.380    21.380 r  SoC_i/clk_wiz_0/inst/clkin1_ibufg/O
                         net (fo=1, routed)           1.162    22.542    SoC_i/clk_wiz_0/inst/clk_in1_SoC_clk_wiz_0_0
    MMCME2_ADV_X1Y2      MMCME2_ADV (Prop_mmcme2_adv_CLKIN1_CLKOUT1)
                                                     -7.814    14.728 r  SoC_i/clk_wiz_0/inst/mmcm_adv_inst/CLKOUT1
                         net (fo=2, routed)           2.012    16.740    SoC_i/clk_wiz_0/inst/clk_50_SoC_clk_wiz_0_0
    BUFGCTRL_X0Y16       BUFGCTRL (Prop_bufgctrl_I0_O)
                                                      0.091    16.831 r  SoC_i/clk_wiz_0/inst/clkout2_buf/O
                         net (fo=728, routed)         1.658    18.490    SoC_i/axi_mem_intercon/s00_couplers/auto_pc/inst/gen_axi4_axi3.axi3_conv_inst/USE_WRITE.write_addr_inst/USE_B_CHANNEL.cmd_b_queue/inst/fifo_gen_inst/inst_fifo_gen/gconvfifo.rf/grf.rf/gntv_or_sync_fifo.gl0.rd/gr1.gr1_int.rfwft/clk
    SLICE_X5Y45          FDCE                                         r  SoC_i/axi_mem_intercon/s00_couplers/auto_pc/inst/gen_axi4_axi3.axi3_conv_inst/USE_WRITE.write_addr_inst/USE_B_CHANNEL.cmd_b_queue/inst/fifo_gen_inst/inst_fifo_gen/gconvfifo.rf/grf.rf/gntv_or_sync_fifo.gl0.rd/gr1.gr1_int.rfwft/gpregsm1.curr_fwft_state_reg[0]/C
                         clock pessimism              0.567    19.057    
                         clock uncertainty           -0.080    18.977    
    SLICE_X5Y45          FDCE (Recov_fdce_C_CLR)     -0.405    18.572    SoC_i/axi_mem_intercon/s00_couplers/auto_pc/inst/gen_axi4_axi3.axi3_conv_inst/USE_WRITE.write_addr_inst/USE_B_CHANNEL.cmd_b_queue/inst/fifo_gen_inst/inst_fifo_gen/gconvfifo.rf/grf.rf/gntv_or_sync_fifo.gl0.rd/gr1.gr1_int.rfwft/gpregsm1.curr_fwft_state_reg[0]
  -------------------------------------------------------------------
                         required time                         18.572    
                         arrival time                          -1.976    
  -------------------------------------------------------------------
                         slack                                 16.595    





Min Delay Paths
--------------------------------------------------------------------------------------
Slack (MET) :             0.568ns  (arrival time - required time)
  Source:                 SoC_i/axi_mem_intercon/s00_couplers/auto_pc/inst/gen_axi4_axi3.axi3_conv_inst/USE_WRITE.write_addr_inst/USE_BURSTS.cmd_queue/inst/fifo_gen_inst/inst_fifo_gen/gconvfifo.rf/grf.rf/rstblk/ngwrdrst.grst.g7serrst.gnsckt_wrst.gcc_rst.sckt_wr_rst_cc_reg[1]/C
                            (rising edge-triggered cell FDRE clocked by clk_50_SoC_clk_wiz_0_0  {rise@0.000ns fall@10.000ns period=20.000ns})
  Destination:            SoC_i/axi_mem_intercon/s00_couplers/auto_pc/inst/gen_axi4_axi3.axi3_conv_inst/USE_WRITE.write_addr_inst/USE_BURSTS.cmd_queue/inst/fifo_gen_inst/inst_fifo_gen/gconvfifo.rf/grf.rf/gntv_or_sync_fifo.gl0.rd/rpntr/gc0.count_reg[1]/CLR
                            (removal check against rising-edge clock clk_50_SoC_clk_wiz_0_0  {rise@0.000ns fall@10.000ns period=20.000ns})
  Path Group:             **async_default**
  Path Type:              Removal (Min at Fast Process Corner)
  Requirement:            0.000ns  (clk_50_SoC_clk_wiz_0_0 rise@0.000ns - clk_50_SoC_clk_wiz_0_0 rise@0.000ns)
  Data Path Delay:        0.537ns  (logic 0.186ns (34.606%)  route 0.351ns (65.394%))
  Logic Levels:           1  (LUT3=1)
  Clock Path Skew:        0.036ns (DCD - SCD - CPR)
    Destination Clock Delay (DCD):    -0.845ns
    Source Clock Delay      (SCD):    -0.606ns
    Clock Pessimism Removal (CPR):    -0.275ns

    Location             Delay type                Incr(ns)  Path(ns)    Netlist Resource(s)
  -------------------------------------------------------------------    -------------------
                         (clock clk_50_SoC_clk_wiz_0_0 rise edge)
                                                      0.000     0.000 r  
    H16                                               0.000     0.000 r  sys_clock (IN)
                         net (fo=0)                   0.000     0.000    SoC_i/clk_wiz_0/inst/clk_in1
    H16                  IBUF (Prop_ibuf_I_O)         0.219     0.219 r  SoC_i/clk_wiz_0/inst/clkin1_ibufg/O
                         net (fo=1, routed)           0.440     0.659    SoC_i/clk_wiz_0/inst/clk_in1_SoC_clk_wiz_0_0
    MMCME2_ADV_X1Y2      MMCME2_ADV (Prop_mmcme2_adv_CLKIN1_CLKOUT1)
                                                     -2.613    -1.954 r  SoC_i/clk_wiz_0/inst/mmcm_adv_inst/CLKOUT1
                         net (fo=2, routed)           0.696    -1.257    SoC_i/clk_wiz_0/inst/clk_50_SoC_clk_wiz_0_0
    BUFGCTRL_X0Y16       BUFGCTRL (Prop_bufgctrl_I0_O)
                                                      0.026    -1.231 r  SoC_i/clk_wiz_0/inst/clkout2_buf/O
                         net (fo=728, routed)         0.626    -0.606    SoC_i/axi_mem_intercon/s00_couplers/auto_pc/inst/gen_axi4_axi3.axi3_conv_inst/USE_WRITE.write_addr_inst/USE_BURSTS.cmd_queue/inst/fifo_gen_inst/inst_fifo_gen/gconvfifo.rf/grf.rf/rstblk/clk
    SLICE_X3Y49          FDRE                                         r  SoC_i/axi_mem_intercon/s00_couplers/auto_pc/inst/gen_axi4_axi3.axi3_conv_inst/USE_WRITE.write_addr_inst/USE_BURSTS.cmd_queue/inst/fifo_gen_inst/inst_fifo_gen/gconvfifo.rf/grf.rf/rstblk/ngwrdrst.grst.g7serrst.gnsckt_wrst.gcc_rst.sckt_wr_rst_cc_reg[1]/C
  -------------------------------------------------------------------    -------------------
    SLICE_X3Y49          FDRE (Prop_fdre_C_Q)         0.141    -0.465 f  SoC_i/axi_mem_intercon/s00_couplers/auto_pc/inst/gen_axi4_axi3.axi3_conv_inst/USE_WRITE.write_addr_inst/USE_BURSTS.cmd_queue/inst/fifo_gen_inst/inst_fifo_gen/gconvfifo.rf/grf.rf/rstblk/ngwrdrst.grst.g7serrst.gnsckt_wrst.gcc_rst.sckt_wr_rst_cc_reg[1]/Q
                         net (fo=2, routed)           0.164    -0.300    SoC_i/axi_mem_intercon/s00_couplers/auto_pc/inst/gen_axi4_axi3.axi3_conv_inst/USE_WRITE.write_addr_inst/USE_BURSTS.cmd_queue/inst/fifo_gen_inst/inst_fifo_gen/gconvfifo.rf/grf.rf/rstblk/ngwrdrst.grst.g7serrst.gnsckt_wrst.gcc_rst.sckt_wr_rst_cc[1]
    SLICE_X6Y49          LUT3 (Prop_lut3_I0_O)        0.045    -0.255 f  SoC_i/axi_mem_intercon/s00_couplers/auto_pc/inst/gen_axi4_axi3.axi3_conv_inst/USE_WRITE.write_addr_inst/USE_BURSTS.cmd_queue/inst/fifo_gen_inst/inst_fifo_gen/gconvfifo.rf/grf.rf/rstblk/gpregsm1.curr_fwft_state[1]_i_2/O
                         net (fo=32, routed)          0.187    -0.068    SoC_i/axi_mem_intercon/s00_couplers/auto_pc/inst/gen_axi4_axi3.axi3_conv_inst/USE_WRITE.write_addr_inst/USE_BURSTS.cmd_queue/inst/fifo_gen_inst/inst_fifo_gen/gconvfifo.rf/grf.rf/gntv_or_sync_fifo.gl0.rd/rpntr/gc0.count_d1_reg[4]_1
    SLICE_X6Y49          FDCE                                         f  SoC_i/axi_mem_intercon/s00_couplers/auto_pc/inst/gen_axi4_axi3.axi3_conv_inst/USE_WRITE.write_addr_inst/USE_BURSTS.cmd_queue/inst/fifo_gen_inst/inst_fifo_gen/gconvfifo.rf/grf.rf/gntv_or_sync_fifo.gl0.rd/rpntr/gc0.count_reg[1]/CLR
  -------------------------------------------------------------------    -------------------

                         (clock clk_50_SoC_clk_wiz_0_0 rise edge)
                                                      0.000     0.000 r  
    H16                                               0.000     0.000 r  sys_clock (IN)
                         net (fo=0)                   0.000     0.000    SoC_i/clk_wiz_0/inst/clk_in1
    H16                  IBUF (Prop_ibuf_I_O)         0.406     0.406 r  SoC_i/clk_wiz_0/inst/clkin1_ibufg/O
                         net (fo=1, routed)           0.480     0.886    SoC_i/clk_wiz_0/inst/clk_in1_SoC_clk_wiz_0_0
    MMCME2_ADV_X1Y2      MMCME2_ADV (Prop_mmcme2_adv_CLKIN1_CLKOUT1)
                                                     -3.407    -2.521 r  SoC_i/clk_wiz_0/inst/mmcm_adv_inst/CLKOUT1
                         net (fo=2, routed)           0.752    -1.769    SoC_i/clk_wiz_0/inst/clk_50_SoC_clk_wiz_0_0
    BUFGCTRL_X0Y16       BUFGCTRL (Prop_bufgctrl_I0_O)
                                                      0.029    -1.740 r  SoC_i/clk_wiz_0/inst/clkout2_buf/O
                         net (fo=728, routed)         0.895    -0.845    SoC_i/axi_mem_intercon/s00_couplers/auto_pc/inst/gen_axi4_axi3.axi3_conv_inst/USE_WRITE.write_addr_inst/USE_BURSTS.cmd_queue/inst/fifo_gen_inst/inst_fifo_gen/gconvfifo.rf/grf.rf/gntv_or_sync_fifo.gl0.rd/rpntr/clk
    SLICE_X6Y49          FDCE                                         r  SoC_i/axi_mem_intercon/s00_couplers/auto_pc/inst/gen_axi4_axi3.axi3_conv_inst/USE_WRITE.write_addr_inst/USE_BURSTS.cmd_queue/inst/fifo_gen_inst/inst_fifo_gen/gconvfifo.rf/grf.rf/gntv_or_sync_fifo.gl0.rd/rpntr/gc0.count_reg[1]/C
                         clock pessimism              0.275    -0.570    
    SLICE_X6Y49          FDCE (Remov_fdce_C_CLR)     -0.067    -0.637    SoC_i/axi_mem_intercon/s00_couplers/auto_pc/inst/gen_axi4_axi3.axi3_conv_inst/USE_WRITE.write_addr_inst/USE_BURSTS.cmd_queue/inst/fifo_gen_inst/inst_fifo_gen/gconvfifo.rf/grf.rf/gntv_or_sync_fifo.gl0.rd/rpntr/gc0.count_reg[1]
  -------------------------------------------------------------------
                         required time                          0.637    
                         arrival time                          -0.068    
  -------------------------------------------------------------------
                         slack                                  0.568    





