Copyright 1986-2022 Xilinx, Inc. All Rights Reserved. Copyright 2022-2024 Advanced Micro Devices, Inc. All Rights Reserved.
--------------------------------------------------------------------------------------------------------------------------------------------------------------------------------
| Tool Version : Vivado v.2024.1 (lin64) Build 5076996 Wed May 22 18:36:09 MDT 2024
| Date         : Sun Feb  1 01:18:17 2026
| Host         : pop-os running 64-bit Pop!_OS 22.04 LTS
| Command      : report_timing_summary -file /home/han4n/cva6_experiments/bitstreams/reports/timing/timing_ariane_IC4k_4w_128L_DC4k_4w_128L_BTB16384_BHT16_RAS2_ITLB4_DTLB4.rpt
| Design       : SoC_wrapper
| Device       : 7z020-clg400
| Speed File   : -1  PRODUCTION 1.12 2019-11-22
| Design State : Routed
--------------------------------------------------------------------------------------------------------------------------------------------------------------------------------

Timing Summary Report

------------------------------------------------------------------------------------------------
| Timer Settings
| --------------
------------------------------------------------------------------------------------------------

  Enable Multi Corner Analysis               :  Yes
  Enable Pessimism Removal                   :  Yes
  Pessimism Removal Resolution               :  Nearest Common Node
  Enable Input Delay Default Clock           :  No
  Enable Preset / Clear Arcs                 :  No
  Disable Flight Delays                      :  No
  Ignore I/O Paths                           :  No
  Timing Early Launch at Borrowing Latches   :  No
  Borrow Time for Max Delay Exceptions       :  Yes
  Merge Timing Exceptions                    :  Yes
  Inter-SLR Compensation                     :  Conservative

  Corner  Analyze    Analyze    
  Name    Max Paths  Min Paths  
  ------  ---------  ---------  
  Slow    Yes        Yes        
  Fast    Yes        Yes        


------------------------------------------------------------------------------------------------
| Report Methodology
| ------------------
------------------------------------------------------------------------------------------------

Rule     Severity  Description                   Violations  
-------  --------  ----------------------------  ----------  
LUTAR-1  Warning   LUT drives async reset alert  11          

Note: This report is based on the most recent report_methodology run and may not be up-to-date. Run report_methodology on the current design for the latest report.



check_timing report

Table of Contents
-----------------
1. checking no_clock (0)
2. checking constant_clock (0)
3. checking pulse_width_clock (0)
4. checking unconstrained_internal_endpoints (0)
5. checking no_input_delay (3)
6. checking no_output_delay (4)
7. checking multiple_clock (0)
8. checking generated_clocks (0)
9. checking loops (0)
10. checking partial_input_delay (0)
11. checking partial_output_delay (0)
12. checking latch_loops (0)

1. checking no_clock (0)
------------------------
 There are 0 register/latch pins with no clock.


2. checking constant_clock (0)
------------------------------
 There are 0 register/latch pins with constant_clock.


3. checking pulse_width_clock (0)
---------------------------------
 There are 0 register/latch pins which need pulse_width check


4. checking unconstrained_internal_endpoints (0)
------------------------------------------------
 There are 0 pins that are not constrained for maximum delay.

 There are 0 pins that are not constrained for maximum delay due to constant clock.


5. checking no_input_delay (3)
------------------------------
 There are 3 input ports with no input delay specified. (HIGH)

 There are 0 input ports with no input delay but user has a false path constraint.


6. checking no_output_delay (4)
-------------------------------
 There are 4 ports with no output delay specified. (HIGH)

 There are 0 ports with no output delay but user has a false path constraint

 There are 0 ports with no output delay but with a timing clock defined on it or propagating through it


7. checking multiple_clock (0)
------------------------------
 There are 0 register/latch pins with multiple clocks.


8. checking generated_clocks (0)
--------------------------------
 There are 0 generated clocks that are not connected to a clock source.


9. checking loops (0)
---------------------
 There are 0 combinational loops in the design.


10. checking partial_input_delay (0)
------------------------------------
 There are 0 input ports with partial input delay specified.


11. checking partial_output_delay (0)
-------------------------------------
 There are 0 ports with partial output delay specified.


12. checking latch_loops (0)
----------------------------
 There are 0 combinational latch loops in the design through latch input



------------------------------------------------------------------------------------------------
| Design Timing Summary
| ---------------------
------------------------------------------------------------------------------------------------

    WNS(ns)      TNS(ns)  TNS Failing Endpoints  TNS Total Endpoints      WHS(ns)      THS(ns)  THS Failing Endpoints  THS Total Endpoints     WPWS(ns)     TPWS(ns)  TPWS Failing Endpoints  TPWS Total Endpoints  
    -------      -------  ---------------------  -------------------      -------      -------  ---------------------  -------------------     --------     --------  ----------------------  --------------------  
      1.917        0.000                      0                75958        0.027        0.000                      0                75908        2.000        0.000                       0                 24606  


All user specified timing constraints are met.


------------------------------------------------------------------------------------------------
| Clock Summary
| -------------
------------------------------------------------------------------------------------------------

Clock                       Waveform(ns)         Period(ns)      Frequency(MHz)
-----                       ------------         ----------      --------------
clk_fpga_0                  {0.000 10.000}       20.000          50.000          
sys_clock                   {0.000 4.000}        8.000           125.000         
  clk_25_SoC_clk_wiz_0_0    {0.000 20.000}       40.000          25.000          
  clk_50_SoC_clk_wiz_0_0    {0.000 10.000}       20.000          50.000          
  clkfbout_SoC_clk_wiz_0_0  {0.000 4.000}        8.000           125.000         


------------------------------------------------------------------------------------------------
| Intra Clock Table
| -----------------
------------------------------------------------------------------------------------------------

Clock                           WNS(ns)      TNS(ns)  TNS Failing Endpoints  TNS Total Endpoints      WHS(ns)      THS(ns)  THS Failing Endpoints  THS Total Endpoints     WPWS(ns)     TPWS(ns)  TPWS Failing Endpoints  TPWS Total Endpoints  
-----                           -------      -------  ---------------------  -------------------      -------      -------  ---------------------  -------------------     --------     --------  ----------------------  --------------------  
sys_clock                                                                                                                                                                     2.000        0.000                       0                     1  
  clk_25_SoC_clk_wiz_0_0          1.917        0.000                      0                55972        0.027        0.000                      0                55972       18.750        0.000                       0                 23864  
  clk_50_SoC_clk_wiz_0_0         11.939        0.000                      0                 1359        0.031        0.000                      0                 1359        8.750        0.000                       0                   738  
  clkfbout_SoC_clk_wiz_0_0                                                                                                                                                    5.845        0.000                       0                     3  


------------------------------------------------------------------------------------------------
| Inter Clock Table
| -----------------
------------------------------------------------------------------------------------------------

From Clock              To Clock                    WNS(ns)      TNS(ns)  TNS Failing Endpoints  TNS Total Endpoints      WHS(ns)      THS(ns)  THS Failing Endpoints  THS Total Endpoints  
----------              --------                    -------      -------  ---------------------  -------------------      -------      -------  ---------------------  -------------------  
clk_50_SoC_clk_wiz_0_0  clk_25_SoC_clk_wiz_0_0       11.900        0.000                      0                  449        0.178        0.000                      0                  415  
clk_25_SoC_clk_wiz_0_0  clk_50_SoC_clk_wiz_0_0        7.813        0.000                      0                  557        0.095        0.000                      0                  541  


------------------------------------------------------------------------------------------------
| Other Path Groups Table
| -----------------------
------------------------------------------------------------------------------------------------

Path Group              From Clock              To Clock                    WNS(ns)      TNS(ns)  TNS Failing Endpoints  TNS Total Endpoints      WHS(ns)      THS(ns)  THS Failing Endpoints  THS Total Endpoints  
----------              ----------              --------                    -------      -------  ---------------------  -------------------      -------      -------  ---------------------  -------------------  
**async_default**       clk_25_SoC_clk_wiz_0_0  clk_25_SoC_clk_wiz_0_0       23.673        0.000                      0                17892        0.480        0.000                      0                17892  
**async_default**       clk_50_SoC_clk_wiz_0_0  clk_50_SoC_clk_wiz_0_0       15.855        0.000                      0                   96        0.518        0.000                      0                   96  


------------------------------------------------------------------------------------------------
| Timing Details
| --------------
------------------------------------------------------------------------------------------------


---------------------------------------------------------------------------------------------------
From Clock:  sys_clock
  To Clock:  sys_clock

Setup :           NA  Failing Endpoints,  Worst Slack           NA  ,  Total Violation           NA
Hold  :           NA  Failing Endpoints,  Worst Slack           NA  ,  Total Violation           NA
PW    :            0  Failing Endpoints,  Worst Slack        2.000ns,  Total Violation        0.000ns
---------------------------------------------------------------------------------------------------


Pulse Width Checks
--------------------------------------------------------------------------------------
Clock Name:         sys_clock
Waveform(ns):       { 0.000 4.000 }
Period(ns):         8.000
Sources:            { sys_clock }

Check Type        Corner  Lib Pin            Reference Pin  Required(ns)  Actual(ns)  Slack(ns)  Location         Pin
Min Period        n/a     MMCME2_ADV/CLKIN1  n/a            1.249         8.000       6.751      MMCME2_ADV_X1Y2  SoC_i/clk_wiz_0/inst/mmcm_adv_inst/CLKIN1
Max Period        n/a     MMCME2_ADV/CLKIN1  n/a            100.000       8.000       92.000     MMCME2_ADV_X1Y2  SoC_i/clk_wiz_0/inst/mmcm_adv_inst/CLKIN1
Low Pulse Width   Slow    MMCME2_ADV/CLKIN1  n/a            2.000         4.000       2.000      MMCME2_ADV_X1Y2  SoC_i/clk_wiz_0/inst/mmcm_adv_inst/CLKIN1
High Pulse Width  Slow    MMCME2_ADV/CLKIN1  n/a            2.000         4.000       2.000      MMCME2_ADV_X1Y2  SoC_i/clk_wiz_0/inst/mmcm_adv_inst/CLKIN1



---------------------------------------------------------------------------------------------------
From Clock:  clk_25_SoC_clk_wiz_0_0
  To Clock:  clk_25_SoC_clk_wiz_0_0

Setup :            0  Failing Endpoints,  Worst Slack        1.917ns,  Total Violation        0.000ns
Hold  :            0  Failing Endpoints,  Worst Slack        0.027ns,  Total Violation        0.000ns
PW    :            0  Failing Endpoints,  Worst Slack       18.750ns,  Total Violation        0.000ns
---------------------------------------------------------------------------------------------------


Max Delay Paths
--------------------------------------------------------------------------------------
Slack (MET) :             1.917ns  (required time - arrival time)
  Source:                 SoC_i/ariane_peripherals_0/inst/i_peripherals_mapper/i_ariane_peripherals/i_plic/threshold_q_reg[0][2]/C
                            (rising edge-triggered cell FDCE clocked by clk_25_SoC_clk_wiz_0_0  {rise@0.000ns fall@20.000ns period=40.000ns})
  Destination:            SoC_i/ariane_peripherals_0/inst/i_peripherals_mapper/i_ariane_peripherals/i_plic/gen_target[0].i_target/gen_sequential.irq_id_reg[0]/D
                            (rising edge-triggered cell FDCE clocked by clk_25_SoC_clk_wiz_0_0  {rise@0.000ns fall@20.000ns period=40.000ns})
  Path Group:             clk_25_SoC_clk_wiz_0_0
  Path Type:              Setup (Max at Slow Process Corner)
  Requirement:            40.000ns  (clk_25_SoC_clk_wiz_0_0 rise@40.000ns - clk_25_SoC_clk_wiz_0_0 rise@0.000ns)
  Data Path Delay:        38.009ns  (logic 8.776ns (23.089%)  route 29.233ns (76.911%))
  Logic Levels:           49  (LUT2=1 LUT3=10 LUT4=9 LUT5=1 LUT6=28)
  Clock Path Skew:        -0.061ns (DCD - SCD + CPR)
    Destination Clock Delay (DCD):    -1.587ns = ( 38.413 - 40.000 ) 
    Source Clock Delay      (SCD):    -0.959ns
    Clock Pessimism Removal (CPR):    0.567ns
  Clock Uncertainty:      0.090ns  ((TSJ^2 + DJ^2)^1/2) / 2 + PE
    Total System Jitter     (TSJ):    0.071ns
    Discrete Jitter          (DJ):    0.165ns
    Phase Error              (PE):    0.000ns

    Location             Delay type                Incr(ns)  Path(ns)    Netlist Resource(s)
  -------------------------------------------------------------------    -------------------
                         (clock clk_25_SoC_clk_wiz_0_0 rise edge)
                                                      0.000     0.000 r  
    H16                                               0.000     0.000 r  sys_clock (IN)
                         net (fo=0)                   0.000     0.000    SoC_i/clk_wiz_0/inst/clk_in1
    H16                  IBUF (Prop_ibuf_I_O)         1.451     1.451 r  SoC_i/clk_wiz_0/inst/clkin1_ibufg/O
                         net (fo=1, routed)           1.285     2.736    SoC_i/clk_wiz_0/inst/clk_in1_SoC_clk_wiz_0_0
    MMCME2_ADV_X1Y2      MMCME2_ADV (Prop_mmcme2_adv_CLKIN1_CLKOUT0)
                                                     -7.759    -5.023 r  SoC_i/clk_wiz_0/inst/mmcm_adv_inst/CLKOUT0
                         net (fo=2, routed)           2.206    -2.817    SoC_i/clk_wiz_0/inst/clk_25_SoC_clk_wiz_0_0
    BUFGCTRL_X0Y17       BUFGCTRL (Prop_bufgctrl_I0_O)
                                                      0.101    -2.716 r  SoC_i/clk_wiz_0/inst/clkout1_buf/O
                         net (fo=23853, routed)       1.757    -0.959    SoC_i/ariane_peripherals_0/inst/i_peripherals_mapper/i_ariane_peripherals/i_plic/aclk
    SLICE_X12Y6          FDCE                                         r  SoC_i/ariane_peripherals_0/inst/i_peripherals_mapper/i_ariane_peripherals/i_plic/threshold_q_reg[0][2]/C
  -------------------------------------------------------------------    -------------------
    SLICE_X12Y6          FDCE (Prop_fdce_C_Q)         0.518    -0.441 r  SoC_i/ariane_peripherals_0/inst/i_peripherals_mapper/i_ariane_peripherals/i_plic/threshold_q_reg[0][2]/Q
                         net (fo=4, routed)           0.840     0.398    SoC_i/ariane_peripherals_0/inst/i_peripherals_mapper/i_ariane_peripherals/i_plic/gen_target[0].i_target/gen_sequential.irq_i_79
    SLICE_X14Y7          LUT3 (Prop_lut3_I2_O)        0.146     0.544 f  SoC_i/ariane_peripherals_0/inst/i_peripherals_mapper/i_ariane_peripherals/i_plic/gen_target[0].i_target/gen_sequential.irq_i_34/O
                         net (fo=2, routed)           0.792     1.336    SoC_i/ariane_peripherals_0/inst/i_peripherals_mapper/i_ariane_peripherals/i_plic/i_rv_plic_gateway/gen_sequential.irq_i_76_0
    SLICE_X14Y7          LUT4 (Prop_lut4_I3_O)        0.354     1.690 f  SoC_i/ariane_peripherals_0/inst/i_peripherals_mapper/i_ariane_peripherals/i_plic/i_rv_plic_gateway/gen_sequential.irq_i_80__0/O
                         net (fo=3, routed)           0.443     2.133    SoC_i/ariane_peripherals_0/inst/i_peripherals_mapper/i_ariane_peripherals/i_plic/i_rv_plic_gateway/gen_sequential.irq_i_80__0_n_0
    SLICE_X12Y7          LUT6 (Prop_lut6_I5_O)        0.348     2.481 r  SoC_i/ariane_peripherals_0/inst/i_peripherals_mapper/i_ariane_peripherals/i_plic/i_rv_plic_gateway/gen_sequential.irq_i_32/O
                         net (fo=5, routed)           0.656     3.137    SoC_i/ariane_peripherals_0/inst/i_peripherals_mapper/i_ariane_peripherals/i_plic/i_rv_plic_gateway/gen_target[0].i_target/gen_sequential.max_prio13_out
    SLICE_X11Y7          LUT3 (Prop_lut3_I1_O)        0.124     3.261 f  SoC_i/ariane_peripherals_0/inst/i_peripherals_mapper/i_ariane_peripherals/i_plic/i_rv_plic_gateway/gen_sequential.irq_i_76/O
                         net (fo=4, routed)           0.677     3.938    SoC_i/ariane_peripherals_0/inst/i_peripherals_mapper/i_ariane_peripherals/i_plic/i_rv_plic_gateway/gen_sequential.irq_i_76_n_0
    SLICE_X10Y8          LUT4 (Prop_lut4_I3_O)        0.116     4.054 f  SoC_i/ariane_peripherals_0/inst/i_peripherals_mapper/i_ariane_peripherals/i_plic/i_rv_plic_gateway/gen_sequential.irq_i_74__0/O
                         net (fo=5, routed)           0.801     4.855    SoC_i/ariane_peripherals_0/inst/i_peripherals_mapper/i_ariane_peripherals/i_plic/i_rv_plic_gateway/gen_sequential.irq_i_74__0_n_0
    SLICE_X12Y9          LUT6 (Prop_lut6_I0_O)        0.328     5.183 r  SoC_i/ariane_peripherals_0/inst/i_peripherals_mapper/i_ariane_peripherals/i_plic/i_rv_plic_gateway/gen_sequential.irq_i_110/O
                         net (fo=1, routed)           0.404     5.588    SoC_i/ariane_peripherals_0/inst/i_peripherals_mapper/i_ariane_peripherals/i_plic/i_rv_plic_gateway/gen_target[0].i_target/gen_sequential.max_prio29_in
    SLICE_X13Y9          LUT6 (Prop_lut6_I2_O)        0.124     5.712 r  SoC_i/ariane_peripherals_0/inst/i_peripherals_mapper/i_ariane_peripherals/i_plic/i_rv_plic_gateway/gen_sequential.irq_i_70/O
                         net (fo=1, routed)           0.436     6.148    SoC_i/ariane_peripherals_0/inst/i_peripherals_mapper/i_ariane_peripherals/i_plic/i_rv_plic_gateway/gen_sequential.irq_i_70_n_0
    SLICE_X12Y9          LUT6 (Prop_lut6_I1_O)        0.124     6.272 r  SoC_i/ariane_peripherals_0/inst/i_peripherals_mapper/i_ariane_peripherals/i_plic/i_rv_plic_gateway/gen_sequential.irq_i_29/O
                         net (fo=6, routed)           0.575     6.847    SoC_i/ariane_peripherals_0/inst/i_peripherals_mapper/i_ariane_peripherals/i_plic/i_rv_plic_gateway/gen_target[0].i_target/gen_sequential.max_prio115_out
    SLICE_X8Y6           LUT3 (Prop_lut3_I1_O)        0.124     6.971 f  SoC_i/ariane_peripherals_0/inst/i_peripherals_mapper/i_ariane_peripherals/i_plic/i_rv_plic_gateway/gen_sequential.irq_i_64/O
                         net (fo=4, routed)           0.822     7.794    SoC_i/ariane_peripherals_0/inst/i_peripherals_mapper/i_ariane_peripherals/i_plic/i_rv_plic_gateway/gen_sequential.irq_i_64_n_0
    SLICE_X6Y6           LUT4 (Prop_lut4_I3_O)        0.150     7.944 f  SoC_i/ariane_peripherals_0/inst/i_peripherals_mapper/i_ariane_peripherals/i_plic/i_rv_plic_gateway/gen_sequential.irq_i_62__0/O
                         net (fo=5, routed)           0.653     8.597    SoC_i/ariane_peripherals_0/inst/i_peripherals_mapper/i_ariane_peripherals/i_plic/i_rv_plic_gateway/gen_sequential.irq_i_62__0_n_0
    SLICE_X6Y5           LUT6 (Prop_lut6_I0_O)        0.348     8.945 r  SoC_i/ariane_peripherals_0/inst/i_peripherals_mapper/i_ariane_peripherals/i_plic/i_rv_plic_gateway/gen_sequential.irq_i_95/O
                         net (fo=1, routed)           0.398     9.343    SoC_i/ariane_peripherals_0/inst/i_peripherals_mapper/i_ariane_peripherals/i_plic/i_rv_plic_gateway/gen_target[0].i_target/gen_sequential.max_prio221_in
    SLICE_X5Y5           LUT6 (Prop_lut6_I2_O)        0.124     9.467 r  SoC_i/ariane_peripherals_0/inst/i_peripherals_mapper/i_ariane_peripherals/i_plic/i_rv_plic_gateway/gen_sequential.irq_i_52/O
                         net (fo=1, routed)           0.413     9.880    SoC_i/ariane_peripherals_0/inst/i_peripherals_mapper/i_ariane_peripherals/i_plic/i_rv_plic_gateway/gen_sequential.irq_i_52_n_0
    SLICE_X5Y4           LUT6 (Prop_lut6_I1_O)        0.124    10.004 r  SoC_i/ariane_peripherals_0/inst/i_peripherals_mapper/i_ariane_peripherals/i_plic/i_rv_plic_gateway/gen_sequential.irq_i_22/O
                         net (fo=6, routed)           0.746    10.749    SoC_i/ariane_peripherals_0/inst/i_peripherals_mapper/i_ariane_peripherals/i_plic/i_rv_plic_gateway/gen_target[0].i_target/gen_sequential.max_prio127_out
    SLICE_X4Y4           LUT3 (Prop_lut3_I1_O)        0.124    10.873 f  SoC_i/ariane_peripherals_0/inst/i_peripherals_mapper/i_ariane_peripherals/i_plic/i_rv_plic_gateway/gen_sequential.irq_i_40/O
                         net (fo=4, routed)           0.683    11.557    SoC_i/ariane_peripherals_0/inst/i_peripherals_mapper/i_ariane_peripherals/i_plic/i_rv_plic_gateway/gen_sequential.irq_i_40_n_0
    SLICE_X3Y5           LUT4 (Prop_lut4_I3_O)        0.152    11.709 f  SoC_i/ariane_peripherals_0/inst/i_peripherals_mapper/i_ariane_peripherals/i_plic/i_rv_plic_gateway/gen_sequential.irq_i_38__0/O
                         net (fo=5, routed)           0.583    12.292    SoC_i/ariane_peripherals_0/inst/i_peripherals_mapper/i_ariane_peripherals/i_plic/i_rv_plic_gateway/gen_sequential.irq_i_38__0_n_0
    SLICE_X1Y4           LUT4 (Prop_lut4_I3_O)        0.327    12.619 f  SoC_i/ariane_peripherals_0/inst/i_peripherals_mapper/i_ariane_peripherals/i_plic/i_rv_plic_gateway/gen_sequential.irq_i_50__0/O
                         net (fo=3, routed)           0.625    13.243    SoC_i/ariane_peripherals_0/inst/i_peripherals_mapper/i_ariane_peripherals/i_plic/i_rv_plic_gateway/gen_sequential.irq_i_50__0_n_0
    SLICE_X0Y5           LUT6 (Prop_lut6_I5_O)        0.332    13.575 r  SoC_i/ariane_peripherals_0/inst/i_peripherals_mapper/i_ariane_peripherals/i_plic/i_rv_plic_gateway/gen_sequential.irq_i_21/O
                         net (fo=7, routed)           0.474    14.049    SoC_i/ariane_peripherals_0/inst/i_peripherals_mapper/i_ariane_peripherals/i_plic/i_rv_plic_gateway/gen_target[0].i_target/gen_sequential.max_prio139_out
    SLICE_X0Y3           LUT3 (Prop_lut3_I1_O)        0.124    14.173 f  SoC_i/ariane_peripherals_0/inst/i_peripherals_mapper/i_ariane_peripherals/i_plic/i_rv_plic_gateway/gen_sequential.irq_i_68/O
                         net (fo=4, routed)           0.627    14.801    SoC_i/ariane_peripherals_0/inst/i_peripherals_mapper/i_ariane_peripherals/i_plic/i_rv_plic_gateway/gen_sequential.irq_i_68_n_0
    SLICE_X1Y3           LUT4 (Prop_lut4_I3_O)        0.118    14.919 f  SoC_i/ariane_peripherals_0/inst/i_peripherals_mapper/i_ariane_peripherals/i_plic/i_rv_plic_gateway/gen_sequential.irq_i_66__0/O
                         net (fo=5, routed)           0.915    15.834    SoC_i/ariane_peripherals_0/inst/i_peripherals_mapper/i_ariane_peripherals/i_plic/i_rv_plic_gateway/gen_sequential.irq_i_66__0_n_0
    SLICE_X2Y2           LUT4 (Prop_lut4_I3_O)        0.318    16.152 f  SoC_i/ariane_peripherals_0/inst/i_peripherals_mapper/i_ariane_peripherals/i_plic/i_rv_plic_gateway/gen_sequential.irq_i_46__0/O
                         net (fo=3, routed)           0.651    16.803    SoC_i/ariane_peripherals_0/inst/i_peripherals_mapper/i_ariane_peripherals/i_plic/i_rv_plic_gateway/gen_sequential.irq_i_46__0_n_0
    SLICE_X3Y2           LUT6 (Prop_lut6_I5_O)        0.328    17.131 r  SoC_i/ariane_peripherals_0/inst/i_peripherals_mapper/i_ariane_peripherals/i_plic/i_rv_plic_gateway/gen_sequential.irq_i_20/O
                         net (fo=5, routed)           0.616    17.746    SoC_i/ariane_peripherals_0/inst/i_peripherals_mapper/i_ariane_peripherals/i_plic/i_rv_plic_gateway/gen_target[0].i_target/gen_sequential.max_prio151_out
    SLICE_X5Y2           LUT3 (Prop_lut3_I1_O)        0.124    17.870 f  SoC_i/ariane_peripherals_0/inst/i_peripherals_mapper/i_ariane_peripherals/i_plic/i_rv_plic_gateway/gen_sequential.irq_i_42/O
                         net (fo=4, routed)           0.560    18.430    SoC_i/ariane_peripherals_0/inst/i_peripherals_mapper/i_ariane_peripherals/i_plic/i_rv_plic_gateway/gen_sequential.irq_i_42_n_0
    SLICE_X5Y1           LUT4 (Prop_lut4_I3_O)        0.119    18.549 f  SoC_i/ariane_peripherals_0/inst/i_peripherals_mapper/i_ariane_peripherals/i_plic/i_rv_plic_gateway/gen_sequential.irq_i_60__0/O
                         net (fo=5, routed)           0.588    19.137    SoC_i/ariane_peripherals_0/inst/i_peripherals_mapper/i_ariane_peripherals/i_plic/i_rv_plic_gateway/gen_sequential.irq_i_60__0_n_0
    SLICE_X7Y1           LUT6 (Prop_lut6_I0_O)        0.332    19.469 r  SoC_i/ariane_peripherals_0/inst/i_peripherals_mapper/i_ariane_peripherals/i_plic/i_rv_plic_gateway/gen_sequential.irq_i_99/O
                         net (fo=1, routed)           0.455    19.924    SoC_i/ariane_peripherals_0/inst/i_peripherals_mapper/i_ariane_peripherals/i_plic/i_rv_plic_gateway/gen_target[0].i_target/gen_sequential.max_prio257_in
    SLICE_X7Y2           LUT6 (Prop_lut6_I2_O)        0.124    20.048 r  SoC_i/ariane_peripherals_0/inst/i_peripherals_mapper/i_ariane_peripherals/i_plic/i_rv_plic_gateway/gen_sequential.irq_i_56/O
                         net (fo=1, routed)           0.643    20.691    SoC_i/ariane_peripherals_0/inst/i_peripherals_mapper/i_ariane_peripherals/i_plic/i_rv_plic_gateway/gen_sequential.irq_i_56_n_0
    SLICE_X11Y2          LUT6 (Prop_lut6_I1_O)        0.124    20.815 r  SoC_i/ariane_peripherals_0/inst/i_peripherals_mapper/i_ariane_peripherals/i_plic/i_rv_plic_gateway/gen_sequential.irq_i_23/O
                         net (fo=5, routed)           0.980    21.796    SoC_i/ariane_peripherals_0/inst/i_peripherals_mapper/i_ariane_peripherals/i_plic/i_rv_plic_gateway/gen_target[0].i_target/gen_sequential.max_prio163_out
    SLICE_X13Y1          LUT3 (Prop_lut3_I1_O)        0.124    21.920 f  SoC_i/ariane_peripherals_0/inst/i_peripherals_mapper/i_ariane_peripherals/i_plic/i_rv_plic_gateway/gen_sequential.irq_id[4]_i_43/O
                         net (fo=2, routed)           0.771    22.690    SoC_i/ariane_peripherals_0/inst/i_peripherals_mapper/i_ariane_peripherals/i_plic/i_rv_plic_gateway/gen_sequential.irq_id[4]_i_43_n_0
    SLICE_X16Y0          LUT6 (Prop_lut6_I5_O)        0.124    22.814 f  SoC_i/ariane_peripherals_0/inst/i_peripherals_mapper/i_ariane_peripherals/i_plic/i_rv_plic_gateway/gen_sequential.irq_id[4]_i_37/O
                         net (fo=3, routed)           0.595    23.409    SoC_i/ariane_peripherals_0/inst/i_peripherals_mapper/i_ariane_peripherals/i_plic/i_rv_plic_gateway/gen_sequential.irq_id[4]_i_37_n_0
    SLICE_X17Y0          LUT6 (Prop_lut6_I5_O)        0.124    23.533 r  SoC_i/ariane_peripherals_0/inst/i_peripherals_mapper/i_ariane_peripherals/i_plic/i_rv_plic_gateway/gen_sequential.irq_id[4]_i_38/O
                         net (fo=1, routed)           0.291    23.824    SoC_i/ariane_peripherals_0/inst/i_peripherals_mapper/i_ariane_peripherals/i_plic/i_rv_plic_gateway/gen_target[0].i_target/gen_sequential.max_prio269_in
    SLICE_X17Y1          LUT6 (Prop_lut6_I2_O)        0.124    23.948 r  SoC_i/ariane_peripherals_0/inst/i_peripherals_mapper/i_ariane_peripherals/i_plic/i_rv_plic_gateway/gen_sequential.irq_id[4]_i_18/O
                         net (fo=1, routed)           0.572    24.520    SoC_i/ariane_peripherals_0/inst/i_peripherals_mapper/i_ariane_peripherals/i_plic/i_rv_plic_gateway/gen_sequential.irq_id[4]_i_18_n_0
    SLICE_X19Y4          LUT6 (Prop_lut6_I1_O)        0.124    24.644 r  SoC_i/ariane_peripherals_0/inst/i_peripherals_mapper/i_ariane_peripherals/i_plic/i_rv_plic_gateway/gen_sequential.irq_id[4]_i_7/O
                         net (fo=6, routed)           0.756    25.400    SoC_i/ariane_peripherals_0/inst/i_peripherals_mapper/i_ariane_peripherals/i_plic/i_rv_plic_gateway/gen_target[0].i_target/gen_sequential.max_prio175_out
    SLICE_X19Y5          LUT3 (Prop_lut3_I1_O)        0.124    25.524 r  SoC_i/ariane_peripherals_0/inst/i_peripherals_mapper/i_ariane_peripherals/i_plic/i_rv_plic_gateway/gen_sequential.irq_id[4]_i_22/O
                         net (fo=4, routed)           0.821    26.345    SoC_i/ariane_peripherals_0/inst/i_peripherals_mapper/i_ariane_peripherals/i_plic/i_rv_plic_gateway/gen_sequential.irq_id[4]_i_22_n_0
    SLICE_X20Y5          LUT6 (Prop_lut6_I4_O)        0.124    26.469 f  SoC_i/ariane_peripherals_0/inst/i_peripherals_mapper/i_ariane_peripherals/i_plic/i_rv_plic_gateway/gen_sequential.irq_id[4]_i_49/O
                         net (fo=3, routed)           0.453    26.922    SoC_i/ariane_peripherals_0/inst/i_peripherals_mapper/i_ariane_peripherals/i_plic/i_rv_plic_gateway/gen_sequential.irq_id[4]_i_49_n_0
    SLICE_X22Y5          LUT6 (Prop_lut6_I5_O)        0.124    27.046 r  SoC_i/ariane_peripherals_0/inst/i_peripherals_mapper/i_ariane_peripherals/i_plic/i_rv_plic_gateway/gen_sequential.irq_id[4]_i_50/O
                         net (fo=1, routed)           0.162    27.208    SoC_i/ariane_peripherals_0/inst/i_peripherals_mapper/i_ariane_peripherals/i_plic/i_rv_plic_gateway/gen_target[0].i_target/gen_sequential.max_prio281_in
    SLICE_X22Y5          LUT6 (Prop_lut6_I2_O)        0.124    27.332 r  SoC_i/ariane_peripherals_0/inst/i_peripherals_mapper/i_ariane_peripherals/i_plic/i_rv_plic_gateway/gen_sequential.irq_id[4]_i_32/O
                         net (fo=1, routed)           0.492    27.824    SoC_i/ariane_peripherals_0/inst/i_peripherals_mapper/i_ariane_peripherals/i_plic/i_rv_plic_gateway/gen_sequential.irq_id[4]_i_32_n_0
    SLICE_X22Y4          LUT6 (Prop_lut6_I1_O)        0.124    27.948 r  SoC_i/ariane_peripherals_0/inst/i_peripherals_mapper/i_ariane_peripherals/i_plic/i_rv_plic_gateway/gen_sequential.irq_id[4]_i_15/O
                         net (fo=5, routed)           0.616    28.565    SoC_i/ariane_peripherals_0/inst/i_peripherals_mapper/i_ariane_peripherals/i_plic/i_rv_plic_gateway/gen_target[0].i_target/gen_sequential.max_prio187_out
    SLICE_X23Y4          LUT3 (Prop_lut3_I1_O)        0.124    28.689 r  SoC_i/ariane_peripherals_0/inst/i_peripherals_mapper/i_ariane_peripherals/i_plic/i_rv_plic_gateway/gen_sequential.irq_id[4]_i_30/O
                         net (fo=4, routed)           0.683    29.372    SoC_i/ariane_peripherals_0/inst/i_peripherals_mapper/i_ariane_peripherals/i_plic/i_rv_plic_gateway/gen_sequential.irq_id[4]_i_30_n_0
    SLICE_X24Y3          LUT6 (Prop_lut6_I4_O)        0.124    29.496 f  SoC_i/ariane_peripherals_0/inst/i_peripherals_mapper/i_ariane_peripherals/i_plic/i_rv_plic_gateway/gen_sequential.irq_id[1]_i_14/O
                         net (fo=3, routed)           0.538    30.034    SoC_i/ariane_peripherals_0/inst/i_peripherals_mapper/i_ariane_peripherals/i_plic/i_rv_plic_gateway/gen_sequential.irq_id[1]_i_14_n_0
    SLICE_X22Y3          LUT6 (Prop_lut6_I5_O)        0.124    30.158 r  SoC_i/ariane_peripherals_0/inst/i_peripherals_mapper/i_ariane_peripherals/i_plic/i_rv_plic_gateway/gen_sequential.irq_id[1]_i_15/O
                         net (fo=1, routed)           0.340    30.498    SoC_i/ariane_peripherals_0/inst/i_peripherals_mapper/i_ariane_peripherals/i_plic/i_rv_plic_gateway/gen_target[0].i_target/gen_sequential.max_prio293_in
    SLICE_X23Y3          LUT6 (Prop_lut6_I2_O)        0.124    30.622 r  SoC_i/ariane_peripherals_0/inst/i_peripherals_mapper/i_ariane_peripherals/i_plic/i_rv_plic_gateway/gen_sequential.irq_id[1]_i_8/O
                         net (fo=1, routed)           0.304    30.926    SoC_i/ariane_peripherals_0/inst/i_peripherals_mapper/i_ariane_peripherals/i_plic/i_rv_plic_gateway/gen_sequential.irq_id[1]_i_8_n_0
    SLICE_X23Y2          LUT6 (Prop_lut6_I1_O)        0.124    31.050 r  SoC_i/ariane_peripherals_0/inst/i_peripherals_mapper/i_ariane_peripherals/i_plic/i_rv_plic_gateway/gen_sequential.irq_id[1]_i_3/O
                         net (fo=6, routed)           0.472    31.522    SoC_i/ariane_peripherals_0/inst/i_peripherals_mapper/i_ariane_peripherals/i_plic/i_rv_plic_gateway/gen_target[0].i_target/gen_sequential.max_prio199_out
    SLICE_X21Y2          LUT3 (Prop_lut3_I1_O)        0.124    31.646 f  SoC_i/ariane_peripherals_0/inst/i_peripherals_mapper/i_ariane_peripherals/i_plic/i_rv_plic_gateway/gen_sequential.irq_id[1]_i_6/O
                         net (fo=4, routed)           0.683    32.328    SoC_i/ariane_peripherals_0/inst/i_peripherals_mapper/i_ariane_peripherals/i_plic/i_rv_plic_gateway/gen_sequential.irq_id[1]_i_6_n_0
    SLICE_X20Y2          LUT4 (Prop_lut4_I3_O)        0.146    32.474 f  SoC_i/ariane_peripherals_0/inst/i_peripherals_mapper/i_ariane_peripherals/i_plic/i_rv_plic_gateway/gen_sequential.irq_id[2]_i_8__0/O
                         net (fo=5, routed)           0.627    33.101    SoC_i/ariane_peripherals_0/inst/i_peripherals_mapper/i_ariane_peripherals/i_plic/i_rv_plic_gateway/gen_sequential.irq_id[2]_i_8__0_n_0
    SLICE_X20Y1          LUT6 (Prop_lut6_I0_O)        0.328    33.429 r  SoC_i/ariane_peripherals_0/inst/i_peripherals_mapper/i_ariane_peripherals/i_plic/i_rv_plic_gateway/gen_sequential.irq_id[2]_i_16/O
                         net (fo=1, routed)           0.470    33.899    SoC_i/ariane_peripherals_0/inst/i_peripherals_mapper/i_ariane_peripherals/i_plic/i_rv_plic_gateway/gen_target[0].i_target/gen_sequential.max_prio2105_in
    SLICE_X19Y1          LUT6 (Prop_lut6_I2_O)        0.124    34.023 r  SoC_i/ariane_peripherals_0/inst/i_peripherals_mapper/i_ariane_peripherals/i_plic/i_rv_plic_gateway/gen_sequential.irq_id[2]_i_10/O
                         net (fo=1, routed)           0.576    34.600    SoC_i/ariane_peripherals_0/inst/i_peripherals_mapper/i_ariane_peripherals/i_plic/i_rv_plic_gateway/gen_sequential.irq_id[2]_i_10_n_0
    SLICE_X19Y3          LUT6 (Prop_lut6_I1_O)        0.124    34.724 r  SoC_i/ariane_peripherals_0/inst/i_peripherals_mapper/i_ariane_peripherals/i_plic/i_rv_plic_gateway/gen_sequential.irq_id[2]_i_5/O
                         net (fo=5, routed)           0.694    35.418    SoC_i/ariane_peripherals_0/inst/i_peripherals_mapper/i_ariane_peripherals/i_plic/i_rv_plic_gateway/gen_target[0].i_target/gen_sequential.max_prio1111_out
    SLICE_X17Y2          LUT6 (Prop_lut6_I5_O)        0.124    35.542 r  SoC_i/ariane_peripherals_0/inst/i_peripherals_mapper/i_ariane_peripherals/i_plic/i_rv_plic_gateway/gen_sequential.irq_i_15/O
                         net (fo=1, routed)           0.433    35.975    SoC_i/ariane_peripherals_0/inst/i_peripherals_mapper/i_ariane_peripherals/i_plic/i_rv_plic_gateway/gen_sequential.irq_i_15_n_0
    SLICE_X17Y2          LUT5 (Prop_lut5_I2_O)        0.124    36.099 r  SoC_i/ariane_peripherals_0/inst/i_peripherals_mapper/i_ariane_peripherals/i_plic/i_rv_plic_gateway/gen_sequential.irq_i_4/O
                         net (fo=6, routed)           0.827    36.926    SoC_i/ariane_peripherals_0/inst/i_peripherals_mapper/i_ariane_peripherals/i_plic/i_rv_plic_gateway/gen_target[0].i_target/gen_sequential.irq_next1__1
    SLICE_X16Y2          LUT2 (Prop_lut2_I1_O)        0.124    37.050 r  SoC_i/ariane_peripherals_0/inst/i_peripherals_mapper/i_ariane_peripherals/i_plic/i_rv_plic_gateway/gen_sequential.irq_id[0]_i_1/O
                         net (fo=1, routed)           0.000    37.050    SoC_i/ariane_peripherals_0/inst/i_peripherals_mapper/i_ariane_peripherals/i_plic/gen_target[0].i_target/D[0]
    SLICE_X16Y2          FDCE                                         r  SoC_i/ariane_peripherals_0/inst/i_peripherals_mapper/i_ariane_peripherals/i_plic/gen_target[0].i_target/gen_sequential.irq_id_reg[0]/D
  -------------------------------------------------------------------    -------------------

                         (clock clk_25_SoC_clk_wiz_0_0 rise edge)
                                                     40.000    40.000 r  
    H16                                               0.000    40.000 r  sys_clock (IN)
                         net (fo=0)                   0.000    40.000    SoC_i/clk_wiz_0/inst/clk_in1
    H16                  IBUF (Prop_ibuf_I_O)         1.380    41.380 r  SoC_i/clk_wiz_0/inst/clkin1_ibufg/O
                         net (fo=1, routed)           1.162    42.542    SoC_i/clk_wiz_0/inst/clk_in1_SoC_clk_wiz_0_0
    MMCME2_ADV_X1Y2      MMCME2_ADV (Prop_mmcme2_adv_CLKIN1_CLKOUT0)
                                                     -7.814    34.728 r  SoC_i/clk_wiz_0/inst/mmcm_adv_inst/CLKOUT0
                         net (fo=2, routed)           2.012    36.740    SoC_i/clk_wiz_0/inst/clk_25_SoC_clk_wiz_0_0
    BUFGCTRL_X0Y17       BUFGCTRL (Prop_bufgctrl_I0_O)
                                                      0.091    36.831 r  SoC_i/clk_wiz_0/inst/clkout1_buf/O
                         net (fo=23853, routed)       1.581    38.413    SoC_i/ariane_peripherals_0/inst/i_peripherals_mapper/i_ariane_peripherals/i_plic/gen_target[0].i_target/aclk
    SLICE_X16Y2          FDCE                                         r  SoC_i/ariane_peripherals_0/inst/i_peripherals_mapper/i_ariane_peripherals/i_plic/gen_target[0].i_target/gen_sequential.irq_id_reg[0]/C
                         clock pessimism              0.567    38.980    
                         clock uncertainty           -0.090    38.890    
    SLICE_X16Y2          FDCE (Setup_fdce_C_D)        0.077    38.967    SoC_i/ariane_peripherals_0/inst/i_peripherals_mapper/i_ariane_peripherals/i_plic/gen_target[0].i_target/gen_sequential.irq_id_reg[0]
  -------------------------------------------------------------------
                         required time                         38.967    
                         arrival time                         -37.050    
  -------------------------------------------------------------------
                         slack                                  1.917    





Min Delay Paths
--------------------------------------------------------------------------------------
Slack (MET) :             0.027ns  (arrival time - required time)
  Source:                 SoC_i/northbridge/axi_interconnect_0/m05_couplers/auto_ds/inst/gen_downsizer.gen_simple_downsizer.axi_downsizer_inst/USE_WRITE.write_addr_inst/cmd_queue/inst/fifo_gen_inst/inst_fifo_gen/gconvfifo.rf/grf.rf/gntv_or_sync_fifo.mem/gdm.dm_gen.dm/gpr1.dout_i_reg[18]/C
                            (rising edge-triggered cell FDRE clocked by clk_25_SoC_clk_wiz_0_0  {rise@0.000ns fall@20.000ns period=40.000ns})
  Destination:            SoC_i/northbridge/axi_interconnect_0/m05_couplers/auto_ds/inst/gen_downsizer.gen_simple_downsizer.axi_downsizer_inst/USE_WRITE.write_addr_inst/cmd_queue/inst/fifo_gen_inst/inst_fifo_gen/gconvfifo.rf/grf.rf/gntv_or_sync_fifo.mem/goreg_dm.dout_i_reg[18]/D
                            (rising edge-triggered cell FDRE clocked by clk_25_SoC_clk_wiz_0_0  {rise@0.000ns fall@20.000ns period=40.000ns})
  Path Group:             clk_25_SoC_clk_wiz_0_0
  Path Type:              Hold (Min at Fast Process Corner)
  Requirement:            0.000ns  (clk_25_SoC_clk_wiz_0_0 rise@0.000ns - clk_25_SoC_clk_wiz_0_0 rise@0.000ns)
  Data Path Delay:        0.306ns  (logic 0.148ns (48.366%)  route 0.158ns (51.634%))
  Logic Levels:           0  
  Clock Path Skew:        0.266ns (DCD - SCD - CPR)
    Destination Clock Delay (DCD):    -0.912ns
    Source Clock Delay      (SCD):    -0.675ns
    Clock Pessimism Removal (CPR):    -0.504ns

    Location             Delay type                Incr(ns)  Path(ns)    Netlist Resource(s)
  -------------------------------------------------------------------    -------------------
                         (clock clk_25_SoC_clk_wiz_0_0 rise edge)
                                                      0.000     0.000 r  
    H16                                               0.000     0.000 r  sys_clock (IN)
                         net (fo=0)                   0.000     0.000    SoC_i/clk_wiz_0/inst/clk_in1
    H16                  IBUF (Prop_ibuf_I_O)         0.219     0.219 r  SoC_i/clk_wiz_0/inst/clkin1_ibufg/O
                         net (fo=1, routed)           0.440     0.659    SoC_i/clk_wiz_0/inst/clk_in1_SoC_clk_wiz_0_0
    MMCME2_ADV_X1Y2      MMCME2_ADV (Prop_mmcme2_adv_CLKIN1_CLKOUT0)
                                                     -2.613    -1.954 r  SoC_i/clk_wiz_0/inst/mmcm_adv_inst/CLKOUT0
                         net (fo=2, routed)           0.696    -1.257    SoC_i/clk_wiz_0/inst/clk_25_SoC_clk_wiz_0_0
    BUFGCTRL_X0Y17       BUFGCTRL (Prop_bufgctrl_I0_O)
                                                      0.026    -1.231 r  SoC_i/clk_wiz_0/inst/clkout1_buf/O
                         net (fo=23853, routed)       0.557    -0.675    SoC_i/northbridge/axi_interconnect_0/m05_couplers/auto_ds/inst/gen_downsizer.gen_simple_downsizer.axi_downsizer_inst/USE_WRITE.write_addr_inst/cmd_queue/inst/fifo_gen_inst/inst_fifo_gen/gconvfifo.rf/grf.rf/gntv_or_sync_fifo.mem/gdm.dm_gen.dm/clk
    SLICE_X50Y7          FDRE                                         r  SoC_i/northbridge/axi_interconnect_0/m05_couplers/auto_ds/inst/gen_downsizer.gen_simple_downsizer.axi_downsizer_inst/USE_WRITE.write_addr_inst/cmd_queue/inst/fifo_gen_inst/inst_fifo_gen/gconvfifo.rf/grf.rf/gntv_or_sync_fifo.mem/gdm.dm_gen.dm/gpr1.dout_i_reg[18]/C
  -------------------------------------------------------------------    -------------------
    SLICE_X50Y7          FDRE (Prop_fdre_C_Q)         0.148    -0.527 r  SoC_i/northbridge/axi_interconnect_0/m05_couplers/auto_ds/inst/gen_downsizer.gen_simple_downsizer.axi_downsizer_inst/USE_WRITE.write_addr_inst/cmd_queue/inst/fifo_gen_inst/inst_fifo_gen/gconvfifo.rf/grf.rf/gntv_or_sync_fifo.mem/gdm.dm_gen.dm/gpr1.dout_i_reg[18]/Q
                         net (fo=1, routed)           0.158    -0.369    SoC_i/northbridge/axi_interconnect_0/m05_couplers/auto_ds/inst/gen_downsizer.gen_simple_downsizer.axi_downsizer_inst/USE_WRITE.write_addr_inst/cmd_queue/inst/fifo_gen_inst/inst_fifo_gen/gconvfifo.rf/grf.rf/gntv_or_sync_fifo.mem/dout_i[18]
    SLICE_X49Y7          FDRE                                         r  SoC_i/northbridge/axi_interconnect_0/m05_couplers/auto_ds/inst/gen_downsizer.gen_simple_downsizer.axi_downsizer_inst/USE_WRITE.write_addr_inst/cmd_queue/inst/fifo_gen_inst/inst_fifo_gen/gconvfifo.rf/grf.rf/gntv_or_sync_fifo.mem/goreg_dm.dout_i_reg[18]/D
  -------------------------------------------------------------------    -------------------

                         (clock clk_25_SoC_clk_wiz_0_0 rise edge)
                                                      0.000     0.000 r  
    H16                                               0.000     0.000 r  sys_clock (IN)
                         net (fo=0)                   0.000     0.000    SoC_i/clk_wiz_0/inst/clk_in1
    H16                  IBUF (Prop_ibuf_I_O)         0.406     0.406 r  SoC_i/clk_wiz_0/inst/clkin1_ibufg/O
                         net (fo=1, routed)           0.480     0.886    SoC_i/clk_wiz_0/inst/clk_in1_SoC_clk_wiz_0_0
    MMCME2_ADV_X1Y2      MMCME2_ADV (Prop_mmcme2_adv_CLKIN1_CLKOUT0)
                                                     -3.407    -2.521 r  SoC_i/clk_wiz_0/inst/mmcm_adv_inst/CLKOUT0
                         net (fo=2, routed)           0.752    -1.769    SoC_i/clk_wiz_0/inst/clk_25_SoC_clk_wiz_0_0
    BUFGCTRL_X0Y17       BUFGCTRL (Prop_bufgctrl_I0_O)
                                                      0.029    -1.740 r  SoC_i/clk_wiz_0/inst/clkout1_buf/O
                         net (fo=23853, routed)       0.828    -0.912    SoC_i/northbridge/axi_interconnect_0/m05_couplers/auto_ds/inst/gen_downsizer.gen_simple_downsizer.axi_downsizer_inst/USE_WRITE.write_addr_inst/cmd_queue/inst/fifo_gen_inst/inst_fifo_gen/gconvfifo.rf/grf.rf/gntv_or_sync_fifo.mem/clk
    SLICE_X49Y7          FDRE                                         r  SoC_i/northbridge/axi_interconnect_0/m05_couplers/auto_ds/inst/gen_downsizer.gen_simple_downsizer.axi_downsizer_inst/USE_WRITE.write_addr_inst/cmd_queue/inst/fifo_gen_inst/inst_fifo_gen/gconvfifo.rf/grf.rf/gntv_or_sync_fifo.mem/goreg_dm.dout_i_reg[18]/C
                         clock pessimism              0.504    -0.408    
    SLICE_X49Y7          FDRE (Hold_fdre_C_D)         0.013    -0.395    SoC_i/northbridge/axi_interconnect_0/m05_couplers/auto_ds/inst/gen_downsizer.gen_simple_downsizer.axi_downsizer_inst/USE_WRITE.write_addr_inst/cmd_queue/inst/fifo_gen_inst/inst_fifo_gen/gconvfifo.rf/grf.rf/gntv_or_sync_fifo.mem/goreg_dm.dout_i_reg[18]
  -------------------------------------------------------------------
                         required time                          0.395    
                         arrival time                          -0.369    
  -------------------------------------------------------------------
                         slack                                  0.027    





Pulse Width Checks
--------------------------------------------------------------------------------------
Clock Name:         clk_25_SoC_clk_wiz_0_0
Waveform(ns):       { 0.000 20.000 }
Period(ns):         40.000
Sources:            { SoC_i/clk_wiz_0/inst/mmcm_adv_inst/CLKOUT0 }

Check Type        Corner  Lib Pin             Reference Pin  Required(ns)  Actual(ns)  Slack(ns)  Location         Pin
Min Period        n/a     RAMB36E1/CLKARDCLK  n/a            2.944         40.000      37.056     RAMB36_X3Y2      SoC_i/cpu_0/inst/i_cva6_wrapper/i_ariane/i_cva6/gen_cache_wt.i_cache_subsystem/i_cva6_icache/gen_sram[0].data_sram/data_sram/gen_cut[0].i_tc_sram_wrapper/i_ram/Mem_DP_reg/CLKARDCLK
Max Period        n/a     MMCME2_ADV/CLKOUT0  n/a            213.360       40.000      173.360    MMCME2_ADV_X1Y2  SoC_i/clk_wiz_0/inst/mmcm_adv_inst/CLKOUT0
Low Pulse Width   Slow    RAMD32/CLK          n/a            1.250         20.000      18.750     SLICE_X30Y29     SoC_i/cpu_0/inst/i_cva6_wrapper/i_ariane/i_cva6/gen_cache_wt.i_cache_subsystem/i_adapter/i_b_fifo/gen_fpga_queue.fifo_ram/mem_reg_0_3_0_4/RAMA/CLK
High Pulse Width  Slow    RAMD32/CLK          n/a            1.250         20.000      18.750     SLICE_X30Y29     SoC_i/cpu_0/inst/i_cva6_wrapper/i_ariane/i_cva6/gen_cache_wt.i_cache_subsystem/i_adapter/i_b_fifo/gen_fpga_queue.fifo_ram/mem_reg_0_3_0_4/RAMA/CLK



---------------------------------------------------------------------------------------------------
From Clock:  clk_50_SoC_clk_wiz_0_0
  To Clock:  clk_50_SoC_clk_wiz_0_0

Setup :            0  Failing Endpoints,  Worst Slack       11.939ns,  Total Violation        0.000ns
Hold  :            0  Failing Endpoints,  Worst Slack        0.031ns,  Total Violation        0.000ns
PW    :            0  Failing Endpoints,  Worst Slack        8.750ns,  Total Violation        0.000ns
---------------------------------------------------------------------------------------------------


Max Delay Paths
--------------------------------------------------------------------------------------
Slack (MET) :             11.939ns  (required time - arrival time)
  Source:                 SoC_i/axi_quad_spi_0/U0/NO_DUAL_QUAD_MODE.QSPI_NORMAL/QSPI_ENHANCED_MD_GEN.QSPI_CORE_INTERFACE_I/FIFO_EXISTS.CLK_CROSS_I/LOGIC_GENERATION_CDC.SPICR_3_CPOL_AX2S_1/GENERATE_LEVEL_P_S_CDC.SINGLE_BIT.CROSS_PLEVEL_IN2SCNDRY_s_level_out_d3/C
                            (rising edge-triggered cell FDRE clocked by clk_50_SoC_clk_wiz_0_0  {rise@0.000ns fall@10.000ns period=20.000ns})
  Destination:            SoC_i/axi_quad_spi_0/U0/NO_DUAL_QUAD_MODE.QSPI_NORMAL/QSPI_ENHANCED_MD_GEN.QSPI_CORE_INTERFACE_I/LOGIC_FOR_MD_0_GEN.SPI_MODULE_I/RATIO_NOT_EQUAL_4_GENERATE.SCK_O_NQ_4_NO_STARTUP_USED.SCK_O_NE_4_FDRE_INST/D
                            (rising edge-triggered cell FDRE clocked by clk_50_SoC_clk_wiz_0_0  {rise@0.000ns fall@10.000ns period=20.000ns})
  Path Group:             clk_50_SoC_clk_wiz_0_0
  Path Type:              Setup (Max at Slow Process Corner)
  Requirement:            20.000ns  (clk_50_SoC_clk_wiz_0_0 rise@20.000ns - clk_50_SoC_clk_wiz_0_0 rise@0.000ns)
  Data Path Delay:        7.142ns  (logic 0.642ns (8.989%)  route 6.500ns (91.011%))
  Logic Levels:           1  (LUT5=1)
  Clock Path Skew:        -0.005ns (DCD - SCD + CPR)
    Destination Clock Delay (DCD):    -1.505ns = ( 18.495 - 20.000 ) 
    Source Clock Delay      (SCD):    -1.047ns
    Clock Pessimism Removal (CPR):    0.452ns
  Clock Uncertainty:      0.080ns  ((TSJ^2 + DJ^2)^1/2) / 2 + PE
    Total System Jitter     (TSJ):    0.071ns
    Discrete Jitter          (DJ):    0.144ns
    Phase Error              (PE):    0.000ns

    Location             Delay type                Incr(ns)  Path(ns)    Netlist Resource(s)
  -------------------------------------------------------------------    -------------------
                         (clock clk_50_SoC_clk_wiz_0_0 rise edge)
                                                      0.000     0.000 r  
    H16                                               0.000     0.000 r  sys_clock (IN)
                         net (fo=0)                   0.000     0.000    SoC_i/clk_wiz_0/inst/clk_in1
    H16                  IBUF (Prop_ibuf_I_O)         1.451     1.451 r  SoC_i/clk_wiz_0/inst/clkin1_ibufg/O
                         net (fo=1, routed)           1.285     2.736    SoC_i/clk_wiz_0/inst/clk_in1_SoC_clk_wiz_0_0
    MMCME2_ADV_X1Y2      MMCME2_ADV (Prop_mmcme2_adv_CLKIN1_CLKOUT1)
                                                     -7.759    -5.023 r  SoC_i/clk_wiz_0/inst/mmcm_adv_inst/CLKOUT1
                         net (fo=2, routed)           2.206    -2.817    SoC_i/clk_wiz_0/inst/clk_50_SoC_clk_wiz_0_0
    BUFGCTRL_X0Y16       BUFGCTRL (Prop_bufgctrl_I0_O)
                                                      0.101    -2.716 r  SoC_i/clk_wiz_0/inst/clkout2_buf/O
                         net (fo=728, routed)         1.669    -1.047    SoC_i/axi_quad_spi_0/U0/NO_DUAL_QUAD_MODE.QSPI_NORMAL/QSPI_ENHANCED_MD_GEN.QSPI_CORE_INTERFACE_I/FIFO_EXISTS.CLK_CROSS_I/LOGIC_GENERATION_CDC.SPICR_3_CPOL_AX2S_1/ext_spi_clk
    SLICE_X36Y6          FDRE                                         r  SoC_i/axi_quad_spi_0/U0/NO_DUAL_QUAD_MODE.QSPI_NORMAL/QSPI_ENHANCED_MD_GEN.QSPI_CORE_INTERFACE_I/FIFO_EXISTS.CLK_CROSS_I/LOGIC_GENERATION_CDC.SPICR_3_CPOL_AX2S_1/GENERATE_LEVEL_P_S_CDC.SINGLE_BIT.CROSS_PLEVEL_IN2SCNDRY_s_level_out_d3/C
  -------------------------------------------------------------------    -------------------
    SLICE_X36Y6          FDRE (Prop_fdre_C_Q)         0.518    -0.529 r  SoC_i/axi_quad_spi_0/U0/NO_DUAL_QUAD_MODE.QSPI_NORMAL/QSPI_ENHANCED_MD_GEN.QSPI_CORE_INTERFACE_I/FIFO_EXISTS.CLK_CROSS_I/LOGIC_GENERATION_CDC.SPICR_3_CPOL_AX2S_1/GENERATE_LEVEL_P_S_CDC.SINGLE_BIT.CROSS_PLEVEL_IN2SCNDRY_s_level_out_d3/Q
                         net (fo=11, routed)          0.934     0.404    SoC_i/axi_quad_spi_0/U0/NO_DUAL_QUAD_MODE.QSPI_NORMAL/QSPI_ENHANCED_MD_GEN.QSPI_CORE_INTERFACE_I/LOGIC_FOR_MD_0_GEN.SPI_MODULE_I/RATIO_OF_2_GENERATE.sck_d11_reg_0
    SLICE_X41Y3          LUT5 (Prop_lut5_I0_O)        0.124     0.528 r  SoC_i/axi_quad_spi_0/U0/NO_DUAL_QUAD_MODE.QSPI_NORMAL/QSPI_ENHANCED_MD_GEN.QSPI_CORE_INTERFACE_I/LOGIC_FOR_MD_0_GEN.SPI_MODULE_I/RATIO_NOT_EQUAL_4_GENERATE.SCK_O_NQ_4_NO_STARTUP_USED.SCK_O_NE_4_FDRE_INST_i_2/O
                         net (fo=2, routed)           5.566     6.095    SoC_i/axi_quad_spi_0/U0/NO_DUAL_QUAD_MODE.QSPI_NORMAL/QSPI_ENHANCED_MD_GEN.QSPI_CORE_INTERFACE_I/LOGIC_FOR_MD_0_GEN.SPI_MODULE_I/RATIO_NOT_EQUAL_4_GENERATE.SCK_O_NQ_4_NO_STARTUP_USED.SCK_O_NE_4_FDRE_INST_i_2_n_0
    OLOGIC_X1Y97         FDRE                                         r  SoC_i/axi_quad_spi_0/U0/NO_DUAL_QUAD_MODE.QSPI_NORMAL/QSPI_ENHANCED_MD_GEN.QSPI_CORE_INTERFACE_I/LOGIC_FOR_MD_0_GEN.SPI_MODULE_I/RATIO_NOT_EQUAL_4_GENERATE.SCK_O_NQ_4_NO_STARTUP_USED.SCK_O_NE_4_FDRE_INST/D
  -------------------------------------------------------------------    -------------------

                         (clock clk_50_SoC_clk_wiz_0_0 rise edge)
                                                     20.000    20.000 r  
    H16                                               0.000    20.000 r  sys_clock (IN)
                         net (fo=0)                   0.000    20.000    SoC_i/clk_wiz_0/inst/clk_in1
    H16                  IBUF (Prop_ibuf_I_O)         1.380    21.380 r  SoC_i/clk_wiz_0/inst/clkin1_ibufg/O
                         net (fo=1, routed)           1.162    22.542    SoC_i/clk_wiz_0/inst/clk_in1_SoC_clk_wiz_0_0
    MMCME2_ADV_X1Y2      MMCME2_ADV (Prop_mmcme2_adv_CLKIN1_CLKOUT1)
                                                     -7.814    14.728 r  SoC_i/clk_wiz_0/inst/mmcm_adv_inst/CLKOUT1
                         net (fo=2, routed)           2.012    16.740    SoC_i/clk_wiz_0/inst/clk_50_SoC_clk_wiz_0_0
    BUFGCTRL_X0Y16       BUFGCTRL (Prop_bufgctrl_I0_O)
                                                      0.091    16.831 r  SoC_i/clk_wiz_0/inst/clkout2_buf/O
                         net (fo=728, routed)         1.664    18.495    SoC_i/axi_quad_spi_0/U0/NO_DUAL_QUAD_MODE.QSPI_NORMAL/QSPI_ENHANCED_MD_GEN.QSPI_CORE_INTERFACE_I/LOGIC_FOR_MD_0_GEN.SPI_MODULE_I/ext_spi_clk
    OLOGIC_X1Y97         FDRE                                         r  SoC_i/axi_quad_spi_0/U0/NO_DUAL_QUAD_MODE.QSPI_NORMAL/QSPI_ENHANCED_MD_GEN.QSPI_CORE_INTERFACE_I/LOGIC_FOR_MD_0_GEN.SPI_MODULE_I/RATIO_NOT_EQUAL_4_GENERATE.SCK_O_NQ_4_NO_STARTUP_USED.SCK_O_NE_4_FDRE_INST/C
                         clock pessimism              0.452    18.948    
                         clock uncertainty           -0.080    18.868    
    OLOGIC_X1Y97         FDRE (Setup_fdre_C_D)       -0.834    18.034    SoC_i/axi_quad_spi_0/U0/NO_DUAL_QUAD_MODE.QSPI_NORMAL/QSPI_ENHANCED_MD_GEN.QSPI_CORE_INTERFACE_I/LOGIC_FOR_MD_0_GEN.SPI_MODULE_I/RATIO_NOT_EQUAL_4_GENERATE.SCK_O_NQ_4_NO_STARTUP_USED.SCK_O_NE_4_FDRE_INST
  -------------------------------------------------------------------
                         required time                         18.034    
                         arrival time                          -6.095    
  -------------------------------------------------------------------
                         slack                                 11.939    





Min Delay Paths
--------------------------------------------------------------------------------------
Slack (MET) :             0.031ns  (arrival time - required time)
  Source:                 SoC_i/axi_mem_intercon/s00_couplers/auto_pc/inst/gen_axi4_axi3.axi3_conv_inst/USE_WRITE.write_addr_inst/USE_BURSTS.cmd_queue/inst/fifo_gen_inst/inst_fifo_gen/gconvfifo.rf/grf.rf/gntv_or_sync_fifo.gl0.wr/wpntr/gcc0.gc0.count_d1_reg[4]/C
                            (rising edge-triggered cell FDCE clocked by clk_50_SoC_clk_wiz_0_0  {rise@0.000ns fall@10.000ns period=20.000ns})
  Destination:            SoC_i/axi_mem_intercon/s00_couplers/auto_pc/inst/gen_axi4_axi3.axi3_conv_inst/USE_WRITE.write_addr_inst/USE_BURSTS.cmd_queue/inst/fifo_gen_inst/inst_fifo_gen/gconvfifo.rf/grf.rf/gntv_or_sync_fifo.mem/gdm.dm_gen.dm/RAM_reg_0_31_6_9/RAMA/WADR4
                            (rising edge-triggered cell RAMD32 clocked by clk_50_SoC_clk_wiz_0_0  {rise@0.000ns fall@10.000ns period=20.000ns})
  Path Group:             clk_50_SoC_clk_wiz_0_0
  Path Type:              Hold (Min at Fast Process Corner)
  Requirement:            0.000ns  (clk_50_SoC_clk_wiz_0_0 rise@0.000ns - clk_50_SoC_clk_wiz_0_0 rise@0.000ns)
  Data Path Delay:        0.244ns  (logic 0.141ns (57.706%)  route 0.103ns (42.294%))
  Logic Levels:           0  
  Clock Path Skew:        0.013ns (DCD - SCD - CPR)
    Destination Clock Delay (DCD):    -0.901ns
    Source Clock Delay      (SCD):    -0.661ns
    Clock Pessimism Removal (CPR):    -0.252ns

    Location             Delay type                Incr(ns)  Path(ns)    Netlist Resource(s)
  -------------------------------------------------------------------    -------------------
                         (clock clk_50_SoC_clk_wiz_0_0 rise edge)
                                                      0.000     0.000 r  
    H16                                               0.000     0.000 r  sys_clock (IN)
                         net (fo=0)                   0.000     0.000    SoC_i/clk_wiz_0/inst/clk_in1
    H16                  IBUF (Prop_ibuf_I_O)         0.219     0.219 r  SoC_i/clk_wiz_0/inst/clkin1_ibufg/O
                         net (fo=1, routed)           0.440     0.659    SoC_i/clk_wiz_0/inst/clk_in1_SoC_clk_wiz_0_0
    MMCME2_ADV_X1Y2      MMCME2_ADV (Prop_mmcme2_adv_CLKIN1_CLKOUT1)
                                                     -2.613    -1.954 r  SoC_i/clk_wiz_0/inst/mmcm_adv_inst/CLKOUT1
                         net (fo=2, routed)           0.696    -1.257    SoC_i/clk_wiz_0/inst/clk_50_SoC_clk_wiz_0_0
    BUFGCTRL_X0Y16       BUFGCTRL (Prop_bufgctrl_I0_O)
                                                      0.026    -1.231 r  SoC_i/clk_wiz_0/inst/clkout2_buf/O
                         net (fo=728, routed)         0.570    -0.661    SoC_i/axi_mem_intercon/s00_couplers/auto_pc/inst/gen_axi4_axi3.axi3_conv_inst/USE_WRITE.write_addr_inst/USE_BURSTS.cmd_queue/inst/fifo_gen_inst/inst_fifo_gen/gconvfifo.rf/grf.rf/gntv_or_sync_fifo.gl0.wr/wpntr/clk
    SLICE_X27Y62         FDCE                                         r  SoC_i/axi_mem_intercon/s00_couplers/auto_pc/inst/gen_axi4_axi3.axi3_conv_inst/USE_WRITE.write_addr_inst/USE_BURSTS.cmd_queue/inst/fifo_gen_inst/inst_fifo_gen/gconvfifo.rf/grf.rf/gntv_or_sync_fifo.gl0.wr/wpntr/gcc0.gc0.count_d1_reg[4]/C
  -------------------------------------------------------------------    -------------------
    SLICE_X27Y62         FDCE (Prop_fdce_C_Q)         0.141    -0.520 r  SoC_i/axi_mem_intercon/s00_couplers/auto_pc/inst/gen_axi4_axi3.axi3_conv_inst/USE_WRITE.write_addr_inst/USE_BURSTS.cmd_queue/inst/fifo_gen_inst/inst_fifo_gen/gconvfifo.rf/grf.rf/gntv_or_sync_fifo.gl0.wr/wpntr/gcc0.gc0.count_d1_reg[4]/Q
                         net (fo=18, routed)          0.103    -0.417    SoC_i/axi_mem_intercon/s00_couplers/auto_pc/inst/gen_axi4_axi3.axi3_conv_inst/USE_WRITE.write_addr_inst/USE_BURSTS.cmd_queue/inst/fifo_gen_inst/inst_fifo_gen/gconvfifo.rf/grf.rf/gntv_or_sync_fifo.mem/gdm.dm_gen.dm/RAM_reg_0_31_6_9/ADDRD4
    SLICE_X26Y62         RAMD32                                       r  SoC_i/axi_mem_intercon/s00_couplers/auto_pc/inst/gen_axi4_axi3.axi3_conv_inst/USE_WRITE.write_addr_inst/USE_BURSTS.cmd_queue/inst/fifo_gen_inst/inst_fifo_gen/gconvfifo.rf/grf.rf/gntv_or_sync_fifo.mem/gdm.dm_gen.dm/RAM_reg_0_31_6_9/RAMA/WADR4
  -------------------------------------------------------------------    -------------------

                         (clock clk_50_SoC_clk_wiz_0_0 rise edge)
                                                      0.000     0.000 r  
    H16                                               0.000     0.000 r  sys_clock (IN)
                         net (fo=0)                   0.000     0.000    SoC_i/clk_wiz_0/inst/clk_in1
    H16                  IBUF (Prop_ibuf_I_O)         0.406     0.406 r  SoC_i/clk_wiz_0/inst/clkin1_ibufg/O
                         net (fo=1, routed)           0.480     0.886    SoC_i/clk_wiz_0/inst/clk_in1_SoC_clk_wiz_0_0
    MMCME2_ADV_X1Y2      MMCME2_ADV (Prop_mmcme2_adv_CLKIN1_CLKOUT1)
                                                     -3.407    -2.521 r  SoC_i/clk_wiz_0/inst/mmcm_adv_inst/CLKOUT1
                         net (fo=2, routed)           0.752    -1.769    SoC_i/clk_wiz_0/inst/clk_50_SoC_clk_wiz_0_0
    BUFGCTRL_X0Y16       BUFGCTRL (Prop_bufgctrl_I0_O)
                                                      0.029    -1.740 r  SoC_i/clk_wiz_0/inst/clkout2_buf/O
                         net (fo=728, routed)         0.839    -0.901    SoC_i/axi_mem_intercon/s00_couplers/auto_pc/inst/gen_axi4_axi3.axi3_conv_inst/USE_WRITE.write_addr_inst/USE_BURSTS.cmd_queue/inst/fifo_gen_inst/inst_fifo_gen/gconvfifo.rf/grf.rf/gntv_or_sync_fifo.mem/gdm.dm_gen.dm/RAM_reg_0_31_6_9/WCLK
    SLICE_X26Y62         RAMD32                                       r  SoC_i/axi_mem_intercon/s00_couplers/auto_pc/inst/gen_axi4_axi3.axi3_conv_inst/USE_WRITE.write_addr_inst/USE_BURSTS.cmd_queue/inst/fifo_gen_inst/inst_fifo_gen/gconvfifo.rf/grf.rf/gntv_or_sync_fifo.mem/gdm.dm_gen.dm/RAM_reg_0_31_6_9/RAMA/CLK
                         clock pessimism              0.252    -0.648    
    SLICE_X26Y62         RAMD32 (Hold_ramd32_CLK_WADR4)
                                                      0.200    -0.448    SoC_i/axi_mem_intercon/s00_couplers/auto_pc/inst/gen_axi4_axi3.axi3_conv_inst/USE_WRITE.write_addr_inst/USE_BURSTS.cmd_queue/inst/fifo_gen_inst/inst_fifo_gen/gconvfifo.rf/grf.rf/gntv_or_sync_fifo.mem/gdm.dm_gen.dm/RAM_reg_0_31_6_9/RAMA
  -------------------------------------------------------------------
                         required time                          0.448    
                         arrival time                          -0.417    
  -------------------------------------------------------------------
                         slack                                  0.031    





Pulse Width Checks
--------------------------------------------------------------------------------------
Clock Name:         clk_50_SoC_clk_wiz_0_0
Waveform(ns):       { 0.000 10.000 }
Period(ns):         20.000
Sources:            { SoC_i/clk_wiz_0/inst/mmcm_adv_inst/CLKOUT1 }

Check Type        Corner  Lib Pin             Reference Pin  Required(ns)  Actual(ns)  Slack(ns)  Location         Pin
Min Period        n/a     RAMB18E1/CLKARDCLK  n/a            2.576         20.000      17.424     RAMB18_X2Y0      SoC_i/axi_quad_spi_0/U0/NO_DUAL_QUAD_MODE.QSPI_NORMAL/QSPI_ENHANCED_MD_GEN.QSPI_CORE_INTERFACE_I/FIFO_EXISTS.RX_FIFO_II/gnuram_async_fifo.xpm_fifo_base_inst/gen_sdpram.xpm_memory_base_inst/gen_wr_a.gen_word_narrow.mem_reg/CLKARDCLK
Max Period        n/a     MMCME2_ADV/CLKOUT1  n/a            213.360       20.000      193.360    MMCME2_ADV_X1Y2  SoC_i/clk_wiz_0/inst/mmcm_adv_inst/CLKOUT1
Low Pulse Width   Slow    RAMD32/CLK          n/a            1.250         10.000      8.750      SLICE_X2Y47      SoC_i/axi_mem_intercon/s00_couplers/auto_pc/inst/gen_axi4_axi3.axi3_conv_inst/USE_READ.USE_SPLIT_R.read_addr_inst/USE_R_CHANNEL.cmd_queue/inst/fifo_gen_inst/inst_fifo_gen/gconvfifo.rf/grf.rf/gntv_or_sync_fifo.mem/gdm.dm_gen.dm/RAM_reg_0_31_0_0/DP/CLK
High Pulse Width  Slow    RAMD32/CLK          n/a            1.250         10.000      8.750      SLICE_X2Y47      SoC_i/axi_mem_intercon/s00_couplers/auto_pc/inst/gen_axi4_axi3.axi3_conv_inst/USE_READ.USE_SPLIT_R.read_addr_inst/USE_R_CHANNEL.cmd_queue/inst/fifo_gen_inst/inst_fifo_gen/gconvfifo.rf/grf.rf/gntv_or_sync_fifo.mem/gdm.dm_gen.dm/RAM_reg_0_31_0_0/DP/CLK



---------------------------------------------------------------------------------------------------
From Clock:  clkfbout_SoC_clk_wiz_0_0
  To Clock:  clkfbout_SoC_clk_wiz_0_0

Setup :           NA  Failing Endpoints,  Worst Slack           NA  ,  Total Violation           NA
Hold  :           NA  Failing Endpoints,  Worst Slack           NA  ,  Total Violation           NA
PW    :            0  Failing Endpoints,  Worst Slack        5.845ns,  Total Violation        0.000ns
---------------------------------------------------------------------------------------------------


Pulse Width Checks
--------------------------------------------------------------------------------------
Clock Name:         clkfbout_SoC_clk_wiz_0_0
Waveform(ns):       { 0.000 4.000 }
Period(ns):         8.000
Sources:            { SoC_i/clk_wiz_0/inst/mmcm_adv_inst/CLKFBOUT }

Check Type  Corner  Lib Pin             Reference Pin  Required(ns)  Actual(ns)  Slack(ns)  Location         Pin
Min Period  n/a     BUFG/I              n/a            2.155         8.000       5.845      BUFGCTRL_X0Y18   SoC_i/clk_wiz_0/inst/clkf_buf/I
Max Period  n/a     MMCME2_ADV/CLKFBIN  n/a            100.000       8.000       92.000     MMCME2_ADV_X1Y2  SoC_i/clk_wiz_0/inst/mmcm_adv_inst/CLKFBIN



---------------------------------------------------------------------------------------------------
From Clock:  clk_50_SoC_clk_wiz_0_0
  To Clock:  clk_25_SoC_clk_wiz_0_0

Setup :            0  Failing Endpoints,  Worst Slack       11.900ns,  Total Violation        0.000ns
Hold  :            0  Failing Endpoints,  Worst Slack        0.178ns,  Total Violation        0.000ns
---------------------------------------------------------------------------------------------------


Max Delay Paths
--------------------------------------------------------------------------------------
Slack (MET) :             11.900ns  (required time - arrival time)
  Source:                 SoC_i/axi_mem_intercon/s00_couplers/auto_pc/inst/gen_axi4_axi3.axi3_conv_inst/USE_READ.USE_SPLIT_R.read_addr_inst/S_AXI_AREADY_I_reg/C
                            (rising edge-triggered cell FDRE clocked by clk_50_SoC_clk_wiz_0_0  {rise@0.000ns fall@10.000ns period=20.000ns})
  Destination:            SoC_i/northbridge/axi_interconnect_0/m00_couplers/auto_cc/inst/gen_clock_conv.gen_sync_conv.gen_conv_read_ch.ar_sync_clock_converter/gen_sync_clock_converter.m_tpayload_r_reg[11]/CE
                            (rising edge-triggered cell FDRE clocked by clk_25_SoC_clk_wiz_0_0  {rise@0.000ns fall@20.000ns period=40.000ns})
  Path Group:             clk_25_SoC_clk_wiz_0_0
  Path Type:              Setup (Max at Slow Process Corner)
  Requirement:            20.000ns  (clk_25_SoC_clk_wiz_0_0 rise@40.000ns - clk_50_SoC_clk_wiz_0_0 rise@20.000ns)
  Data Path Delay:        7.245ns  (logic 0.642ns (8.862%)  route 6.603ns (91.138%))
  Logic Levels:           1  (LUT4=1)
  Clock Path Skew:        -0.440ns (DCD - SCD + CPR)
    Destination Clock Delay (DCD):    -1.648ns = ( 38.352 - 40.000 ) 
    Source Clock Delay      (SCD):    -0.959ns = ( 19.041 - 20.000 ) 
    Clock Pessimism Removal (CPR):    0.249ns
  Clock Uncertainty:      0.210ns  ((TSJ^2 + DJ^2)^1/2) / 2 + PE
    Total System Jitter     (TSJ):    0.071ns
    Discrete Jitter          (DJ):    0.165ns
    Phase Error              (PE):    0.120ns

    Location             Delay type                Incr(ns)  Path(ns)    Netlist Resource(s)
  -------------------------------------------------------------------    -------------------
                         (clock clk_50_SoC_clk_wiz_0_0 rise edge)
                                                     20.000    20.000 r  
    H16                                               0.000    20.000 r  sys_clock (IN)
                         net (fo=0)                   0.000    20.000    SoC_i/clk_wiz_0/inst/clk_in1
    H16                  IBUF (Prop_ibuf_I_O)         1.451    21.451 r  SoC_i/clk_wiz_0/inst/clkin1_ibufg/O
                         net (fo=1, routed)           1.285    22.736    SoC_i/clk_wiz_0/inst/clk_in1_SoC_clk_wiz_0_0
    MMCME2_ADV_X1Y2      MMCME2_ADV (Prop_mmcme2_adv_CLKIN1_CLKOUT1)
                                                     -7.759    14.977 r  SoC_i/clk_wiz_0/inst/mmcm_adv_inst/CLKOUT1
                         net (fo=2, routed)           2.206    17.183    SoC_i/clk_wiz_0/inst/clk_50_SoC_clk_wiz_0_0
    BUFGCTRL_X0Y16       BUFGCTRL (Prop_bufgctrl_I0_O)
                                                      0.101    17.284 r  SoC_i/clk_wiz_0/inst/clkout2_buf/O
                         net (fo=728, routed)         1.757    19.041    SoC_i/axi_mem_intercon/s00_couplers/auto_pc/inst/gen_axi4_axi3.axi3_conv_inst/USE_READ.USE_SPLIT_R.read_addr_inst/aclk
    SLICE_X8Y49          FDRE                                         r  SoC_i/axi_mem_intercon/s00_couplers/auto_pc/inst/gen_axi4_axi3.axi3_conv_inst/USE_READ.USE_SPLIT_R.read_addr_inst/S_AXI_AREADY_I_reg/C
  -------------------------------------------------------------------    -------------------
    SLICE_X8Y49          FDRE (Prop_fdre_C_Q)         0.518    19.559 r  SoC_i/axi_mem_intercon/s00_couplers/auto_pc/inst/gen_axi4_axi3.axi3_conv_inst/USE_READ.USE_SPLIT_R.read_addr_inst/S_AXI_AREADY_I_reg/Q
                         net (fo=94, routed)          2.706    22.265    SoC_i/northbridge/axi_interconnect_0/m00_couplers/auto_cc/inst/gen_clock_conv.gen_sync_conv.gen_conv_read_ch.ar_sync_clock_converter/m_axi_arready
    SLICE_X7Y36          LUT4 (Prop_lut4_I1_O)        0.124    22.389 r  SoC_i/northbridge/axi_interconnect_0/m00_couplers/auto_cc/inst/gen_clock_conv.gen_sync_conv.gen_conv_read_ch.ar_sync_clock_converter/gen_sync_clock_converter.m_tpayload_r[93]_i_1__0/O
                         net (fo=60, routed)          3.896    26.285    SoC_i/northbridge/axi_interconnect_0/m00_couplers/auto_cc/inst/gen_clock_conv.gen_sync_conv.gen_conv_read_ch.ar_sync_clock_converter/gen_sync_clock_converter.load_tpayload
    SLICE_X27Y54         FDRE                                         r  SoC_i/northbridge/axi_interconnect_0/m00_couplers/auto_cc/inst/gen_clock_conv.gen_sync_conv.gen_conv_read_ch.ar_sync_clock_converter/gen_sync_clock_converter.m_tpayload_r_reg[11]/CE
  -------------------------------------------------------------------    -------------------

                         (clock clk_25_SoC_clk_wiz_0_0 rise edge)
                                                     40.000    40.000 r  
    H16                                               0.000    40.000 r  sys_clock (IN)
                         net (fo=0)                   0.000    40.000    SoC_i/clk_wiz_0/inst/clk_in1
    H16                  IBUF (Prop_ibuf_I_O)         1.380    41.380 r  SoC_i/clk_wiz_0/inst/clkin1_ibufg/O
                         net (fo=1, routed)           1.162    42.542    SoC_i/clk_wiz_0/inst/clk_in1_SoC_clk_wiz_0_0
    MMCME2_ADV_X1Y2      MMCME2_ADV (Prop_mmcme2_adv_CLKIN1_CLKOUT0)
                                                     -7.814    34.728 r  SoC_i/clk_wiz_0/inst/mmcm_adv_inst/CLKOUT0
                         net (fo=2, routed)           2.012    36.740    SoC_i/clk_wiz_0/inst/clk_25_SoC_clk_wiz_0_0
    BUFGCTRL_X0Y17       BUFGCTRL (Prop_bufgctrl_I0_O)
                                                      0.091    36.831 r  SoC_i/clk_wiz_0/inst/clkout1_buf/O
                         net (fo=23853, routed)       1.521    38.352    SoC_i/northbridge/axi_interconnect_0/m00_couplers/auto_cc/inst/gen_clock_conv.gen_sync_conv.gen_conv_read_ch.ar_sync_clock_converter/out
    SLICE_X27Y54         FDRE                                         r  SoC_i/northbridge/axi_interconnect_0/m00_couplers/auto_cc/inst/gen_clock_conv.gen_sync_conv.gen_conv_read_ch.ar_sync_clock_converter/gen_sync_clock_converter.m_tpayload_r_reg[11]/C
                         clock pessimism              0.249    38.601    
                         clock uncertainty           -0.210    38.391    
    SLICE_X27Y54         FDRE (Setup_fdre_C_CE)      -0.205    38.186    SoC_i/northbridge/axi_interconnect_0/m00_couplers/auto_cc/inst/gen_clock_conv.gen_sync_conv.gen_conv_read_ch.ar_sync_clock_converter/gen_sync_clock_converter.m_tpayload_r_reg[11]
  -------------------------------------------------------------------
                         required time                         38.186    
                         arrival time                         -26.285    
  -------------------------------------------------------------------
                         slack                                 11.900    





Min Delay Paths
--------------------------------------------------------------------------------------
Slack (MET) :             0.178ns  (arrival time - required time)
  Source:                 SoC_i/processing_system7_0/inst/PS7_i/SAXIHP0ACLK
                            (rising edge-triggered cell PS7 clocked by clk_50_SoC_clk_wiz_0_0  {rise@0.000ns fall@10.000ns period=20.000ns})
  Destination:            SoC_i/northbridge/axi_interconnect_0/m00_couplers/auto_cc/inst/gen_clock_conv.gen_sync_conv.gen_conv_read_ch.r_sync_clock_converter/gen_sync_clock_converter.m_tpayload_r_reg[45]/D
                            (rising edge-triggered cell FDRE clocked by clk_25_SoC_clk_wiz_0_0  {rise@0.000ns fall@20.000ns period=40.000ns})
  Path Group:             clk_25_SoC_clk_wiz_0_0
  Path Type:              Hold (Min at Fast Process Corner)
  Requirement:            0.000ns  (clk_25_SoC_clk_wiz_0_0 rise@0.000ns - clk_50_SoC_clk_wiz_0_0 rise@0.000ns)
  Data Path Delay:        0.700ns  (logic 0.404ns (57.731%)  route 0.296ns (42.269%))
  Logic Levels:           1  (LUT5=1)
  Clock Path Skew:        0.219ns (DCD - SCD - CPR)
    Destination Clock Delay (DCD):    -0.881ns
    Source Clock Delay      (SCD):    -0.533ns
    Clock Pessimism Removal (CPR):    -0.567ns
  Clock Uncertainty:      0.210ns  ((TSJ^2 + DJ^2)^1/2) / 2 + PE
    Total System Jitter     (TSJ):    0.071ns
    Discrete Jitter          (DJ):    0.165ns
    Phase Error              (PE):    0.120ns

    Location             Delay type                Incr(ns)  Path(ns)    Netlist Resource(s)
  -------------------------------------------------------------------    -------------------
                         (clock clk_50_SoC_clk_wiz_0_0 rise edge)
                                                      0.000     0.000 r  
    H16                                               0.000     0.000 r  sys_clock (IN)
                         net (fo=0)                   0.000     0.000    SoC_i/clk_wiz_0/inst/clk_in1
    H16                  IBUF (Prop_ibuf_I_O)         0.219     0.219 r  SoC_i/clk_wiz_0/inst/clkin1_ibufg/O
                         net (fo=1, routed)           0.440     0.659    SoC_i/clk_wiz_0/inst/clk_in1_SoC_clk_wiz_0_0
    MMCME2_ADV_X1Y2      MMCME2_ADV (Prop_mmcme2_adv_CLKIN1_CLKOUT1)
                                                     -2.613    -1.954 r  SoC_i/clk_wiz_0/inst/mmcm_adv_inst/CLKOUT1
                         net (fo=2, routed)           0.696    -1.257    SoC_i/clk_wiz_0/inst/clk_50_SoC_clk_wiz_0_0
    BUFGCTRL_X0Y16       BUFGCTRL (Prop_bufgctrl_I0_O)
                                                      0.026    -1.231 r  SoC_i/clk_wiz_0/inst/clkout2_buf/O
                         net (fo=728, routed)         0.698    -0.533    SoC_i/processing_system7_0/inst/S_AXI_HP0_ACLK
    PS7_X0Y0             PS7                                          r  SoC_i/processing_system7_0/inst/PS7_i/SAXIHP0ACLK
  -------------------------------------------------------------------    -------------------
    PS7_X0Y0             PS7 (Prop_ps7_SAXIHP0ACLK_SAXIHP0RDATA[41])
                                                      0.359    -0.174 r  SoC_i/processing_system7_0/inst/PS7_i/SAXIHP0RDATA[41]
                         net (fo=2, routed)           0.296     0.122    SoC_i/northbridge/axi_interconnect_0/m00_couplers/auto_cc/inst/gen_clock_conv.gen_sync_conv.gen_conv_read_ch.r_sync_clock_converter/D[45]
    SLICE_X25Y44         LUT5 (Prop_lut5_I4_O)        0.045     0.167 r  SoC_i/northbridge/axi_interconnect_0/m00_couplers/auto_cc/inst/gen_clock_conv.gen_sync_conv.gen_conv_read_ch.r_sync_clock_converter/gen_sync_clock_converter.m_tpayload_r[45]_i_1__0/O
                         net (fo=1, routed)           0.000     0.167    SoC_i/northbridge/axi_interconnect_0/m00_couplers/auto_cc/inst/gen_clock_conv.gen_sync_conv.gen_conv_read_ch.r_sync_clock_converter/gen_sync_clock_converter.m_tpayload_r[45]_i_1__0_n_0
    SLICE_X25Y44         FDRE                                         r  SoC_i/northbridge/axi_interconnect_0/m00_couplers/auto_cc/inst/gen_clock_conv.gen_sync_conv.gen_conv_read_ch.r_sync_clock_converter/gen_sync_clock_converter.m_tpayload_r_reg[45]/D
  -------------------------------------------------------------------    -------------------

                         (clock clk_25_SoC_clk_wiz_0_0 rise edge)
                                                      0.000     0.000 r  
    H16                                               0.000     0.000 r  sys_clock (IN)
                         net (fo=0)                   0.000     0.000    SoC_i/clk_wiz_0/inst/clk_in1
    H16                  IBUF (Prop_ibuf_I_O)         0.406     0.406 r  SoC_i/clk_wiz_0/inst/clkin1_ibufg/O
                         net (fo=1, routed)           0.480     0.886    SoC_i/clk_wiz_0/inst/clk_in1_SoC_clk_wiz_0_0
    MMCME2_ADV_X1Y2      MMCME2_ADV (Prop_mmcme2_adv_CLKIN1_CLKOUT0)
                                                     -3.407    -2.521 r  SoC_i/clk_wiz_0/inst/mmcm_adv_inst/CLKOUT0
                         net (fo=2, routed)           0.752    -1.769    SoC_i/clk_wiz_0/inst/clk_25_SoC_clk_wiz_0_0
    BUFGCTRL_X0Y17       BUFGCTRL (Prop_bufgctrl_I0_O)
                                                      0.029    -1.740 r  SoC_i/clk_wiz_0/inst/clkout1_buf/O
                         net (fo=23853, routed)       0.859    -0.881    SoC_i/northbridge/axi_interconnect_0/m00_couplers/auto_cc/inst/gen_clock_conv.gen_sync_conv.gen_conv_read_ch.r_sync_clock_converter/FSM_sequential_gen_sync_clock_converter.state_reg[0]_0
    SLICE_X25Y44         FDRE                                         r  SoC_i/northbridge/axi_interconnect_0/m00_couplers/auto_cc/inst/gen_clock_conv.gen_sync_conv.gen_conv_read_ch.r_sync_clock_converter/gen_sync_clock_converter.m_tpayload_r_reg[45]/C
                         clock pessimism              0.567    -0.314    
                         clock uncertainty            0.210    -0.104    
    SLICE_X25Y44         FDRE (Hold_fdre_C_D)         0.092    -0.012    SoC_i/northbridge/axi_interconnect_0/m00_couplers/auto_cc/inst/gen_clock_conv.gen_sync_conv.gen_conv_read_ch.r_sync_clock_converter/gen_sync_clock_converter.m_tpayload_r_reg[45]
  -------------------------------------------------------------------
                         required time                          0.012    
                         arrival time                           0.167    
  -------------------------------------------------------------------
                         slack                                  0.178    





---------------------------------------------------------------------------------------------------
From Clock:  clk_25_SoC_clk_wiz_0_0
  To Clock:  clk_50_SoC_clk_wiz_0_0

Setup :            0  Failing Endpoints,  Worst Slack        7.813ns,  Total Violation        0.000ns
Hold  :            0  Failing Endpoints,  Worst Slack        0.095ns,  Total Violation        0.000ns
---------------------------------------------------------------------------------------------------


Max Delay Paths
--------------------------------------------------------------------------------------
Slack (MET) :             7.813ns  (required time - arrival time)
  Source:                 SoC_i/cpu_reset_gen25/U0/ACTIVE_LOW_PR_OUT_DFF[0].FDRE_PER_N/C
                            (rising edge-triggered cell FDRE clocked by clk_25_SoC_clk_wiz_0_0  {rise@0.000ns fall@20.000ns period=40.000ns})
  Destination:            SoC_i/axi_mem_intercon/s00_couplers/auto_pc/inst/gen_axi4_axi3.axi3_conv_inst/USE_WRITE.write_addr_inst/S_AXI_AADDR_Q_reg[20]/R
                            (rising edge-triggered cell FDRE clocked by clk_50_SoC_clk_wiz_0_0  {rise@0.000ns fall@10.000ns period=20.000ns})
  Path Group:             clk_50_SoC_clk_wiz_0_0
  Path Type:              Setup (Max at Slow Process Corner)
  Requirement:            20.000ns  (clk_50_SoC_clk_wiz_0_0 rise@20.000ns - clk_25_SoC_clk_wiz_0_0 rise@0.000ns)
  Data Path Delay:        10.786ns  (logic 0.668ns (6.193%)  route 10.118ns (93.807%))
  Logic Levels:           1  (LUT1=1)
  Clock Path Skew:        -0.462ns (DCD - SCD + CPR)
    Destination Clock Delay (DCD):    -1.588ns = ( 18.412 - 20.000 ) 
    Source Clock Delay      (SCD):    -0.877ns
    Clock Pessimism Removal (CPR):    0.249ns
  Clock Uncertainty:      0.210ns  ((TSJ^2 + DJ^2)^1/2) / 2 + PE
    Total System Jitter     (TSJ):    0.071ns
    Discrete Jitter          (DJ):    0.165ns
    Phase Error              (PE):    0.120ns

    Location             Delay type                Incr(ns)  Path(ns)    Netlist Resource(s)
  -------------------------------------------------------------------    -------------------
                         (clock clk_25_SoC_clk_wiz_0_0 rise edge)
                                                      0.000     0.000 r  
    H16                                               0.000     0.000 r  sys_clock (IN)
                         net (fo=0)                   0.000     0.000    SoC_i/clk_wiz_0/inst/clk_in1
    H16                  IBUF (Prop_ibuf_I_O)         1.451     1.451 r  SoC_i/clk_wiz_0/inst/clkin1_ibufg/O
                         net (fo=1, routed)           1.285     2.736    SoC_i/clk_wiz_0/inst/clk_in1_SoC_clk_wiz_0_0
    MMCME2_ADV_X1Y2      MMCME2_ADV (Prop_mmcme2_adv_CLKIN1_CLKOUT0)
                                                     -7.759    -5.023 r  SoC_i/clk_wiz_0/inst/mmcm_adv_inst/CLKOUT0
                         net (fo=2, routed)           2.206    -2.817    SoC_i/clk_wiz_0/inst/clk_25_SoC_clk_wiz_0_0
    BUFGCTRL_X0Y17       BUFGCTRL (Prop_bufgctrl_I0_O)
                                                      0.101    -2.716 r  SoC_i/clk_wiz_0/inst/clkout1_buf/O
                         net (fo=23853, routed)       1.839    -0.877    SoC_i/cpu_reset_gen25/U0/slowest_sync_clk
    SLICE_X2Y0           FDRE                                         r  SoC_i/cpu_reset_gen25/U0/ACTIVE_LOW_PR_OUT_DFF[0].FDRE_PER_N/C
  -------------------------------------------------------------------    -------------------
    SLICE_X2Y0           FDRE (Prop_fdre_C_Q)         0.518    -0.359 f  SoC_i/cpu_reset_gen25/U0/ACTIVE_LOW_PR_OUT_DFF[0].FDRE_PER_N/Q
                         net (fo=46, routed)          6.252     5.892    SoC_i/axi_mem_intercon/s00_couplers/auto_pc/inst/gen_axi4_axi3.axi3_conv_inst/USE_WRITE.write_addr_inst/USE_BURSTS.cmd_queue/inst/aresetn
    SLICE_X26Y56         LUT1 (Prop_lut1_I0_O)        0.150     6.042 r  SoC_i/axi_mem_intercon/s00_couplers/auto_pc/inst/gen_axi4_axi3.axi3_conv_inst/USE_WRITE.write_addr_inst/USE_BURSTS.cmd_queue/inst/S_AXI_AREADY_I_i_1/O
                         net (fo=284, routed)         3.867     9.909    SoC_i/axi_mem_intercon/s00_couplers/auto_pc/inst/gen_axi4_axi3.axi3_conv_inst/USE_WRITE.write_addr_inst/SR[0]
    SLICE_X10Y42         FDRE                                         r  SoC_i/axi_mem_intercon/s00_couplers/auto_pc/inst/gen_axi4_axi3.axi3_conv_inst/USE_WRITE.write_addr_inst/S_AXI_AADDR_Q_reg[20]/R
  -------------------------------------------------------------------    -------------------

                         (clock clk_50_SoC_clk_wiz_0_0 rise edge)
                                                     20.000    20.000 r  
    H16                                               0.000    20.000 r  sys_clock (IN)
                         net (fo=0)                   0.000    20.000    SoC_i/clk_wiz_0/inst/clk_in1
    H16                  IBUF (Prop_ibuf_I_O)         1.380    21.380 r  SoC_i/clk_wiz_0/inst/clkin1_ibufg/O
                         net (fo=1, routed)           1.162    22.542    SoC_i/clk_wiz_0/inst/clk_in1_SoC_clk_wiz_0_0
    MMCME2_ADV_X1Y2      MMCME2_ADV (Prop_mmcme2_adv_CLKIN1_CLKOUT1)
                                                     -7.814    14.728 r  SoC_i/clk_wiz_0/inst/mmcm_adv_inst/CLKOUT1
                         net (fo=2, routed)           2.012    16.740    SoC_i/clk_wiz_0/inst/clk_50_SoC_clk_wiz_0_0
    BUFGCTRL_X0Y16       BUFGCTRL (Prop_bufgctrl_I0_O)
                                                      0.091    16.831 r  SoC_i/clk_wiz_0/inst/clkout2_buf/O
                         net (fo=728, routed)         1.580    18.412    SoC_i/axi_mem_intercon/s00_couplers/auto_pc/inst/gen_axi4_axi3.axi3_conv_inst/USE_WRITE.write_addr_inst/aclk
    SLICE_X10Y42         FDRE                                         r  SoC_i/axi_mem_intercon/s00_couplers/auto_pc/inst/gen_axi4_axi3.axi3_conv_inst/USE_WRITE.write_addr_inst/S_AXI_AADDR_Q_reg[20]/C
                         clock pessimism              0.249    18.660    
                         clock uncertainty           -0.210    18.450    
    SLICE_X10Y42         FDRE (Setup_fdre_C_R)       -0.728    17.722    SoC_i/axi_mem_intercon/s00_couplers/auto_pc/inst/gen_axi4_axi3.axi3_conv_inst/USE_WRITE.write_addr_inst/S_AXI_AADDR_Q_reg[20]
  -------------------------------------------------------------------
                         required time                         17.722    
                         arrival time                          -9.909    
  -------------------------------------------------------------------
                         slack                                  7.813    





Min Delay Paths
--------------------------------------------------------------------------------------
Slack (MET) :             0.095ns  (arrival time - required time)
  Source:                 SoC_i/northbridge/axi_interconnect_0/m00_couplers/auto_cc/inst/gen_clock_conv.gen_sync_conv.gen_conv_read_ch.ar_sync_clock_converter/FSM_sequential_gen_sync_clock_converter.state_reg[1]/C
                            (rising edge-triggered cell FDRE clocked by clk_25_SoC_clk_wiz_0_0  {rise@0.000ns fall@20.000ns period=40.000ns})
  Destination:            SoC_i/northbridge/axi_interconnect_0/m00_couplers/auto_cc/inst/gen_clock_conv.gen_sync_conv.gen_conv_read_ch.ar_sync_clock_converter/gen_sync_clock_converter.m_tvalid_r_reg/D
                            (rising edge-triggered cell FDRE clocked by clk_50_SoC_clk_wiz_0_0  {rise@0.000ns fall@10.000ns period=20.000ns})
  Path Group:             clk_50_SoC_clk_wiz_0_0
  Path Type:              Hold (Min at Fast Process Corner)
  Requirement:            0.000ns  (clk_50_SoC_clk_wiz_0_0 rise@0.000ns - clk_25_SoC_clk_wiz_0_0 rise@0.000ns)
  Data Path Delay:        0.756ns  (logic 0.254ns (33.616%)  route 0.502ns (66.384%))
  Logic Levels:           2  (LUT5=1 LUT6=1)
  Clock Path Skew:        0.331ns (DCD - SCD - CPR)
    Destination Clock Delay (DCD):    -0.876ns
    Source Clock Delay      (SCD):    -0.640ns
    Clock Pessimism Removal (CPR):    -0.567ns
  Clock Uncertainty:      0.210ns  ((TSJ^2 + DJ^2)^1/2) / 2 + PE
    Total System Jitter     (TSJ):    0.071ns
    Discrete Jitter          (DJ):    0.165ns
    Phase Error              (PE):    0.120ns

    Location             Delay type                Incr(ns)  Path(ns)    Netlist Resource(s)
  -------------------------------------------------------------------    -------------------
                         (clock clk_25_SoC_clk_wiz_0_0 rise edge)
                                                      0.000     0.000 r  
    H16                                               0.000     0.000 r  sys_clock (IN)
                         net (fo=0)                   0.000     0.000    SoC_i/clk_wiz_0/inst/clk_in1
    H16                  IBUF (Prop_ibuf_I_O)         0.219     0.219 r  SoC_i/clk_wiz_0/inst/clkin1_ibufg/O
                         net (fo=1, routed)           0.440     0.659    SoC_i/clk_wiz_0/inst/clk_in1_SoC_clk_wiz_0_0
    MMCME2_ADV_X1Y2      MMCME2_ADV (Prop_mmcme2_adv_CLKIN1_CLKOUT0)
                                                     -2.613    -1.954 r  SoC_i/clk_wiz_0/inst/mmcm_adv_inst/CLKOUT0
                         net (fo=2, routed)           0.696    -1.257    SoC_i/clk_wiz_0/inst/clk_25_SoC_clk_wiz_0_0
    BUFGCTRL_X0Y17       BUFGCTRL (Prop_bufgctrl_I0_O)
                                                      0.026    -1.231 r  SoC_i/clk_wiz_0/inst/clkout1_buf/O
                         net (fo=23853, routed)       0.592    -0.640    SoC_i/northbridge/axi_interconnect_0/m00_couplers/auto_cc/inst/gen_clock_conv.gen_sync_conv.gen_conv_read_ch.ar_sync_clock_converter/out
    SLICE_X8Y36          FDRE                                         r  SoC_i/northbridge/axi_interconnect_0/m00_couplers/auto_cc/inst/gen_clock_conv.gen_sync_conv.gen_conv_read_ch.ar_sync_clock_converter/FSM_sequential_gen_sync_clock_converter.state_reg[1]/C
  -------------------------------------------------------------------    -------------------
    SLICE_X8Y36          FDRE (Prop_fdre_C_Q)         0.164    -0.476 r  SoC_i/northbridge/axi_interconnect_0/m00_couplers/auto_cc/inst/gen_clock_conv.gen_sync_conv.gen_conv_read_ch.ar_sync_clock_converter/FSM_sequential_gen_sync_clock_converter.state_reg[1]/Q
                         net (fo=4, routed)           0.175    -0.300    SoC_i/northbridge/axi_interconnect_0/m00_couplers/auto_cc/inst/gen_clock_conv.gen_sync_conv.gen_conv_read_ch.ar_sync_clock_converter/gen_sync_clock_converter.state[1]
    SLICE_X8Y36          LUT6 (Prop_lut6_I2_O)        0.045    -0.255 r  SoC_i/northbridge/axi_interconnect_0/m00_couplers/auto_cc/inst/gen_clock_conv.gen_sync_conv.gen_conv_read_ch.ar_sync_clock_converter/FSM_sequential_gen_sync_clock_converter.state[1]_i_1__1/O
                         net (fo=2, routed)           0.326     0.071    SoC_i/northbridge/axi_interconnect_0/m00_couplers/auto_cc/inst/gen_clock_conv.gen_sync_conv.gen_conv_read_ch.ar_sync_clock_converter/FSM_sequential_gen_sync_clock_converter.state[1]_i_1__1_n_0
    SLICE_X8Y40          LUT5 (Prop_lut5_I0_O)        0.045     0.116 r  SoC_i/northbridge/axi_interconnect_0/m00_couplers/auto_cc/inst/gen_clock_conv.gen_sync_conv.gen_conv_read_ch.ar_sync_clock_converter/gen_sync_clock_converter.m_tvalid_r_i_1__1/O
                         net (fo=1, routed)           0.000     0.116    SoC_i/northbridge/axi_interconnect_0/m00_couplers/auto_cc/inst/gen_clock_conv.gen_sync_conv.gen_conv_read_ch.ar_sync_clock_converter/gen_sync_clock_converter.m_tvalid_r_i_1__1_n_0
    SLICE_X8Y40          FDRE                                         r  SoC_i/northbridge/axi_interconnect_0/m00_couplers/auto_cc/inst/gen_clock_conv.gen_sync_conv.gen_conv_read_ch.ar_sync_clock_converter/gen_sync_clock_converter.m_tvalid_r_reg/D
  -------------------------------------------------------------------    -------------------

                         (clock clk_50_SoC_clk_wiz_0_0 rise edge)
                                                      0.000     0.000 r  
    H16                                               0.000     0.000 r  sys_clock (IN)
                         net (fo=0)                   0.000     0.000    SoC_i/clk_wiz_0/inst/clk_in1
    H16                  IBUF (Prop_ibuf_I_O)         0.406     0.406 r  SoC_i/clk_wiz_0/inst/clkin1_ibufg/O
                         net (fo=1, routed)           0.480     0.886    SoC_i/clk_wiz_0/inst/clk_in1_SoC_clk_wiz_0_0
    MMCME2_ADV_X1Y2      MMCME2_ADV (Prop_mmcme2_adv_CLKIN1_CLKOUT1)
                                                     -3.407    -2.521 r  SoC_i/clk_wiz_0/inst/mmcm_adv_inst/CLKOUT1
                         net (fo=2, routed)           0.752    -1.769    SoC_i/clk_wiz_0/inst/clk_50_SoC_clk_wiz_0_0
    BUFGCTRL_X0Y16       BUFGCTRL (Prop_bufgctrl_I0_O)
                                                      0.029    -1.740 r  SoC_i/clk_wiz_0/inst/clkout2_buf/O
                         net (fo=728, routed)         0.864    -0.876    SoC_i/northbridge/axi_interconnect_0/m00_couplers/auto_cc/inst/gen_clock_conv.gen_sync_conv.gen_conv_read_ch.ar_sync_clock_converter/gen_sync_clock_converter.m_tready_hold_reg_1
    SLICE_X8Y40          FDRE                                         r  SoC_i/northbridge/axi_interconnect_0/m00_couplers/auto_cc/inst/gen_clock_conv.gen_sync_conv.gen_conv_read_ch.ar_sync_clock_converter/gen_sync_clock_converter.m_tvalid_r_reg/C
                         clock pessimism              0.567    -0.309    
                         clock uncertainty            0.210    -0.099    
    SLICE_X8Y40          FDRE (Hold_fdre_C_D)         0.120     0.021    SoC_i/northbridge/axi_interconnect_0/m00_couplers/auto_cc/inst/gen_clock_conv.gen_sync_conv.gen_conv_read_ch.ar_sync_clock_converter/gen_sync_clock_converter.m_tvalid_r_reg
  -------------------------------------------------------------------
                         required time                         -0.021    
                         arrival time                           0.116    
  -------------------------------------------------------------------
                         slack                                  0.095    





---------------------------------------------------------------------------------------------------
Path Group:  **async_default**
From Clock:  clk_25_SoC_clk_wiz_0_0
  To Clock:  clk_25_SoC_clk_wiz_0_0

Setup :            0  Failing Endpoints,  Worst Slack       23.673ns,  Total Violation        0.000ns
Hold  :            0  Failing Endpoints,  Worst Slack        0.480ns,  Total Violation        0.000ns
---------------------------------------------------------------------------------------------------


Max Delay Paths
--------------------------------------------------------------------------------------
Slack (MET) :             23.673ns  (required time - arrival time)
  Source:                 SoC_i/cpu_reset_gen25/U0/ACTIVE_LOW_PR_OUT_DFF[0].FDRE_PER_N/C
                            (rising edge-triggered cell FDRE clocked by clk_25_SoC_clk_wiz_0_0  {rise@0.000ns fall@20.000ns period=40.000ns})
  Destination:            SoC_i/cpu_0/inst/i_cva6_wrapper/i_ariane/i_cva6/ex_stage_i/fpu_gen.fpu_i/fpu_gen.i_fpnew_bulk/gen_operation_groups[3].i_opgroup_block/gen_merged_slice.i_multifmt_slice/gen_num_lanes[0].active_lane.lane_instance.i_fpnew_cast_multi/gen_inside_pipeline[0].mid_pipe_input_mant_q_reg[1][4]/CLR
                            (recovery check against rising-edge clock clk_25_SoC_clk_wiz_0_0  {rise@0.000ns fall@20.000ns period=40.000ns})
  Path Group:             **async_default**
  Path Type:              Recovery (Max at Slow Process Corner)
  Requirement:            40.000ns  (clk_25_SoC_clk_wiz_0_0 rise@40.000ns - clk_25_SoC_clk_wiz_0_0 rise@0.000ns)
  Data Path Delay:        15.439ns  (logic 0.667ns (4.320%)  route 14.772ns (95.680%))
  Logic Levels:           1  (LUT1=1)
  Clock Path Skew:        -0.185ns (DCD - SCD + CPR)
    Destination Clock Delay (DCD):    -1.515ns = ( 38.485 - 40.000 ) 
    Source Clock Delay      (SCD):    -0.877ns
    Clock Pessimism Removal (CPR):    0.452ns
  Clock Uncertainty:      0.090ns  ((TSJ^2 + DJ^2)^1/2) / 2 + PE
    Total System Jitter     (TSJ):    0.071ns
    Discrete Jitter          (DJ):    0.165ns
    Phase Error              (PE):    0.000ns

    Location             Delay type                Incr(ns)  Path(ns)    Netlist Resource(s)
  -------------------------------------------------------------------    -------------------
                         (clock clk_25_SoC_clk_wiz_0_0 rise edge)
                                                      0.000     0.000 r  
    H16                                               0.000     0.000 r  sys_clock (IN)
                         net (fo=0)                   0.000     0.000    SoC_i/clk_wiz_0/inst/clk_in1
    H16                  IBUF (Prop_ibuf_I_O)         1.451     1.451 r  SoC_i/clk_wiz_0/inst/clkin1_ibufg/O
                         net (fo=1, routed)           1.285     2.736    SoC_i/clk_wiz_0/inst/clk_in1_SoC_clk_wiz_0_0
    MMCME2_ADV_X1Y2      MMCME2_ADV (Prop_mmcme2_adv_CLKIN1_CLKOUT0)
                                                     -7.759    -5.023 r  SoC_i/clk_wiz_0/inst/mmcm_adv_inst/CLKOUT0
                         net (fo=2, routed)           2.206    -2.817    SoC_i/clk_wiz_0/inst/clk_25_SoC_clk_wiz_0_0
    BUFGCTRL_X0Y17       BUFGCTRL (Prop_bufgctrl_I0_O)
                                                      0.101    -2.716 r  SoC_i/clk_wiz_0/inst/clkout1_buf/O
                         net (fo=23853, routed)       1.839    -0.877    SoC_i/cpu_reset_gen25/U0/slowest_sync_clk
    SLICE_X2Y0           FDRE                                         r  SoC_i/cpu_reset_gen25/U0/ACTIVE_LOW_PR_OUT_DFF[0].FDRE_PER_N/C
  -------------------------------------------------------------------    -------------------
    SLICE_X2Y0           FDRE (Prop_fdre_C_Q)         0.518    -0.359 r  SoC_i/cpu_reset_gen25/U0/ACTIVE_LOW_PR_OUT_DFF[0].FDRE_PER_N/Q
                         net (fo=46, routed)          6.645     6.285    SoC_i/cpu_0/inst/i_cva6_wrapper/i_ariane/i_cva6/gen_cache_wt.i_cache_subsystem/i_cva6_icache/aresetn
    SLICE_X75Y45         LUT1 (Prop_lut1_I0_O)        0.149     6.434 f  SoC_i/cpu_0/inst/i_cva6_wrapper/i_ariane/i_cva6/gen_cache_wt.i_cache_subsystem/i_cva6_icache/i_/O
                         net (fo=15362, routed)       8.127    14.561    SoC_i/cpu_0/inst/i_cva6_wrapper/i_ariane/i_cva6/ex_stage_i/fpu_gen.fpu_i/fpu_gen.i_fpnew_bulk/gen_operation_groups[3].i_opgroup_block/gen_merged_slice.i_multifmt_slice/gen_num_lanes[0].active_lane.lane_instance.i_fpnew_cast_multi/gen_input_pipeline[0].inp_pipe_is_boxed_q_reg[1][1]_0
    SLICE_X40Y149        FDCE                                         f  SoC_i/cpu_0/inst/i_cva6_wrapper/i_ariane/i_cva6/ex_stage_i/fpu_gen.fpu_i/fpu_gen.i_fpnew_bulk/gen_operation_groups[3].i_opgroup_block/gen_merged_slice.i_multifmt_slice/gen_num_lanes[0].active_lane.lane_instance.i_fpnew_cast_multi/gen_inside_pipeline[0].mid_pipe_input_mant_q_reg[1][4]/CLR
  -------------------------------------------------------------------    -------------------

                         (clock clk_25_SoC_clk_wiz_0_0 rise edge)
                                                     40.000    40.000 r  
    H16                                               0.000    40.000 r  sys_clock (IN)
                         net (fo=0)                   0.000    40.000    SoC_i/clk_wiz_0/inst/clk_in1
    H16                  IBUF (Prop_ibuf_I_O)         1.380    41.380 r  SoC_i/clk_wiz_0/inst/clkin1_ibufg/O
                         net (fo=1, routed)           1.162    42.542    SoC_i/clk_wiz_0/inst/clk_in1_SoC_clk_wiz_0_0
    MMCME2_ADV_X1Y2      MMCME2_ADV (Prop_mmcme2_adv_CLKIN1_CLKOUT0)
                                                     -7.814    34.728 r  SoC_i/clk_wiz_0/inst/mmcm_adv_inst/CLKOUT0
                         net (fo=2, routed)           2.012    36.740    SoC_i/clk_wiz_0/inst/clk_25_SoC_clk_wiz_0_0
    BUFGCTRL_X0Y17       BUFGCTRL (Prop_bufgctrl_I0_O)
                                                      0.091    36.831 r  SoC_i/clk_wiz_0/inst/clkout1_buf/O
                         net (fo=23853, routed)       1.654    38.485    SoC_i/cpu_0/inst/i_cva6_wrapper/i_ariane/i_cva6/ex_stage_i/fpu_gen.fpu_i/fpu_gen.i_fpnew_bulk/gen_operation_groups[3].i_opgroup_block/gen_merged_slice.i_multifmt_slice/gen_num_lanes[0].active_lane.lane_instance.i_fpnew_cast_multi/aclk
    SLICE_X40Y149        FDCE                                         r  SoC_i/cpu_0/inst/i_cva6_wrapper/i_ariane/i_cva6/ex_stage_i/fpu_gen.fpu_i/fpu_gen.i_fpnew_bulk/gen_operation_groups[3].i_opgroup_block/gen_merged_slice.i_multifmt_slice/gen_num_lanes[0].active_lane.lane_instance.i_fpnew_cast_multi/gen_inside_pipeline[0].mid_pipe_input_mant_q_reg[1][4]/C
                         clock pessimism              0.452    38.938    
                         clock uncertainty           -0.090    38.848    
    SLICE_X40Y149        FDCE (Recov_fdce_C_CLR)     -0.613    38.235    SoC_i/cpu_0/inst/i_cva6_wrapper/i_ariane/i_cva6/ex_stage_i/fpu_gen.fpu_i/fpu_gen.i_fpnew_bulk/gen_operation_groups[3].i_opgroup_block/gen_merged_slice.i_multifmt_slice/gen_num_lanes[0].active_lane.lane_instance.i_fpnew_cast_multi/gen_inside_pipeline[0].mid_pipe_input_mant_q_reg[1][4]
  -------------------------------------------------------------------
                         required time                         38.235    
                         arrival time                         -14.561    
  -------------------------------------------------------------------
                         slack                                 23.673    





Min Delay Paths
--------------------------------------------------------------------------------------
Slack (MET) :             0.480ns  (arrival time - required time)
  Source:                 SoC_i/northbridge/axi_interconnect_0/s00_couplers/s00_data_fifo/inst/gen_fifo.fifo_gen_inst/inst_fifo_gen/gaxi_full_lite.gwrite_ch.gwach2.axi_wach/grf.rf/rstblk/grstd1.grst_full.grst_f.rst_d2_reg/C
                            (rising edge-triggered cell FDPE clocked by clk_25_SoC_clk_wiz_0_0  {rise@0.000ns fall@20.000ns period=40.000ns})
  Destination:            SoC_i/northbridge/axi_interconnect_0/s00_couplers/s00_data_fifo/inst/gen_fifo.fifo_gen_inst/inst_fifo_gen/gaxi_full_lite.gwrite_ch.gwach2.axi_wach/grf.rf/gntv_or_sync_fifo.gl0.wr/gwss.wsts/ram_full_fb_i_reg/PRE
                            (removal check against rising-edge clock clk_25_SoC_clk_wiz_0_0  {rise@0.000ns fall@20.000ns period=40.000ns})
  Path Group:             **async_default**
  Path Type:              Removal (Min at Fast Process Corner)
  Requirement:            0.000ns  (clk_25_SoC_clk_wiz_0_0 rise@0.000ns - clk_25_SoC_clk_wiz_0_0 rise@0.000ns)
  Data Path Delay:        0.345ns  (logic 0.148ns (42.907%)  route 0.197ns (57.093%))
  Logic Levels:           0  
  Clock Path Skew:        0.013ns (DCD - SCD - CPR)
    Destination Clock Delay (DCD):    -0.857ns
    Source Clock Delay      (SCD):    -0.617ns
    Clock Pessimism Removal (CPR):    -0.253ns

    Location             Delay type                Incr(ns)  Path(ns)    Netlist Resource(s)
  -------------------------------------------------------------------    -------------------
                         (clock clk_25_SoC_clk_wiz_0_0 rise edge)
                                                      0.000     0.000 r  
    H16                                               0.000     0.000 r  sys_clock (IN)
                         net (fo=0)                   0.000     0.000    SoC_i/clk_wiz_0/inst/clk_in1
    H16                  IBUF (Prop_ibuf_I_O)         0.219     0.219 r  SoC_i/clk_wiz_0/inst/clkin1_ibufg/O
                         net (fo=1, routed)           0.440     0.659    SoC_i/clk_wiz_0/inst/clk_in1_SoC_clk_wiz_0_0
    MMCME2_ADV_X1Y2      MMCME2_ADV (Prop_mmcme2_adv_CLKIN1_CLKOUT0)
                                                     -2.613    -1.954 r  SoC_i/clk_wiz_0/inst/mmcm_adv_inst/CLKOUT0
                         net (fo=2, routed)           0.696    -1.257    SoC_i/clk_wiz_0/inst/clk_25_SoC_clk_wiz_0_0
    BUFGCTRL_X0Y17       BUFGCTRL (Prop_bufgctrl_I0_O)
                                                      0.026    -1.231 r  SoC_i/clk_wiz_0/inst/clkout1_buf/O
                         net (fo=23853, routed)       0.615    -0.617    SoC_i/northbridge/axi_interconnect_0/s00_couplers/s00_data_fifo/inst/gen_fifo.fifo_gen_inst/inst_fifo_gen/gaxi_full_lite.gwrite_ch.gwach2.axi_wach/grf.rf/rstblk/s_aclk
    SLICE_X2Y28          FDPE                                         r  SoC_i/northbridge/axi_interconnect_0/s00_couplers/s00_data_fifo/inst/gen_fifo.fifo_gen_inst/inst_fifo_gen/gaxi_full_lite.gwrite_ch.gwach2.axi_wach/grf.rf/rstblk/grstd1.grst_full.grst_f.rst_d2_reg/C
  -------------------------------------------------------------------    -------------------
    SLICE_X2Y28          FDPE (Prop_fdpe_C_Q)         0.148    -0.469 f  SoC_i/northbridge/axi_interconnect_0/s00_couplers/s00_data_fifo/inst/gen_fifo.fifo_gen_inst/inst_fifo_gen/gaxi_full_lite.gwrite_ch.gwach2.axi_wach/grf.rf/rstblk/grstd1.grst_full.grst_f.rst_d2_reg/Q
                         net (fo=3, routed)           0.197    -0.272    SoC_i/northbridge/axi_interconnect_0/s00_couplers/s00_data_fifo/inst/gen_fifo.fifo_gen_inst/inst_fifo_gen/gaxi_full_lite.gwrite_ch.gwach2.axi_wach/grf.rf/gntv_or_sync_fifo.gl0.wr/gwss.wsts/out
    SLICE_X3Y28          FDPE                                         f  SoC_i/northbridge/axi_interconnect_0/s00_couplers/s00_data_fifo/inst/gen_fifo.fifo_gen_inst/inst_fifo_gen/gaxi_full_lite.gwrite_ch.gwach2.axi_wach/grf.rf/gntv_or_sync_fifo.gl0.wr/gwss.wsts/ram_full_fb_i_reg/PRE
  -------------------------------------------------------------------    -------------------

                         (clock clk_25_SoC_clk_wiz_0_0 rise edge)
                                                      0.000     0.000 r  
    H16                                               0.000     0.000 r  sys_clock (IN)
                         net (fo=0)                   0.000     0.000    SoC_i/clk_wiz_0/inst/clk_in1
    H16                  IBUF (Prop_ibuf_I_O)         0.406     0.406 r  SoC_i/clk_wiz_0/inst/clkin1_ibufg/O
                         net (fo=1, routed)           0.480     0.886    SoC_i/clk_wiz_0/inst/clk_in1_SoC_clk_wiz_0_0
    MMCME2_ADV_X1Y2      MMCME2_ADV (Prop_mmcme2_adv_CLKIN1_CLKOUT0)
                                                     -3.407    -2.521 r  SoC_i/clk_wiz_0/inst/mmcm_adv_inst/CLKOUT0
                         net (fo=2, routed)           0.752    -1.769    SoC_i/clk_wiz_0/inst/clk_25_SoC_clk_wiz_0_0
    BUFGCTRL_X0Y17       BUFGCTRL (Prop_bufgctrl_I0_O)
                                                      0.029    -1.740 r  SoC_i/clk_wiz_0/inst/clkout1_buf/O
                         net (fo=23853, routed)       0.883    -0.857    SoC_i/northbridge/axi_interconnect_0/s00_couplers/s00_data_fifo/inst/gen_fifo.fifo_gen_inst/inst_fifo_gen/gaxi_full_lite.gwrite_ch.gwach2.axi_wach/grf.rf/gntv_or_sync_fifo.gl0.wr/gwss.wsts/s_aclk
    SLICE_X3Y28          FDPE                                         r  SoC_i/northbridge/axi_interconnect_0/s00_couplers/s00_data_fifo/inst/gen_fifo.fifo_gen_inst/inst_fifo_gen/gaxi_full_lite.gwrite_ch.gwach2.axi_wach/grf.rf/gntv_or_sync_fifo.gl0.wr/gwss.wsts/ram_full_fb_i_reg/C
                         clock pessimism              0.253    -0.604    
    SLICE_X3Y28          FDPE (Remov_fdpe_C_PRE)     -0.148    -0.752    SoC_i/northbridge/axi_interconnect_0/s00_couplers/s00_data_fifo/inst/gen_fifo.fifo_gen_inst/inst_fifo_gen/gaxi_full_lite.gwrite_ch.gwach2.axi_wach/grf.rf/gntv_or_sync_fifo.gl0.wr/gwss.wsts/ram_full_fb_i_reg
  -------------------------------------------------------------------
                         required time                          0.752    
                         arrival time                          -0.272    
  -------------------------------------------------------------------
                         slack                                  0.480    





---------------------------------------------------------------------------------------------------
Path Group:  **async_default**
From Clock:  clk_50_SoC_clk_wiz_0_0
  To Clock:  clk_50_SoC_clk_wiz_0_0

Setup :            0  Failing Endpoints,  Worst Slack       15.855ns,  Total Violation        0.000ns
Hold  :            0  Failing Endpoints,  Worst Slack        0.518ns,  Total Violation        0.000ns
---------------------------------------------------------------------------------------------------


Max Delay Paths
--------------------------------------------------------------------------------------
Slack (MET) :             15.855ns  (required time - arrival time)
  Source:                 SoC_i/axi_mem_intercon/s00_couplers/auto_pc/inst/gen_axi4_axi3.axi3_conv_inst/USE_WRITE.write_addr_inst/USE_BURSTS.cmd_queue/inst/fifo_gen_inst/inst_fifo_gen/gconvfifo.rf/grf.rf/rstblk/ngwrdrst.grst.g7serrst.gnsckt_wrst.rst_wr_reg2_inst/arststages_ff_reg[1]/C
                            (rising edge-triggered cell FDPE clocked by clk_50_SoC_clk_wiz_0_0  {rise@0.000ns fall@10.000ns period=20.000ns})
  Destination:            SoC_i/axi_mem_intercon/s00_couplers/auto_pc/inst/gen_axi4_axi3.axi3_conv_inst/USE_WRITE.write_addr_inst/USE_BURSTS.cmd_queue/inst/fifo_gen_inst/inst_fifo_gen/gconvfifo.rf/grf.rf/gntv_or_sync_fifo.gl0.rd/rpntr/gc0.count_d1_reg[0]/CLR
                            (recovery check against rising-edge clock clk_50_SoC_clk_wiz_0_0  {rise@0.000ns fall@10.000ns period=20.000ns})
  Path Group:             **async_default**
  Path Type:              Recovery (Max at Slow Process Corner)
  Requirement:            20.000ns  (clk_50_SoC_clk_wiz_0_0 rise@20.000ns - clk_50_SoC_clk_wiz_0_0 rise@0.000ns)
  Data Path Delay:        3.644ns  (logic 0.773ns (21.215%)  route 2.871ns (78.785%))
  Logic Levels:           1  (LUT3=1)
  Clock Path Skew:        -0.016ns (DCD - SCD + CPR)
    Destination Clock Delay (DCD):    -1.653ns = ( 18.347 - 20.000 ) 
    Source Clock Delay      (SCD):    -1.035ns
    Clock Pessimism Removal (CPR):    0.602ns
  Clock Uncertainty:      0.080ns  ((TSJ^2 + DJ^2)^1/2) / 2 + PE
    Total System Jitter     (TSJ):    0.071ns
    Discrete Jitter          (DJ):    0.144ns
    Phase Error              (PE):    0.000ns

    Location             Delay type                Incr(ns)  Path(ns)    Netlist Resource(s)
  -------------------------------------------------------------------    -------------------
                         (clock clk_50_SoC_clk_wiz_0_0 rise edge)
                                                      0.000     0.000 r  
    H16                                               0.000     0.000 r  sys_clock (IN)
                         net (fo=0)                   0.000     0.000    SoC_i/clk_wiz_0/inst/clk_in1
    H16                  IBUF (Prop_ibuf_I_O)         1.451     1.451 r  SoC_i/clk_wiz_0/inst/clkin1_ibufg/O
                         net (fo=1, routed)           1.285     2.736    SoC_i/clk_wiz_0/inst/clk_in1_SoC_clk_wiz_0_0
    MMCME2_ADV_X1Y2      MMCME2_ADV (Prop_mmcme2_adv_CLKIN1_CLKOUT1)
                                                     -7.759    -5.023 r  SoC_i/clk_wiz_0/inst/mmcm_adv_inst/CLKOUT1
                         net (fo=2, routed)           2.206    -2.817    SoC_i/clk_wiz_0/inst/clk_50_SoC_clk_wiz_0_0
    BUFGCTRL_X0Y16       BUFGCTRL (Prop_bufgctrl_I0_O)
                                                      0.101    -2.716 r  SoC_i/clk_wiz_0/inst/clkout2_buf/O
                         net (fo=728, routed)         1.681    -1.035    SoC_i/axi_mem_intercon/s00_couplers/auto_pc/inst/gen_axi4_axi3.axi3_conv_inst/USE_WRITE.write_addr_inst/USE_BURSTS.cmd_queue/inst/fifo_gen_inst/inst_fifo_gen/gconvfifo.rf/grf.rf/rstblk/ngwrdrst.grst.g7serrst.gnsckt_wrst.rst_wr_reg2_inst/dest_clk
    SLICE_X26Y71         FDPE                                         r  SoC_i/axi_mem_intercon/s00_couplers/auto_pc/inst/gen_axi4_axi3.axi3_conv_inst/USE_WRITE.write_addr_inst/USE_BURSTS.cmd_queue/inst/fifo_gen_inst/inst_fifo_gen/gconvfifo.rf/grf.rf/rstblk/ngwrdrst.grst.g7serrst.gnsckt_wrst.rst_wr_reg2_inst/arststages_ff_reg[1]/C
  -------------------------------------------------------------------    -------------------
    SLICE_X26Y71         FDPE (Prop_fdpe_C_Q)         0.478    -0.557 f  SoC_i/axi_mem_intercon/s00_couplers/auto_pc/inst/gen_axi4_axi3.axi3_conv_inst/USE_WRITE.write_addr_inst/USE_BURSTS.cmd_queue/inst/fifo_gen_inst/inst_fifo_gen/gconvfifo.rf/grf.rf/rstblk/ngwrdrst.grst.g7serrst.gnsckt_wrst.rst_wr_reg2_inst/arststages_ff_reg[1]/Q
                         net (fo=3, routed)           0.855     0.298    SoC_i/axi_mem_intercon/s00_couplers/auto_pc/inst/gen_axi4_axi3.axi3_conv_inst/USE_WRITE.write_addr_inst/USE_BURSTS.cmd_queue/inst/fifo_gen_inst/inst_fifo_gen/gconvfifo.rf/grf.rf/rstblk/ngwrdrst.rst_wr_reg2
    SLICE_X29Y70         LUT3 (Prop_lut3_I2_O)        0.295     0.593 f  SoC_i/axi_mem_intercon/s00_couplers/auto_pc/inst/gen_axi4_axi3.axi3_conv_inst/USE_WRITE.write_addr_inst/USE_BURSTS.cmd_queue/inst/fifo_gen_inst/inst_fifo_gen/gconvfifo.rf/grf.rf/rstblk/gpregsm1.curr_fwft_state[1]_i_2/O
                         net (fo=32, routed)          2.016     2.608    SoC_i/axi_mem_intercon/s00_couplers/auto_pc/inst/gen_axi4_axi3.axi3_conv_inst/USE_WRITE.write_addr_inst/USE_BURSTS.cmd_queue/inst/fifo_gen_inst/inst_fifo_gen/gconvfifo.rf/grf.rf/gntv_or_sync_fifo.gl0.rd/rpntr/gc0.count_d1_reg[4]_1
    SLICE_X27Y64         FDCE                                         f  SoC_i/axi_mem_intercon/s00_couplers/auto_pc/inst/gen_axi4_axi3.axi3_conv_inst/USE_WRITE.write_addr_inst/USE_BURSTS.cmd_queue/inst/fifo_gen_inst/inst_fifo_gen/gconvfifo.rf/grf.rf/gntv_or_sync_fifo.gl0.rd/rpntr/gc0.count_d1_reg[0]/CLR
  -------------------------------------------------------------------    -------------------

                         (clock clk_50_SoC_clk_wiz_0_0 rise edge)
                                                     20.000    20.000 r  
    H16                                               0.000    20.000 r  sys_clock (IN)
                         net (fo=0)                   0.000    20.000    SoC_i/clk_wiz_0/inst/clk_in1
    H16                  IBUF (Prop_ibuf_I_O)         1.380    21.380 r  SoC_i/clk_wiz_0/inst/clkin1_ibufg/O
                         net (fo=1, routed)           1.162    22.542    SoC_i/clk_wiz_0/inst/clk_in1_SoC_clk_wiz_0_0
    MMCME2_ADV_X1Y2      MMCME2_ADV (Prop_mmcme2_adv_CLKIN1_CLKOUT1)
                                                     -7.814    14.728 r  SoC_i/clk_wiz_0/inst/mmcm_adv_inst/CLKOUT1
                         net (fo=2, routed)           2.012    16.740    SoC_i/clk_wiz_0/inst/clk_50_SoC_clk_wiz_0_0
    BUFGCTRL_X0Y16       BUFGCTRL (Prop_bufgctrl_I0_O)
                                                      0.091    16.831 r  SoC_i/clk_wiz_0/inst/clkout2_buf/O
                         net (fo=728, routed)         1.516    18.347    SoC_i/axi_mem_intercon/s00_couplers/auto_pc/inst/gen_axi4_axi3.axi3_conv_inst/USE_WRITE.write_addr_inst/USE_BURSTS.cmd_queue/inst/fifo_gen_inst/inst_fifo_gen/gconvfifo.rf/grf.rf/gntv_or_sync_fifo.gl0.rd/rpntr/clk
    SLICE_X27Y64         FDCE                                         r  SoC_i/axi_mem_intercon/s00_couplers/auto_pc/inst/gen_axi4_axi3.axi3_conv_inst/USE_WRITE.write_addr_inst/USE_BURSTS.cmd_queue/inst/fifo_gen_inst/inst_fifo_gen/gconvfifo.rf/grf.rf/gntv_or_sync_fifo.gl0.rd/rpntr/gc0.count_d1_reg[0]/C
                         clock pessimism              0.602    18.949    
                         clock uncertainty           -0.080    18.869    
    SLICE_X27Y64         FDCE (Recov_fdce_C_CLR)     -0.405    18.464    SoC_i/axi_mem_intercon/s00_couplers/auto_pc/inst/gen_axi4_axi3.axi3_conv_inst/USE_WRITE.write_addr_inst/USE_BURSTS.cmd_queue/inst/fifo_gen_inst/inst_fifo_gen/gconvfifo.rf/grf.rf/gntv_or_sync_fifo.gl0.rd/rpntr/gc0.count_d1_reg[0]
  -------------------------------------------------------------------
                         required time                         18.464    
                         arrival time                          -2.608    
  -------------------------------------------------------------------
                         slack                                 15.855    





Min Delay Paths
--------------------------------------------------------------------------------------
Slack (MET) :             0.518ns  (arrival time - required time)
  Source:                 SoC_i/axi_mem_intercon/s00_couplers/auto_pc/inst/gen_axi4_axi3.axi3_conv_inst/USE_WRITE.write_addr_inst/USE_B_CHANNEL.cmd_b_queue/inst/fifo_gen_inst/inst_fifo_gen/gconvfifo.rf/grf.rf/rstblk/ngwrdrst.grst.g7serrst.gnsckt_wrst.gcc_rst.sckt_wr_rst_cc_reg[1]/C
                            (rising edge-triggered cell FDRE clocked by clk_50_SoC_clk_wiz_0_0  {rise@0.000ns fall@10.000ns period=20.000ns})
  Destination:            SoC_i/axi_mem_intercon/s00_couplers/auto_pc/inst/gen_axi4_axi3.axi3_conv_inst/USE_WRITE.write_addr_inst/USE_B_CHANNEL.cmd_b_queue/inst/fifo_gen_inst/inst_fifo_gen/gconvfifo.rf/grf.rf/gntv_or_sync_fifo.gl0.wr/wpntr/gcc0.gc0.count_d1_reg[0]/CLR
                            (removal check against rising-edge clock clk_50_SoC_clk_wiz_0_0  {rise@0.000ns fall@10.000ns period=20.000ns})
  Path Group:             **async_default**
  Path Type:              Removal (Min at Fast Process Corner)
  Requirement:            0.000ns  (clk_50_SoC_clk_wiz_0_0 rise@0.000ns - clk_50_SoC_clk_wiz_0_0 rise@0.000ns)
  Data Path Delay:        0.439ns  (logic 0.209ns (47.578%)  route 0.230ns (52.422%))
  Logic Levels:           1  (LUT3=1)
  Clock Path Skew:        0.013ns (DCD - SCD - CPR)
    Destination Clock Delay (DCD):    -0.844ns
    Source Clock Delay      (SCD):    -0.606ns
    Clock Pessimism Removal (CPR):    -0.251ns

    Location             Delay type                Incr(ns)  Path(ns)    Netlist Resource(s)
  -------------------------------------------------------------------    -------------------
                         (clock clk_50_SoC_clk_wiz_0_0 rise edge)
                                                      0.000     0.000 r  
    H16                                               0.000     0.000 r  sys_clock (IN)
                         net (fo=0)                   0.000     0.000    SoC_i/clk_wiz_0/inst/clk_in1
    H16                  IBUF (Prop_ibuf_I_O)         0.219     0.219 r  SoC_i/clk_wiz_0/inst/clkin1_ibufg/O
                         net (fo=1, routed)           0.440     0.659    SoC_i/clk_wiz_0/inst/clk_in1_SoC_clk_wiz_0_0
    MMCME2_ADV_X1Y2      MMCME2_ADV (Prop_mmcme2_adv_CLKIN1_CLKOUT1)
                                                     -2.613    -1.954 r  SoC_i/clk_wiz_0/inst/mmcm_adv_inst/CLKOUT1
                         net (fo=2, routed)           0.696    -1.257    SoC_i/clk_wiz_0/inst/clk_50_SoC_clk_wiz_0_0
    BUFGCTRL_X0Y16       BUFGCTRL (Prop_bufgctrl_I0_O)
                                                      0.026    -1.231 r  SoC_i/clk_wiz_0/inst/clkout2_buf/O
                         net (fo=728, routed)         0.626    -0.606    SoC_i/axi_mem_intercon/s00_couplers/auto_pc/inst/gen_axi4_axi3.axi3_conv_inst/USE_WRITE.write_addr_inst/USE_B_CHANNEL.cmd_b_queue/inst/fifo_gen_inst/inst_fifo_gen/gconvfifo.rf/grf.rf/rstblk/clk
    SLICE_X0Y49          FDRE                                         r  SoC_i/axi_mem_intercon/s00_couplers/auto_pc/inst/gen_axi4_axi3.axi3_conv_inst/USE_WRITE.write_addr_inst/USE_B_CHANNEL.cmd_b_queue/inst/fifo_gen_inst/inst_fifo_gen/gconvfifo.rf/grf.rf/rstblk/ngwrdrst.grst.g7serrst.gnsckt_wrst.gcc_rst.sckt_wr_rst_cc_reg[1]/C
  -------------------------------------------------------------------    -------------------
    SLICE_X0Y49          FDRE (Prop_fdre_C_Q)         0.164    -0.442 f  SoC_i/axi_mem_intercon/s00_couplers/auto_pc/inst/gen_axi4_axi3.axi3_conv_inst/USE_WRITE.write_addr_inst/USE_B_CHANNEL.cmd_b_queue/inst/fifo_gen_inst/inst_fifo_gen/gconvfifo.rf/grf.rf/rstblk/ngwrdrst.grst.g7serrst.gnsckt_wrst.gcc_rst.sckt_wr_rst_cc_reg[1]/Q
                         net (fo=2, routed)           0.094    -0.347    SoC_i/axi_mem_intercon/s00_couplers/auto_pc/inst/gen_axi4_axi3.axi3_conv_inst/USE_WRITE.write_addr_inst/USE_B_CHANNEL.cmd_b_queue/inst/fifo_gen_inst/inst_fifo_gen/gconvfifo.rf/grf.rf/rstblk/ngwrdrst.grst.g7serrst.gnsckt_wrst.gcc_rst.sckt_wr_rst_cc[1]
    SLICE_X1Y49          LUT3 (Prop_lut3_I0_O)        0.045    -0.302 f  SoC_i/axi_mem_intercon/s00_couplers/auto_pc/inst/gen_axi4_axi3.axi3_conv_inst/USE_WRITE.write_addr_inst/USE_B_CHANNEL.cmd_b_queue/inst/fifo_gen_inst/inst_fifo_gen/gconvfifo.rf/grf.rf/rstblk/gpregsm1.curr_fwft_state[1]_i_2/O
                         net (fo=32, routed)          0.136    -0.166    SoC_i/axi_mem_intercon/s00_couplers/auto_pc/inst/gen_axi4_axi3.axi3_conv_inst/USE_WRITE.write_addr_inst/USE_B_CHANNEL.cmd_b_queue/inst/fifo_gen_inst/inst_fifo_gen/gconvfifo.rf/grf.rf/gntv_or_sync_fifo.gl0.wr/wpntr/AR[0]
    SLICE_X1Y49          FDCE                                         f  SoC_i/axi_mem_intercon/s00_couplers/auto_pc/inst/gen_axi4_axi3.axi3_conv_inst/USE_WRITE.write_addr_inst/USE_B_CHANNEL.cmd_b_queue/inst/fifo_gen_inst/inst_fifo_gen/gconvfifo.rf/grf.rf/gntv_or_sync_fifo.gl0.wr/wpntr/gcc0.gc0.count_d1_reg[0]/CLR
  -------------------------------------------------------------------    -------------------

                         (clock clk_50_SoC_clk_wiz_0_0 rise edge)
                                                      0.000     0.000 r  
    H16                                               0.000     0.000 r  sys_clock (IN)
                         net (fo=0)                   0.000     0.000    SoC_i/clk_wiz_0/inst/clk_in1
    H16                  IBUF (Prop_ibuf_I_O)         0.406     0.406 r  SoC_i/clk_wiz_0/inst/clkin1_ibufg/O
                         net (fo=1, routed)           0.480     0.886    SoC_i/clk_wiz_0/inst/clk_in1_SoC_clk_wiz_0_0
    MMCME2_ADV_X1Y2      MMCME2_ADV (Prop_mmcme2_adv_CLKIN1_CLKOUT1)
                                                     -3.407    -2.521 r  SoC_i/clk_wiz_0/inst/mmcm_adv_inst/CLKOUT1
                         net (fo=2, routed)           0.752    -1.769    SoC_i/clk_wiz_0/inst/clk_50_SoC_clk_wiz_0_0
    BUFGCTRL_X0Y16       BUFGCTRL (Prop_bufgctrl_I0_O)
                                                      0.029    -1.740 r  SoC_i/clk_wiz_0/inst/clkout2_buf/O
                         net (fo=728, routed)         0.896    -0.844    SoC_i/axi_mem_intercon/s00_couplers/auto_pc/inst/gen_axi4_axi3.axi3_conv_inst/USE_WRITE.write_addr_inst/USE_B_CHANNEL.cmd_b_queue/inst/fifo_gen_inst/inst_fifo_gen/gconvfifo.rf/grf.rf/gntv_or_sync_fifo.gl0.wr/wpntr/clk
    SLICE_X1Y49          FDCE                                         r  SoC_i/axi_mem_intercon/s00_couplers/auto_pc/inst/gen_axi4_axi3.axi3_conv_inst/USE_WRITE.write_addr_inst/USE_B_CHANNEL.cmd_b_queue/inst/fifo_gen_inst/inst_fifo_gen/gconvfifo.rf/grf.rf/gntv_or_sync_fifo.gl0.wr/wpntr/gcc0.gc0.count_d1_reg[0]/C
                         clock pessimism              0.251    -0.593    
    SLICE_X1Y49          FDCE (Remov_fdce_C_CLR)     -0.092    -0.685    SoC_i/axi_mem_intercon/s00_couplers/auto_pc/inst/gen_axi4_axi3.axi3_conv_inst/USE_WRITE.write_addr_inst/USE_B_CHANNEL.cmd_b_queue/inst/fifo_gen_inst/inst_fifo_gen/gconvfifo.rf/grf.rf/gntv_or_sync_fifo.gl0.wr/wpntr/gcc0.gc0.count_d1_reg[0]
  -------------------------------------------------------------------
                         required time                          0.685    
                         arrival time                          -0.166    
  -------------------------------------------------------------------
                         slack                                  0.518    





