Copyright 1986-2022 Xilinx, Inc. All Rights Reserved. Copyright 2022-2024 Advanced Micro Devices, Inc. All Rights Reserved.
------------------------------------------------------------------------------------------------------------------------------------------------------------------------------
| Tool Version : Vivado v.2024.1 (lin64) Build 5076996 Wed May 22 18:36:09 MDT 2024
| Date         : Fri Feb 20 00:51:38 2026
| Host         : pop-os running 64-bit Pop!_OS 22.04 LTS
| Command      : report_timing_summary -file /home/han4n/cva6_experiments/bitstreams/reports/timing/timing_ariane_IC4k_4w_128L_DC256_4w_128L_BTB16_BHT16_RAS2_ITLB4_DTLB4.rpt
| Design       : SoC_wrapper
| Device       : 7z020-clg400
| Speed File   : -1  PRODUCTION 1.12 2019-11-22
| Design State : Routed
------------------------------------------------------------------------------------------------------------------------------------------------------------------------------

Timing Summary Report

------------------------------------------------------------------------------------------------
| Timer Settings
| --------------
------------------------------------------------------------------------------------------------

  Enable Multi Corner Analysis               :  Yes
  Enable Pessimism Removal                   :  Yes
  Pessimism Removal Resolution               :  Nearest Common Node
  Enable Input Delay Default Clock           :  No
  Enable Preset / Clear Arcs                 :  No
  Disable Flight Delays                      :  No
  Ignore I/O Paths                           :  No
  Timing Early Launch at Borrowing Latches   :  No
  Borrow Time for Max Delay Exceptions       :  Yes
  Merge Timing Exceptions                    :  Yes
  Inter-SLR Compensation                     :  Conservative

  Corner  Analyze    Analyze    
  Name    Max Paths  Min Paths  
  ------  ---------  ---------  
  Slow    Yes        Yes        
  Fast    Yes        Yes        


------------------------------------------------------------------------------------------------
| Report Methodology
| ------------------
------------------------------------------------------------------------------------------------

Rule     Severity  Description                   Violations  
-------  --------  ----------------------------  ----------  
LUTAR-1  Warning   LUT drives async reset alert  11          

Note: This report is based on the most recent report_methodology run and may not be up-to-date. Run report_methodology on the current design for the latest report.



check_timing report

Table of Contents
-----------------
1. checking no_clock (0)
2. checking constant_clock (0)
3. checking pulse_width_clock (0)
4. checking unconstrained_internal_endpoints (0)
5. checking no_input_delay (3)
6. checking no_output_delay (4)
7. checking multiple_clock (0)
8. checking generated_clocks (0)
9. checking loops (0)
10. checking partial_input_delay (0)
11. checking partial_output_delay (0)
12. checking latch_loops (0)

1. checking no_clock (0)
------------------------
 There are 0 register/latch pins with no clock.


2. checking constant_clock (0)
------------------------------
 There are 0 register/latch pins with constant_clock.


3. checking pulse_width_clock (0)
---------------------------------
 There are 0 register/latch pins which need pulse_width check


4. checking unconstrained_internal_endpoints (0)
------------------------------------------------
 There are 0 pins that are not constrained for maximum delay.

 There are 0 pins that are not constrained for maximum delay due to constant clock.


5. checking no_input_delay (3)
------------------------------
 There are 3 input ports with no input delay specified. (HIGH)

 There are 0 input ports with no input delay but user has a false path constraint.


6. checking no_output_delay (4)
-------------------------------
 There are 4 ports with no output delay specified. (HIGH)

 There are 0 ports with no output delay but user has a false path constraint

 There are 0 ports with no output delay but with a timing clock defined on it or propagating through it


7. checking multiple_clock (0)
------------------------------
 There are 0 register/latch pins with multiple clocks.


8. checking generated_clocks (0)
--------------------------------
 There are 0 generated clocks that are not connected to a clock source.


9. checking loops (0)
---------------------
 There are 0 combinational loops in the design.


10. checking partial_input_delay (0)
------------------------------------
 There are 0 input ports with partial input delay specified.


11. checking partial_output_delay (0)
-------------------------------------
 There are 0 ports with partial output delay specified.


12. checking latch_loops (0)
----------------------------
 There are 0 combinational latch loops in the design through latch input



------------------------------------------------------------------------------------------------
| Design Timing Summary
| ---------------------
------------------------------------------------------------------------------------------------

    WNS(ns)      TNS(ns)  TNS Failing Endpoints  TNS Total Endpoints      WHS(ns)      THS(ns)  THS Failing Endpoints  THS Total Endpoints     WPWS(ns)     TPWS(ns)  TPWS Failing Endpoints  TPWS Total Endpoints  
    -------      -------  ---------------------  -------------------      -------      -------  ---------------------  -------------------     --------     --------  ----------------------  --------------------  
      0.626        0.000                      0                79150        0.021        0.000                      0                79100        2.000        0.000                       0                 26215  


All user specified timing constraints are met.


------------------------------------------------------------------------------------------------
| Clock Summary
| -------------
------------------------------------------------------------------------------------------------

Clock                       Waveform(ns)         Period(ns)      Frequency(MHz)
-----                       ------------         ----------      --------------
clk_fpga_0                  {0.000 10.000}       20.000          50.000          
sys_clock                   {0.000 4.000}        8.000           125.000         
  clk_25_SoC_clk_wiz_0_0    {0.000 20.000}       40.000          25.000          
  clk_50_SoC_clk_wiz_0_0    {0.000 10.000}       20.000          50.000          
  clkfbout_SoC_clk_wiz_0_0  {0.000 4.000}        8.000           125.000         


------------------------------------------------------------------------------------------------
| Intra Clock Table
| -----------------
------------------------------------------------------------------------------------------------

Clock                           WNS(ns)      TNS(ns)  TNS Failing Endpoints  TNS Total Endpoints      WHS(ns)      THS(ns)  THS Failing Endpoints  THS Total Endpoints     WPWS(ns)     TPWS(ns)  TPWS Failing Endpoints  TPWS Total Endpoints  
-----                           -------      -------  ---------------------  -------------------      -------      -------  ---------------------  -------------------     --------     --------  ----------------------  --------------------  
sys_clock                                                                                                                                                                     2.000        0.000                       0                     1  
  clk_25_SoC_clk_wiz_0_0          0.626        0.000                      0                59201        0.021        0.000                      0                59201       18.750        0.000                       0                 25473  
  clk_50_SoC_clk_wiz_0_0         12.160        0.000                      0                 1359        0.069        0.000                      0                 1359        8.750        0.000                       0                   738  
  clkfbout_SoC_clk_wiz_0_0                                                                                                                                                    5.845        0.000                       0                     3  


------------------------------------------------------------------------------------------------
| Inter Clock Table
| -----------------
------------------------------------------------------------------------------------------------

From Clock              To Clock                    WNS(ns)      TNS(ns)  TNS Failing Endpoints  TNS Total Endpoints      WHS(ns)      THS(ns)  THS Failing Endpoints  THS Total Endpoints  
----------              --------                    -------      -------  ---------------------  -------------------      -------      -------  ---------------------  -------------------  
clk_50_SoC_clk_wiz_0_0  clk_25_SoC_clk_wiz_0_0       10.134        0.000                      0                  449        0.163        0.000                      0                  415  
clk_25_SoC_clk_wiz_0_0  clk_50_SoC_clk_wiz_0_0       10.865        0.000                      0                  557        0.130        0.000                      0                  541  


------------------------------------------------------------------------------------------------
| Other Path Groups Table
| -----------------------
------------------------------------------------------------------------------------------------

Path Group              From Clock              To Clock                    WNS(ns)      TNS(ns)  TNS Failing Endpoints  TNS Total Endpoints      WHS(ns)      THS(ns)  THS Failing Endpoints  THS Total Endpoints  
----------              ----------              --------                    -------      -------  ---------------------  -------------------      -------      -------  ---------------------  -------------------  
**async_default**       clk_25_SoC_clk_wiz_0_0  clk_25_SoC_clk_wiz_0_0       24.596        0.000                      0                17855        0.445        0.000                      0                17855  
**async_default**       clk_50_SoC_clk_wiz_0_0  clk_50_SoC_clk_wiz_0_0       15.865        0.000                      0                   96        0.565        0.000                      0                   96  


------------------------------------------------------------------------------------------------
| Timing Details
| --------------
------------------------------------------------------------------------------------------------


---------------------------------------------------------------------------------------------------
From Clock:  sys_clock
  To Clock:  sys_clock

Setup :           NA  Failing Endpoints,  Worst Slack           NA  ,  Total Violation           NA
Hold  :           NA  Failing Endpoints,  Worst Slack           NA  ,  Total Violation           NA
PW    :            0  Failing Endpoints,  Worst Slack        2.000ns,  Total Violation        0.000ns
---------------------------------------------------------------------------------------------------


Pulse Width Checks
--------------------------------------------------------------------------------------
Clock Name:         sys_clock
Waveform(ns):       { 0.000 4.000 }
Period(ns):         8.000
Sources:            { sys_clock }

Check Type        Corner  Lib Pin            Reference Pin  Required(ns)  Actual(ns)  Slack(ns)  Location         Pin
Min Period        n/a     MMCME2_ADV/CLKIN1  n/a            1.249         8.000       6.751      MMCME2_ADV_X1Y2  SoC_i/clk_wiz_0/inst/mmcm_adv_inst/CLKIN1
Max Period        n/a     MMCME2_ADV/CLKIN1  n/a            100.000       8.000       92.000     MMCME2_ADV_X1Y2  SoC_i/clk_wiz_0/inst/mmcm_adv_inst/CLKIN1
Low Pulse Width   Slow    MMCME2_ADV/CLKIN1  n/a            2.000         4.000       2.000      MMCME2_ADV_X1Y2  SoC_i/clk_wiz_0/inst/mmcm_adv_inst/CLKIN1
High Pulse Width  Slow    MMCME2_ADV/CLKIN1  n/a            2.000         4.000       2.000      MMCME2_ADV_X1Y2  SoC_i/clk_wiz_0/inst/mmcm_adv_inst/CLKIN1



---------------------------------------------------------------------------------------------------
From Clock:  clk_25_SoC_clk_wiz_0_0
  To Clock:  clk_25_SoC_clk_wiz_0_0

Setup :            0  Failing Endpoints,  Worst Slack        0.626ns,  Total Violation        0.000ns
Hold  :            0  Failing Endpoints,  Worst Slack        0.021ns,  Total Violation        0.000ns
PW    :            0  Failing Endpoints,  Worst Slack       18.750ns,  Total Violation        0.000ns
---------------------------------------------------------------------------------------------------


Max Delay Paths
--------------------------------------------------------------------------------------
Slack (MET) :             0.626ns  (required time - arrival time)
  Source:                 SoC_i/ariane_peripherals_0/inst/i_peripherals_mapper/i_ariane_peripherals/i_plic/threshold_q_reg[0][1]/C
                            (rising edge-triggered cell FDCE clocked by clk_25_SoC_clk_wiz_0_0  {rise@0.000ns fall@20.000ns period=40.000ns})
  Destination:            SoC_i/ariane_peripherals_0/inst/i_peripherals_mapper/i_ariane_peripherals/i_plic/gen_target[0].i_target/gen_sequential.irq_reg/D
                            (rising edge-triggered cell FDCE clocked by clk_25_SoC_clk_wiz_0_0  {rise@0.000ns fall@20.000ns period=40.000ns})
  Path Group:             clk_25_SoC_clk_wiz_0_0
  Path Type:              Setup (Max at Slow Process Corner)
  Requirement:            40.000ns  (clk_25_SoC_clk_wiz_0_0 rise@40.000ns - clk_25_SoC_clk_wiz_0_0 rise@0.000ns)
  Data Path Delay:        39.380ns  (logic 9.511ns (24.152%)  route 29.869ns (75.848%))
  Logic Levels:           49  (LUT3=10 LUT4=10 LUT5=2 LUT6=27)
  Clock Path Skew:        0.017ns (DCD - SCD + CPR)
    Destination Clock Delay (DCD):    -1.510ns = ( 38.490 - 40.000 ) 
    Source Clock Delay      (SCD):    -0.960ns
    Clock Pessimism Removal (CPR):    0.567ns
  Clock Uncertainty:      0.090ns  ((TSJ^2 + DJ^2)^1/2) / 2 + PE
    Total System Jitter     (TSJ):    0.071ns
    Discrete Jitter          (DJ):    0.165ns
    Phase Error              (PE):    0.000ns

    Location             Delay type                Incr(ns)  Path(ns)    Netlist Resource(s)
  -------------------------------------------------------------------    -------------------
                         (clock clk_25_SoC_clk_wiz_0_0 rise edge)
                                                      0.000     0.000 r  
    H16                                               0.000     0.000 r  sys_clock (IN)
                         net (fo=0)                   0.000     0.000    SoC_i/clk_wiz_0/inst/clk_in1
    H16                  IBUF (Prop_ibuf_I_O)         1.451     1.451 r  SoC_i/clk_wiz_0/inst/clkin1_ibufg/O
                         net (fo=1, routed)           1.285     2.736    SoC_i/clk_wiz_0/inst/clk_in1_SoC_clk_wiz_0_0
    MMCME2_ADV_X1Y2      MMCME2_ADV (Prop_mmcme2_adv_CLKIN1_CLKOUT0)
                                                     -7.759    -5.023 r  SoC_i/clk_wiz_0/inst/mmcm_adv_inst/CLKOUT0
                         net (fo=2, routed)           2.206    -2.817    SoC_i/clk_wiz_0/inst/clk_25_SoC_clk_wiz_0_0
    BUFGCTRL_X0Y17       BUFGCTRL (Prop_bufgctrl_I0_O)
                                                      0.101    -2.716 r  SoC_i/clk_wiz_0/inst/clkout1_buf/O
                         net (fo=25462, routed)       1.756    -0.960    SoC_i/ariane_peripherals_0/inst/i_peripherals_mapper/i_ariane_peripherals/i_plic/aclk
    SLICE_X10Y7          FDCE                                         r  SoC_i/ariane_peripherals_0/inst/i_peripherals_mapper/i_ariane_peripherals/i_plic/threshold_q_reg[0][1]/C
  -------------------------------------------------------------------    -------------------
    SLICE_X10Y7          FDCE (Prop_fdce_C_Q)         0.518    -0.442 r  SoC_i/ariane_peripherals_0/inst/i_peripherals_mapper/i_ariane_peripherals/i_plic/threshold_q_reg[0][1]/Q
                         net (fo=6, routed)           0.834     0.391    SoC_i/ariane_peripherals_0/inst/i_peripherals_mapper/i_ariane_peripherals/i_plic/gen_target[0].i_target/gen_sequential.irq_i_79_1
    SLICE_X9Y6           LUT3 (Prop_lut3_I1_O)        0.152     0.543 f  SoC_i/ariane_peripherals_0/inst/i_peripherals_mapper/i_ariane_peripherals/i_plic/gen_target[0].i_target/gen_sequential.irq_i_34/O
                         net (fo=2, routed)           0.570     1.113    SoC_i/ariane_peripherals_0/inst/i_peripherals_mapper/i_ariane_peripherals/i_plic/i_rv_plic_gateway/gen_sequential.irq_i_76_0
    SLICE_X11Y8          LUT4 (Prop_lut4_I3_O)        0.326     1.439 f  SoC_i/ariane_peripherals_0/inst/i_peripherals_mapper/i_ariane_peripherals/i_plic/i_rv_plic_gateway/gen_sequential.irq_i_80__0/O
                         net (fo=3, routed)           0.631     2.070    SoC_i/ariane_peripherals_0/inst/i_peripherals_mapper/i_ariane_peripherals/i_plic/i_rv_plic_gateway/gen_sequential.irq_i_80__0_n_0
    SLICE_X8Y8           LUT6 (Prop_lut6_I5_O)        0.326     2.396 r  SoC_i/ariane_peripherals_0/inst/i_peripherals_mapper/i_ariane_peripherals/i_plic/i_rv_plic_gateway/gen_sequential.irq_i_32/O
                         net (fo=5, routed)           0.843     3.239    SoC_i/ariane_peripherals_0/inst/i_peripherals_mapper/i_ariane_peripherals/i_plic/i_rv_plic_gateway/gen_target[0].i_target/gen_sequential.max_prio13_out
    SLICE_X7Y7           LUT3 (Prop_lut3_I1_O)        0.124     3.363 f  SoC_i/ariane_peripherals_0/inst/i_peripherals_mapper/i_ariane_peripherals/i_plic/i_rv_plic_gateway/gen_sequential.irq_i_76/O
                         net (fo=4, routed)           0.683     4.046    SoC_i/ariane_peripherals_0/inst/i_peripherals_mapper/i_ariane_peripherals/i_plic/i_rv_plic_gateway/gen_sequential.irq_i_76_n_0
    SLICE_X6Y8           LUT4 (Prop_lut4_I3_O)        0.148     4.194 f  SoC_i/ariane_peripherals_0/inst/i_peripherals_mapper/i_ariane_peripherals/i_plic/i_rv_plic_gateway/gen_sequential.irq_i_74__0/O
                         net (fo=5, routed)           0.509     4.702    SoC_i/ariane_peripherals_0/inst/i_peripherals_mapper/i_ariane_peripherals/i_plic/i_rv_plic_gateway/gen_sequential.irq_i_74__0_n_0
    SLICE_X6Y9           LUT4 (Prop_lut4_I3_O)        0.320     5.022 f  SoC_i/ariane_peripherals_0/inst/i_peripherals_mapper/i_ariane_peripherals/i_plic/i_rv_plic_gateway/gen_sequential.irq_i_72__0/O
                         net (fo=3, routed)           0.632     5.655    SoC_i/ariane_peripherals_0/inst/i_peripherals_mapper/i_ariane_peripherals/i_plic/i_rv_plic_gateway/gen_sequential.irq_i_72__0_n_0
    SLICE_X5Y9           LUT6 (Prop_lut6_I5_O)        0.328     5.983 r  SoC_i/ariane_peripherals_0/inst/i_peripherals_mapper/i_ariane_peripherals/i_plic/i_rv_plic_gateway/gen_sequential.irq_i_29/O
                         net (fo=6, routed)           0.745     6.728    SoC_i/ariane_peripherals_0/inst/i_peripherals_mapper/i_ariane_peripherals/i_plic/i_rv_plic_gateway/gen_target[0].i_target/gen_sequential.max_prio115_out
    SLICE_X5Y10          LUT3 (Prop_lut3_I1_O)        0.124     6.852 f  SoC_i/ariane_peripherals_0/inst/i_peripherals_mapper/i_ariane_peripherals/i_plic/i_rv_plic_gateway/gen_sequential.irq_i_64/O
                         net (fo=4, routed)           0.739     7.591    SoC_i/ariane_peripherals_0/inst/i_peripherals_mapper/i_ariane_peripherals/i_plic/i_rv_plic_gateway/gen_sequential.irq_i_64_n_0
    SLICE_X5Y12          LUT4 (Prop_lut4_I3_O)        0.150     7.741 f  SoC_i/ariane_peripherals_0/inst/i_peripherals_mapper/i_ariane_peripherals/i_plic/i_rv_plic_gateway/gen_sequential.irq_i_62__0/O
                         net (fo=5, routed)           0.649     8.390    SoC_i/ariane_peripherals_0/inst/i_peripherals_mapper/i_ariane_peripherals/i_plic/i_rv_plic_gateway/gen_sequential.irq_i_62__0_n_0
    SLICE_X4Y13          LUT6 (Prop_lut6_I0_O)        0.326     8.716 r  SoC_i/ariane_peripherals_0/inst/i_peripherals_mapper/i_ariane_peripherals/i_plic/i_rv_plic_gateway/gen_sequential.irq_i_95/O
                         net (fo=1, routed)           0.670     9.386    SoC_i/ariane_peripherals_0/inst/i_peripherals_mapper/i_ariane_peripherals/i_plic/i_rv_plic_gateway/gen_target[0].i_target/gen_sequential.max_prio221_in
    SLICE_X4Y13          LUT6 (Prop_lut6_I2_O)        0.124     9.510 r  SoC_i/ariane_peripherals_0/inst/i_peripherals_mapper/i_ariane_peripherals/i_plic/i_rv_plic_gateway/gen_sequential.irq_i_52/O
                         net (fo=1, routed)           0.301     9.811    SoC_i/ariane_peripherals_0/inst/i_peripherals_mapper/i_ariane_peripherals/i_plic/i_rv_plic_gateway/gen_sequential.irq_i_52_n_0
    SLICE_X5Y12          LUT6 (Prop_lut6_I1_O)        0.124     9.935 r  SoC_i/ariane_peripherals_0/inst/i_peripherals_mapper/i_ariane_peripherals/i_plic/i_rv_plic_gateway/gen_sequential.irq_i_22/O
                         net (fo=6, routed)           0.323    10.258    SoC_i/ariane_peripherals_0/inst/i_peripherals_mapper/i_ariane_peripherals/i_plic/i_rv_plic_gateway/gen_target[0].i_target/gen_sequential.max_prio127_out
    SLICE_X5Y11          LUT3 (Prop_lut3_I1_O)        0.124    10.382 f  SoC_i/ariane_peripherals_0/inst/i_peripherals_mapper/i_ariane_peripherals/i_plic/i_rv_plic_gateway/gen_sequential.irq_i_40/O
                         net (fo=4, routed)           0.810    11.192    SoC_i/ariane_peripherals_0/inst/i_peripherals_mapper/i_ariane_peripherals/i_plic/i_rv_plic_gateway/gen_sequential.irq_i_40_n_0
    SLICE_X2Y11          LUT4 (Prop_lut4_I3_O)        0.150    11.342 f  SoC_i/ariane_peripherals_0/inst/i_peripherals_mapper/i_ariane_peripherals/i_plic/i_rv_plic_gateway/gen_sequential.irq_i_38__0/O
                         net (fo=5, routed)           0.802    12.144    SoC_i/ariane_peripherals_0/inst/i_peripherals_mapper/i_ariane_peripherals/i_plic/i_rv_plic_gateway/gen_sequential.irq_i_38__0_n_0
    SLICE_X0Y11          LUT4 (Prop_lut4_I3_O)        0.354    12.498 f  SoC_i/ariane_peripherals_0/inst/i_peripherals_mapper/i_ariane_peripherals/i_plic/i_rv_plic_gateway/gen_sequential.irq_i_50__0/O
                         net (fo=3, routed)           0.841    13.339    SoC_i/ariane_peripherals_0/inst/i_peripherals_mapper/i_ariane_peripherals/i_plic/i_rv_plic_gateway/gen_sequential.irq_i_50__0_n_0
    SLICE_X0Y9           LUT6 (Prop_lut6_I5_O)        0.348    13.687 r  SoC_i/ariane_peripherals_0/inst/i_peripherals_mapper/i_ariane_peripherals/i_plic/i_rv_plic_gateway/gen_sequential.irq_i_21/O
                         net (fo=7, routed)           0.455    14.142    SoC_i/ariane_peripherals_0/inst/i_peripherals_mapper/i_ariane_peripherals/i_plic/i_rv_plic_gateway/gen_target[0].i_target/gen_sequential.max_prio139_out
    SLICE_X2Y9           LUT3 (Prop_lut3_I1_O)        0.124    14.266 f  SoC_i/ariane_peripherals_0/inst/i_peripherals_mapper/i_ariane_peripherals/i_plic/i_rv_plic_gateway/gen_sequential.irq_i_68/O
                         net (fo=4, routed)           0.613    14.878    SoC_i/ariane_peripherals_0/inst/i_peripherals_mapper/i_ariane_peripherals/i_plic/i_rv_plic_gateway/gen_sequential.irq_i_68_n_0
    SLICE_X0Y8           LUT4 (Prop_lut4_I3_O)        0.150    15.028 f  SoC_i/ariane_peripherals_0/inst/i_peripherals_mapper/i_ariane_peripherals/i_plic/i_rv_plic_gateway/gen_sequential.irq_i_66__0/O
                         net (fo=5, routed)           0.626    15.654    SoC_i/ariane_peripherals_0/inst/i_peripherals_mapper/i_ariane_peripherals/i_plic/i_rv_plic_gateway/gen_sequential.irq_i_66__0_n_0
    SLICE_X0Y7           LUT6 (Prop_lut6_I0_O)        0.328    15.982 r  SoC_i/ariane_peripherals_0/inst/i_peripherals_mapper/i_ariane_peripherals/i_plic/i_rv_plic_gateway/gen_sequential.irq_i_88/O
                         net (fo=1, routed)           0.638    16.621    SoC_i/ariane_peripherals_0/inst/i_peripherals_mapper/i_ariane_peripherals/i_plic/i_rv_plic_gateway/gen_target[0].i_target/gen_sequential.max_prio245_in
    SLICE_X0Y7           LUT6 (Prop_lut6_I2_O)        0.124    16.745 r  SoC_i/ariane_peripherals_0/inst/i_peripherals_mapper/i_ariane_peripherals/i_plic/i_rv_plic_gateway/gen_sequential.irq_i_44/O
                         net (fo=1, routed)           0.590    17.335    SoC_i/ariane_peripherals_0/inst/i_peripherals_mapper/i_ariane_peripherals/i_plic/i_rv_plic_gateway/gen_sequential.irq_i_44_n_0
    SLICE_X0Y6           LUT6 (Prop_lut6_I1_O)        0.124    17.459 r  SoC_i/ariane_peripherals_0/inst/i_peripherals_mapper/i_ariane_peripherals/i_plic/i_rv_plic_gateway/gen_sequential.irq_i_20/O
                         net (fo=5, routed)           0.644    18.103    SoC_i/ariane_peripherals_0/inst/i_peripherals_mapper/i_ariane_peripherals/i_plic/i_rv_plic_gateway/gen_target[0].i_target/gen_sequential.max_prio151_out
    SLICE_X0Y5           LUT3 (Prop_lut3_I1_O)        0.124    18.227 f  SoC_i/ariane_peripherals_0/inst/i_peripherals_mapper/i_ariane_peripherals/i_plic/i_rv_plic_gateway/gen_sequential.irq_i_42/O
                         net (fo=4, routed)           0.628    18.855    SoC_i/ariane_peripherals_0/inst/i_peripherals_mapper/i_ariane_peripherals/i_plic/i_rv_plic_gateway/gen_sequential.irq_i_42_n_0
    SLICE_X0Y4           LUT4 (Prop_lut4_I3_O)        0.117    18.972 f  SoC_i/ariane_peripherals_0/inst/i_peripherals_mapper/i_ariane_peripherals/i_plic/i_rv_plic_gateway/gen_sequential.irq_i_60__0/O
                         net (fo=5, routed)           0.862    19.834    SoC_i/ariane_peripherals_0/inst/i_peripherals_mapper/i_ariane_peripherals/i_plic/i_rv_plic_gateway/gen_sequential.irq_i_60__0_n_0
    SLICE_X0Y3           LUT6 (Prop_lut6_I0_O)        0.348    20.182 r  SoC_i/ariane_peripherals_0/inst/i_peripherals_mapper/i_ariane_peripherals/i_plic/i_rv_plic_gateway/gen_sequential.irq_i_99/O
                         net (fo=1, routed)           0.303    20.486    SoC_i/ariane_peripherals_0/inst/i_peripherals_mapper/i_ariane_peripherals/i_plic/i_rv_plic_gateway/gen_target[0].i_target/gen_sequential.max_prio257_in
    SLICE_X0Y2           LUT6 (Prop_lut6_I2_O)        0.124    20.610 r  SoC_i/ariane_peripherals_0/inst/i_peripherals_mapper/i_ariane_peripherals/i_plic/i_rv_plic_gateway/gen_sequential.irq_i_56/O
                         net (fo=1, routed)           0.575    21.185    SoC_i/ariane_peripherals_0/inst/i_peripherals_mapper/i_ariane_peripherals/i_plic/i_rv_plic_gateway/gen_sequential.irq_i_56_n_0
    SLICE_X1Y2           LUT6 (Prop_lut6_I1_O)        0.124    21.309 r  SoC_i/ariane_peripherals_0/inst/i_peripherals_mapper/i_ariane_peripherals/i_plic/i_rv_plic_gateway/gen_sequential.irq_i_23/O
                         net (fo=5, routed)           0.590    21.899    SoC_i/ariane_peripherals_0/inst/i_peripherals_mapper/i_ariane_peripherals/i_plic/i_rv_plic_gateway/gen_target[0].i_target/gen_sequential.max_prio163_out
    SLICE_X1Y1           LUT3 (Prop_lut3_I1_O)        0.124    22.023 f  SoC_i/ariane_peripherals_0/inst/i_peripherals_mapper/i_ariane_peripherals/i_plic/i_rv_plic_gateway/gen_sequential.irq_id[4]_i_26/O
                         net (fo=4, routed)           0.571    22.594    SoC_i/ariane_peripherals_0/inst/i_peripherals_mapper/i_ariane_peripherals/i_plic/i_rv_plic_gateway/gen_sequential.irq_id[4]_i_26_n_0
    SLICE_X2Y1           LUT4 (Prop_lut4_I3_O)        0.116    22.710 f  SoC_i/ariane_peripherals_0/inst/i_peripherals_mapper/i_ariane_peripherals/i_plic/i_rv_plic_gateway/gen_sequential.irq_id[4]_i_24__0/O
                         net (fo=5, routed)           0.746    23.456    SoC_i/ariane_peripherals_0/inst/i_peripherals_mapper/i_ariane_peripherals/i_plic/i_rv_plic_gateway/gen_sequential.irq_id[4]_i_24__0_n_0
    SLICE_X3Y1           LUT6 (Prop_lut6_I0_O)        0.328    23.784 r  SoC_i/ariane_peripherals_0/inst/i_peripherals_mapper/i_ariane_peripherals/i_plic/i_rv_plic_gateway/gen_sequential.irq_id[4]_i_38/O
                         net (fo=1, routed)           0.432    24.216    SoC_i/ariane_peripherals_0/inst/i_peripherals_mapper/i_ariane_peripherals/i_plic/i_rv_plic_gateway/gen_target[0].i_target/gen_sequential.max_prio269_in
    SLICE_X4Y1           LUT6 (Prop_lut6_I2_O)        0.124    24.340 r  SoC_i/ariane_peripherals_0/inst/i_peripherals_mapper/i_ariane_peripherals/i_plic/i_rv_plic_gateway/gen_sequential.irq_id[4]_i_18/O
                         net (fo=1, routed)           0.581    24.921    SoC_i/ariane_peripherals_0/inst/i_peripherals_mapper/i_ariane_peripherals/i_plic/i_rv_plic_gateway/gen_sequential.irq_id[4]_i_18_n_0
    SLICE_X6Y1           LUT6 (Prop_lut6_I1_O)        0.124    25.045 r  SoC_i/ariane_peripherals_0/inst/i_peripherals_mapper/i_ariane_peripherals/i_plic/i_rv_plic_gateway/gen_sequential.irq_id[4]_i_7/O
                         net (fo=6, routed)           1.066    26.111    SoC_i/ariane_peripherals_0/inst/i_peripherals_mapper/i_ariane_peripherals/i_plic/i_rv_plic_gateway/gen_target[0].i_target/gen_sequential.max_prio175_out
    SLICE_X8Y2           LUT3 (Prop_lut3_I1_O)        0.152    26.263 f  SoC_i/ariane_peripherals_0/inst/i_peripherals_mapper/i_ariane_peripherals/i_plic/i_rv_plic_gateway/gen_sequential.irq_id[4]_i_53/O
                         net (fo=2, routed)           0.613    26.876    SoC_i/ariane_peripherals_0/inst/i_peripherals_mapper/i_ariane_peripherals/i_plic/i_rv_plic_gateway/gen_sequential.irq_id[4]_i_53_n_0
    SLICE_X10Y0          LUT6 (Prop_lut6_I5_O)        0.348    27.224 f  SoC_i/ariane_peripherals_0/inst/i_peripherals_mapper/i_ariane_peripherals/i_plic/i_rv_plic_gateway/gen_sequential.irq_id[4]_i_49/O
                         net (fo=3, routed)           0.520    27.744    SoC_i/ariane_peripherals_0/inst/i_peripherals_mapper/i_ariane_peripherals/i_plic/i_rv_plic_gateway/gen_sequential.irq_id[4]_i_49_n_0
    SLICE_X10Y1          LUT6 (Prop_lut6_I5_O)        0.124    27.868 r  SoC_i/ariane_peripherals_0/inst/i_peripherals_mapper/i_ariane_peripherals/i_plic/i_rv_plic_gateway/gen_sequential.irq_id[4]_i_50/O
                         net (fo=1, routed)           0.340    28.208    SoC_i/ariane_peripherals_0/inst/i_peripherals_mapper/i_ariane_peripherals/i_plic/i_rv_plic_gateway/gen_target[0].i_target/gen_sequential.max_prio281_in
    SLICE_X11Y1          LUT6 (Prop_lut6_I2_O)        0.124    28.332 r  SoC_i/ariane_peripherals_0/inst/i_peripherals_mapper/i_ariane_peripherals/i_plic/i_rv_plic_gateway/gen_sequential.irq_id[4]_i_32/O
                         net (fo=1, routed)           0.617    28.949    SoC_i/ariane_peripherals_0/inst/i_peripherals_mapper/i_ariane_peripherals/i_plic/i_rv_plic_gateway/gen_sequential.irq_id[4]_i_32_n_0
    SLICE_X12Y1          LUT6 (Prop_lut6_I1_O)        0.124    29.073 r  SoC_i/ariane_peripherals_0/inst/i_peripherals_mapper/i_ariane_peripherals/i_plic/i_rv_plic_gateway/gen_sequential.irq_id[4]_i_15/O
                         net (fo=5, routed)           0.480    29.553    SoC_i/ariane_peripherals_0/inst/i_peripherals_mapper/i_ariane_peripherals/i_plic/i_rv_plic_gateway/gen_target[0].i_target/gen_sequential.max_prio187_out
    SLICE_X12Y0          LUT3 (Prop_lut3_I1_O)        0.124    29.677 f  SoC_i/ariane_peripherals_0/inst/i_peripherals_mapper/i_ariane_peripherals/i_plic/i_rv_plic_gateway/gen_sequential.irq_id[4]_i_30/O
                         net (fo=4, routed)           0.476    30.153    SoC_i/ariane_peripherals_0/inst/i_peripherals_mapper/i_ariane_peripherals/i_plic/i_rv_plic_gateway/gen_sequential.irq_id[4]_i_30_n_0
    SLICE_X12Y0          LUT4 (Prop_lut4_I3_O)        0.150    30.303 f  SoC_i/ariane_peripherals_0/inst/i_peripherals_mapper/i_ariane_peripherals/i_plic/i_rv_plic_gateway/gen_sequential.irq_id[4]_i_28__0/O
                         net (fo=5, routed)           0.471    30.774    SoC_i/ariane_peripherals_0/inst/i_peripherals_mapper/i_ariane_peripherals/i_plic/i_rv_plic_gateway/gen_sequential.irq_id[4]_i_28__0_n_0
    SLICE_X13Y0          LUT6 (Prop_lut6_I0_O)        0.328    31.102 r  SoC_i/ariane_peripherals_0/inst/i_peripherals_mapper/i_ariane_peripherals/i_plic/i_rv_plic_gateway/gen_sequential.irq_id[1]_i_15/O
                         net (fo=1, routed)           0.291    31.393    SoC_i/ariane_peripherals_0/inst/i_peripherals_mapper/i_ariane_peripherals/i_plic/i_rv_plic_gateway/gen_target[0].i_target/gen_sequential.max_prio293_in
    SLICE_X13Y1          LUT6 (Prop_lut6_I2_O)        0.124    31.517 r  SoC_i/ariane_peripherals_0/inst/i_peripherals_mapper/i_ariane_peripherals/i_plic/i_rv_plic_gateway/gen_sequential.irq_id[1]_i_8/O
                         net (fo=1, routed)           0.485    32.001    SoC_i/ariane_peripherals_0/inst/i_peripherals_mapper/i_ariane_peripherals/i_plic/i_rv_plic_gateway/gen_sequential.irq_id[1]_i_8_n_0
    SLICE_X14Y1          LUT6 (Prop_lut6_I1_O)        0.124    32.125 r  SoC_i/ariane_peripherals_0/inst/i_peripherals_mapper/i_ariane_peripherals/i_plic/i_rv_plic_gateway/gen_sequential.irq_id[1]_i_3/O
                         net (fo=6, routed)           0.645    32.770    SoC_i/ariane_peripherals_0/inst/i_peripherals_mapper/i_ariane_peripherals/i_plic/i_rv_plic_gateway/gen_target[0].i_target/gen_sequential.max_prio199_out
    SLICE_X15Y1          LUT3 (Prop_lut3_I1_O)        0.150    32.920 r  SoC_i/ariane_peripherals_0/inst/i_peripherals_mapper/i_ariane_peripherals/i_plic/i_rv_plic_gateway/gen_sequential.irq_id[1]_i_6/O
                         net (fo=4, routed)           0.813    33.733    SoC_i/ariane_peripherals_0/inst/i_peripherals_mapper/i_ariane_peripherals/i_plic/i_rv_plic_gateway/gen_sequential.irq_id[1]_i_6_n_0
    SLICE_X12Y5          LUT5 (Prop_lut5_I4_O)        0.326    34.059 f  SoC_i/ariane_peripherals_0/inst/i_peripherals_mapper/i_ariane_peripherals/i_plic/i_rv_plic_gateway/gen_sequential.irq_id[2]_i_13__0/O
                         net (fo=3, routed)           0.596    34.654    SoC_i/ariane_peripherals_0/inst/i_peripherals_mapper/i_ariane_peripherals/i_plic/i_rv_plic_gateway/gen_sequential.irq_id[2]_i_13__0_n_0
    SLICE_X14Y2          LUT6 (Prop_lut6_I2_O)        0.124    34.778 r  SoC_i/ariane_peripherals_0/inst/i_peripherals_mapper/i_ariane_peripherals/i_plic/i_rv_plic_gateway/gen_sequential.irq_id[2]_i_16/O
                         net (fo=1, routed)           0.282    35.060    SoC_i/ariane_peripherals_0/inst/i_peripherals_mapper/i_ariane_peripherals/i_plic/i_rv_plic_gateway/gen_target[0].i_target/gen_sequential.max_prio2105_in
    SLICE_X14Y2          LUT6 (Prop_lut6_I2_O)        0.124    35.184 r  SoC_i/ariane_peripherals_0/inst/i_peripherals_mapper/i_ariane_peripherals/i_plic/i_rv_plic_gateway/gen_sequential.irq_id[2]_i_10/O
                         net (fo=1, routed)           0.491    35.676    SoC_i/ariane_peripherals_0/inst/i_peripherals_mapper/i_ariane_peripherals/i_plic/i_rv_plic_gateway/gen_sequential.irq_id[2]_i_10_n_0
    SLICE_X14Y3          LUT6 (Prop_lut6_I1_O)        0.124    35.800 r  SoC_i/ariane_peripherals_0/inst/i_peripherals_mapper/i_ariane_peripherals/i_plic/i_rv_plic_gateway/gen_sequential.irq_id[2]_i_5/O
                         net (fo=5, routed)           0.633    36.432    SoC_i/ariane_peripherals_0/inst/i_peripherals_mapper/i_ariane_peripherals/i_plic/i_rv_plic_gateway/gen_target[0].i_target/gen_sequential.max_prio1111_out
    SLICE_X14Y4          LUT6 (Prop_lut6_I5_O)        0.124    36.556 r  SoC_i/ariane_peripherals_0/inst/i_peripherals_mapper/i_ariane_peripherals/i_plic/i_rv_plic_gateway/gen_sequential.irq_i_15/O
                         net (fo=1, routed)           0.490    37.047    SoC_i/ariane_peripherals_0/inst/i_peripherals_mapper/i_ariane_peripherals/i_plic/i_rv_plic_gateway/gen_sequential.irq_i_15_n_0
    SLICE_X14Y5          LUT5 (Prop_lut5_I2_O)        0.124    37.171 r  SoC_i/ariane_peripherals_0/inst/i_peripherals_mapper/i_ariane_peripherals/i_plic/i_rv_plic_gateway/gen_sequential.irq_i_4/O
                         net (fo=6, routed)           1.125    38.296    SoC_i/ariane_peripherals_0/inst/i_peripherals_mapper/i_ariane_peripherals/i_plic/i_rv_plic_gateway/gen_target[0].i_target/gen_sequential.irq_next1__1
    SLICE_X6Y6           LUT6 (Prop_lut6_I2_O)        0.124    38.420 r  SoC_i/ariane_peripherals_0/inst/i_peripherals_mapper/i_ariane_peripherals/i_plic/i_rv_plic_gateway/gen_sequential.irq_i_1/O
                         net (fo=1, routed)           0.000    38.420    SoC_i/ariane_peripherals_0/inst/i_peripherals_mapper/i_ariane_peripherals/i_plic/gen_target[0].i_target/irq0
    SLICE_X6Y6           FDCE                                         r  SoC_i/ariane_peripherals_0/inst/i_peripherals_mapper/i_ariane_peripherals/i_plic/gen_target[0].i_target/gen_sequential.irq_reg/D
  -------------------------------------------------------------------    -------------------

                         (clock clk_25_SoC_clk_wiz_0_0 rise edge)
                                                     40.000    40.000 r  
    H16                                               0.000    40.000 r  sys_clock (IN)
                         net (fo=0)                   0.000    40.000    SoC_i/clk_wiz_0/inst/clk_in1
    H16                  IBUF (Prop_ibuf_I_O)         1.380    41.380 r  SoC_i/clk_wiz_0/inst/clkin1_ibufg/O
                         net (fo=1, routed)           1.162    42.542    SoC_i/clk_wiz_0/inst/clk_in1_SoC_clk_wiz_0_0
    MMCME2_ADV_X1Y2      MMCME2_ADV (Prop_mmcme2_adv_CLKIN1_CLKOUT0)
                                                     -7.814    34.728 r  SoC_i/clk_wiz_0/inst/mmcm_adv_inst/CLKOUT0
                         net (fo=2, routed)           2.012    36.740    SoC_i/clk_wiz_0/inst/clk_25_SoC_clk_wiz_0_0
    BUFGCTRL_X0Y17       BUFGCTRL (Prop_bufgctrl_I0_O)
                                                      0.091    36.831 r  SoC_i/clk_wiz_0/inst/clkout1_buf/O
                         net (fo=25462, routed)       1.658    38.490    SoC_i/ariane_peripherals_0/inst/i_peripherals_mapper/i_ariane_peripherals/i_plic/gen_target[0].i_target/aclk
    SLICE_X6Y6           FDCE                                         r  SoC_i/ariane_peripherals_0/inst/i_peripherals_mapper/i_ariane_peripherals/i_plic/gen_target[0].i_target/gen_sequential.irq_reg/C
                         clock pessimism              0.567    39.057    
                         clock uncertainty           -0.090    38.967    
    SLICE_X6Y6           FDCE (Setup_fdce_C_D)        0.079    39.046    SoC_i/ariane_peripherals_0/inst/i_peripherals_mapper/i_ariane_peripherals/i_plic/gen_target[0].i_target/gen_sequential.irq_reg
  -------------------------------------------------------------------
                         required time                         39.046    
                         arrival time                         -38.420    
  -------------------------------------------------------------------
                         slack                                  0.626    





Min Delay Paths
--------------------------------------------------------------------------------------
Slack (MET) :             0.021ns  (arrival time - required time)
  Source:                 SoC_i/northbridge/axi_interconnect_0/m05_couplers/auto_pc/inst/gen_axilite.gen_b2s_conv.axilite_b2s/SI_REG/ar.ar_pipe/skid_buffer_reg[26]/C
                            (rising edge-triggered cell FDRE clocked by clk_25_SoC_clk_wiz_0_0  {rise@0.000ns fall@20.000ns period=40.000ns})
  Destination:            SoC_i/northbridge/axi_interconnect_0/m05_couplers/auto_pc/inst/gen_axilite.gen_b2s_conv.axilite_b2s/SI_REG/ar.ar_pipe/m_payload_i_reg[26]/D
                            (rising edge-triggered cell FDRE clocked by clk_25_SoC_clk_wiz_0_0  {rise@0.000ns fall@20.000ns period=40.000ns})
  Path Group:             clk_25_SoC_clk_wiz_0_0
  Path Type:              Hold (Min at Fast Process Corner)
  Requirement:            0.000ns  (clk_25_SoC_clk_wiz_0_0 rise@0.000ns - clk_25_SoC_clk_wiz_0_0 rise@0.000ns)
  Data Path Delay:        0.393ns  (logic 0.213ns (54.201%)  route 0.180ns (45.799%))
  Logic Levels:           1  (LUT3=1)
  Clock Path Skew:        0.265ns (DCD - SCD - CPR)
    Destination Clock Delay (DCD):    -0.917ns
    Source Clock Delay      (SCD):    -0.679ns
    Clock Pessimism Removal (CPR):    -0.504ns

    Location             Delay type                Incr(ns)  Path(ns)    Netlist Resource(s)
  -------------------------------------------------------------------    -------------------
                         (clock clk_25_SoC_clk_wiz_0_0 rise edge)
                                                      0.000     0.000 r  
    H16                                               0.000     0.000 r  sys_clock (IN)
                         net (fo=0)                   0.000     0.000    SoC_i/clk_wiz_0/inst/clk_in1
    H16                  IBUF (Prop_ibuf_I_O)         0.219     0.219 r  SoC_i/clk_wiz_0/inst/clkin1_ibufg/O
                         net (fo=1, routed)           0.440     0.659    SoC_i/clk_wiz_0/inst/clk_in1_SoC_clk_wiz_0_0
    MMCME2_ADV_X1Y2      MMCME2_ADV (Prop_mmcme2_adv_CLKIN1_CLKOUT0)
                                                     -2.613    -1.954 r  SoC_i/clk_wiz_0/inst/mmcm_adv_inst/CLKOUT0
                         net (fo=2, routed)           0.696    -1.257    SoC_i/clk_wiz_0/inst/clk_25_SoC_clk_wiz_0_0
    BUFGCTRL_X0Y17       BUFGCTRL (Prop_bufgctrl_I0_O)
                                                      0.026    -1.231 r  SoC_i/clk_wiz_0/inst/clkout1_buf/O
                         net (fo=25462, routed)       0.553    -0.679    SoC_i/northbridge/axi_interconnect_0/m05_couplers/auto_pc/inst/gen_axilite.gen_b2s_conv.axilite_b2s/SI_REG/ar.ar_pipe/aclk
    SLICE_X50Y16         FDRE                                         r  SoC_i/northbridge/axi_interconnect_0/m05_couplers/auto_pc/inst/gen_axilite.gen_b2s_conv.axilite_b2s/SI_REG/ar.ar_pipe/skid_buffer_reg[26]/C
  -------------------------------------------------------------------    -------------------
    SLICE_X50Y16         FDRE (Prop_fdre_C_Q)         0.164    -0.515 r  SoC_i/northbridge/axi_interconnect_0/m05_couplers/auto_pc/inst/gen_axilite.gen_b2s_conv.axilite_b2s/SI_REG/ar.ar_pipe/skid_buffer_reg[26]/Q
                         net (fo=1, routed)           0.180    -0.335    SoC_i/northbridge/axi_interconnect_0/m05_couplers/auto_pc/inst/gen_axilite.gen_b2s_conv.axilite_b2s/SI_REG/ar.ar_pipe/skid_buffer_reg_n_0_[26]
    SLICE_X49Y15         LUT3 (Prop_lut3_I2_O)        0.049    -0.286 r  SoC_i/northbridge/axi_interconnect_0/m05_couplers/auto_pc/inst/gen_axilite.gen_b2s_conv.axilite_b2s/SI_REG/ar.ar_pipe/m_payload_i[26]_i_1__0/O
                         net (fo=1, routed)           0.000    -0.286    SoC_i/northbridge/axi_interconnect_0/m05_couplers/auto_pc/inst/gen_axilite.gen_b2s_conv.axilite_b2s/SI_REG/ar.ar_pipe/m_payload_i[26]_i_1__0_n_0
    SLICE_X49Y15         FDRE                                         r  SoC_i/northbridge/axi_interconnect_0/m05_couplers/auto_pc/inst/gen_axilite.gen_b2s_conv.axilite_b2s/SI_REG/ar.ar_pipe/m_payload_i_reg[26]/D
  -------------------------------------------------------------------    -------------------

                         (clock clk_25_SoC_clk_wiz_0_0 rise edge)
                                                      0.000     0.000 r  
    H16                                               0.000     0.000 r  sys_clock (IN)
                         net (fo=0)                   0.000     0.000    SoC_i/clk_wiz_0/inst/clk_in1
    H16                  IBUF (Prop_ibuf_I_O)         0.406     0.406 r  SoC_i/clk_wiz_0/inst/clkin1_ibufg/O
                         net (fo=1, routed)           0.480     0.886    SoC_i/clk_wiz_0/inst/clk_in1_SoC_clk_wiz_0_0
    MMCME2_ADV_X1Y2      MMCME2_ADV (Prop_mmcme2_adv_CLKIN1_CLKOUT0)
                                                     -3.407    -2.521 r  SoC_i/clk_wiz_0/inst/mmcm_adv_inst/CLKOUT0
                         net (fo=2, routed)           0.752    -1.769    SoC_i/clk_wiz_0/inst/clk_25_SoC_clk_wiz_0_0
    BUFGCTRL_X0Y17       BUFGCTRL (Prop_bufgctrl_I0_O)
                                                      0.029    -1.740 r  SoC_i/clk_wiz_0/inst/clkout1_buf/O
                         net (fo=25462, routed)       0.823    -0.917    SoC_i/northbridge/axi_interconnect_0/m05_couplers/auto_pc/inst/gen_axilite.gen_b2s_conv.axilite_b2s/SI_REG/ar.ar_pipe/aclk
    SLICE_X49Y15         FDRE                                         r  SoC_i/northbridge/axi_interconnect_0/m05_couplers/auto_pc/inst/gen_axilite.gen_b2s_conv.axilite_b2s/SI_REG/ar.ar_pipe/m_payload_i_reg[26]/C
                         clock pessimism              0.504    -0.413    
    SLICE_X49Y15         FDRE (Hold_fdre_C_D)         0.107    -0.306    SoC_i/northbridge/axi_interconnect_0/m05_couplers/auto_pc/inst/gen_axilite.gen_b2s_conv.axilite_b2s/SI_REG/ar.ar_pipe/m_payload_i_reg[26]
  -------------------------------------------------------------------
                         required time                          0.306    
                         arrival time                          -0.286    
  -------------------------------------------------------------------
                         slack                                  0.021    





Pulse Width Checks
--------------------------------------------------------------------------------------
Clock Name:         clk_25_SoC_clk_wiz_0_0
Waveform(ns):       { 0.000 20.000 }
Period(ns):         40.000
Sources:            { SoC_i/clk_wiz_0/inst/mmcm_adv_inst/CLKOUT0 }

Check Type        Corner  Lib Pin             Reference Pin  Required(ns)  Actual(ns)  Slack(ns)  Location         Pin
Min Period        n/a     RAMB36E1/CLKARDCLK  n/a            2.944         40.000      37.056     RAMB36_X4Y1      SoC_i/cpu_0/inst/i_cva6_wrapper/i_ariane/i_cva6/gen_cache_wt.i_cache_subsystem/i_cva6_icache/gen_sram[0].data_sram/data_sram/gen_cut[0].i_tc_sram_wrapper/i_ram/Mem_DP_reg/CLKARDCLK
Max Period        n/a     MMCME2_ADV/CLKOUT0  n/a            213.360       40.000      173.360    MMCME2_ADV_X1Y2  SoC_i/clk_wiz_0/inst/mmcm_adv_inst/CLKOUT0
Low Pulse Width   Slow    RAMD32/CLK          n/a            1.250         20.000      18.750     SLICE_X34Y19     SoC_i/cpu_0/inst/i_cva6_wrapper/i_ariane/i_cva6/gen_cache_wt.i_cache_subsystem/i_adapter/i_b_fifo/gen_fpga_queue.fifo_ram/mem_reg_0_3_0_4/RAMA/CLK
High Pulse Width  Slow    RAMD32/CLK          n/a            1.250         20.000      18.750     SLICE_X34Y19     SoC_i/cpu_0/inst/i_cva6_wrapper/i_ariane/i_cva6/gen_cache_wt.i_cache_subsystem/i_adapter/i_b_fifo/gen_fpga_queue.fifo_ram/mem_reg_0_3_0_4/RAMA/CLK



---------------------------------------------------------------------------------------------------
From Clock:  clk_50_SoC_clk_wiz_0_0
  To Clock:  clk_50_SoC_clk_wiz_0_0

Setup :            0  Failing Endpoints,  Worst Slack       12.160ns,  Total Violation        0.000ns
Hold  :            0  Failing Endpoints,  Worst Slack        0.069ns,  Total Violation        0.000ns
PW    :            0  Failing Endpoints,  Worst Slack        8.750ns,  Total Violation        0.000ns
---------------------------------------------------------------------------------------------------


Max Delay Paths
--------------------------------------------------------------------------------------
Slack (MET) :             12.160ns  (required time - arrival time)
  Source:                 SoC_i/processing_system7_0/inst/PS7_i/SAXIHP0ACLK
                            (rising edge-triggered cell PS7 clocked by clk_50_SoC_clk_wiz_0_0  {rise@0.000ns fall@10.000ns period=20.000ns})
  Destination:            SoC_i/axi_mem_intercon/s00_couplers/auto_pc/inst/gen_axi4_axi3.axi3_conv_inst/USE_WRITE.write_addr_inst/USE_BURSTS.cmd_queue/inst/fifo_gen_inst/inst_fifo_gen/gconvfifo.rf/grf.rf/gntv_or_sync_fifo.gl0.wr/gwss.wsts/ram_full_fb_i_reg/D
                            (rising edge-triggered cell FDCE clocked by clk_50_SoC_clk_wiz_0_0  {rise@0.000ns fall@10.000ns period=20.000ns})
  Path Group:             clk_50_SoC_clk_wiz_0_0
  Path Type:              Setup (Max at Slow Process Corner)
  Requirement:            20.000ns  (clk_50_SoC_clk_wiz_0_0 rise@20.000ns - clk_50_SoC_clk_wiz_0_0 rise@0.000ns)
  Data Path Delay:        7.361ns  (logic 2.235ns (30.364%)  route 5.126ns (69.636%))
  Logic Levels:           4  (LUT3=1 LUT4=1 LUT5=1 LUT6=1)
  Clock Path Skew:        -0.161ns (DCD - SCD + CPR)
    Destination Clock Delay (DCD):    -1.509ns = ( 18.491 - 20.000 ) 
    Source Clock Delay      (SCD):    -0.896ns
    Clock Pessimism Removal (CPR):    0.452ns
  Clock Uncertainty:      0.080ns  ((TSJ^2 + DJ^2)^1/2) / 2 + PE
    Total System Jitter     (TSJ):    0.071ns
    Discrete Jitter          (DJ):    0.144ns
    Phase Error              (PE):    0.000ns

    Location             Delay type                Incr(ns)  Path(ns)    Netlist Resource(s)
  -------------------------------------------------------------------    -------------------
                         (clock clk_50_SoC_clk_wiz_0_0 rise edge)
                                                      0.000     0.000 r  
    H16                                               0.000     0.000 r  sys_clock (IN)
                         net (fo=0)                   0.000     0.000    SoC_i/clk_wiz_0/inst/clk_in1
    H16                  IBUF (Prop_ibuf_I_O)         1.451     1.451 r  SoC_i/clk_wiz_0/inst/clkin1_ibufg/O
                         net (fo=1, routed)           1.285     2.736    SoC_i/clk_wiz_0/inst/clk_in1_SoC_clk_wiz_0_0
    MMCME2_ADV_X1Y2      MMCME2_ADV (Prop_mmcme2_adv_CLKIN1_CLKOUT1)
                                                     -7.759    -5.023 r  SoC_i/clk_wiz_0/inst/mmcm_adv_inst/CLKOUT1
                         net (fo=2, routed)           2.206    -2.817    SoC_i/clk_wiz_0/inst/clk_50_SoC_clk_wiz_0_0
    BUFGCTRL_X0Y16       BUFGCTRL (Prop_bufgctrl_I0_O)
                                                      0.101    -2.716 r  SoC_i/clk_wiz_0/inst/clkout2_buf/O
                         net (fo=728, routed)         1.820    -0.896    SoC_i/processing_system7_0/inst/S_AXI_HP0_ACLK
    PS7_X0Y0             PS7                                          r  SoC_i/processing_system7_0/inst/PS7_i/SAXIHP0ACLK
  -------------------------------------------------------------------    -------------------
    PS7_X0Y0             PS7 (Prop_ps7_SAXIHP0ACLK_SAXIHP0WREADY)
                                                      1.277     0.381 f  SoC_i/processing_system7_0/inst/PS7_i/SAXIHP0WREADY
                         net (fo=4, routed)           1.946     2.327    SoC_i/axi_mem_intercon/s00_couplers/auto_pc/inst/gen_axi4_axi3.axi3_conv_inst/USE_WRITE.write_addr_inst/USE_BURSTS.cmd_queue/inst/m_axi_wready
    SLICE_X7Y48          LUT3 (Prop_lut3_I0_O)        0.152     2.479 f  SoC_i/axi_mem_intercon/s00_couplers/auto_pc/inst/gen_axi4_axi3.axi3_conv_inst/USE_WRITE.write_addr_inst/USE_BURSTS.cmd_queue/inst/s_axi_wready_INST_0/O
                         net (fo=86, routed)          1.253     3.732    SoC_i/axi_mem_intercon/s00_couplers/auto_pc/inst/gen_axi4_axi3.axi3_conv_inst/USE_WRITE.write_data_inst/length_counter_1_reg[5]_0
    SLICE_X8Y46          LUT6 (Prop_lut6_I4_O)        0.326     4.058 f  SoC_i/axi_mem_intercon/s00_couplers/auto_pc/inst/gen_axi4_axi3.axi3_conv_inst/USE_WRITE.write_data_inst/fifo_gen_inst_i_2__0/O
                         net (fo=15, routed)          0.852     4.910    SoC_i/axi_mem_intercon/s00_couplers/auto_pc/inst/gen_axi4_axi3.axi3_conv_inst/USE_WRITE.write_addr_inst/USE_BURSTS.cmd_queue/inst/fifo_gen_inst/inst_fifo_gen/gconvfifo.rf/grf.rf/gntv_or_sync_fifo.gl0.rd/gr1.gr1_int.rfwft/rd_en
    SLICE_X5Y48          LUT4 (Prop_lut4_I1_O)        0.119     5.029 f  SoC_i/axi_mem_intercon/s00_couplers/auto_pc/inst/gen_axi4_axi3.axi3_conv_inst/USE_WRITE.write_addr_inst/USE_BURSTS.cmd_queue/inst/fifo_gen_inst/inst_fifo_gen/gconvfifo.rf/grf.rf/gntv_or_sync_fifo.gl0.rd/gr1.gr1_int.rfwft/gc0.count_d1[4]_i_1/O
                         net (fo=12, routed)          0.551     5.580    SoC_i/axi_mem_intercon/s00_couplers/auto_pc/inst/gen_axi4_axi3.axi3_conv_inst/USE_WRITE.write_addr_inst/USE_BURSTS.cmd_queue/inst/fifo_gen_inst/inst_fifo_gen/gconvfifo.rf/grf.rf/gntv_or_sync_fifo.gl0.wr/wpntr/ram_empty_i_reg[0]
    SLICE_X4Y48          LUT5 (Prop_lut5_I3_O)        0.361     5.941 r  SoC_i/axi_mem_intercon/s00_couplers/auto_pc/inst/gen_axi4_axi3.axi3_conv_inst/USE_WRITE.write_addr_inst/USE_BURSTS.cmd_queue/inst/fifo_gen_inst/inst_fifo_gen/gconvfifo.rf/grf.rf/gntv_or_sync_fifo.gl0.wr/wpntr/ram_full_fb_i_i_1/O
                         net (fo=2, routed)           0.524     6.465    SoC_i/axi_mem_intercon/s00_couplers/auto_pc/inst/gen_axi4_axi3.axi3_conv_inst/USE_WRITE.write_addr_inst/USE_BURSTS.cmd_queue/inst/fifo_gen_inst/inst_fifo_gen/gconvfifo.rf/grf.rf/gntv_or_sync_fifo.gl0.wr/gwss.wsts/ram_full_comb
    SLICE_X4Y48          FDCE                                         r  SoC_i/axi_mem_intercon/s00_couplers/auto_pc/inst/gen_axi4_axi3.axi3_conv_inst/USE_WRITE.write_addr_inst/USE_BURSTS.cmd_queue/inst/fifo_gen_inst/inst_fifo_gen/gconvfifo.rf/grf.rf/gntv_or_sync_fifo.gl0.wr/gwss.wsts/ram_full_fb_i_reg/D
  -------------------------------------------------------------------    -------------------

                         (clock clk_50_SoC_clk_wiz_0_0 rise edge)
                                                     20.000    20.000 r  
    H16                                               0.000    20.000 r  sys_clock (IN)
                         net (fo=0)                   0.000    20.000    SoC_i/clk_wiz_0/inst/clk_in1
    H16                  IBUF (Prop_ibuf_I_O)         1.380    21.380 r  SoC_i/clk_wiz_0/inst/clkin1_ibufg/O
                         net (fo=1, routed)           1.162    22.542    SoC_i/clk_wiz_0/inst/clk_in1_SoC_clk_wiz_0_0
    MMCME2_ADV_X1Y2      MMCME2_ADV (Prop_mmcme2_adv_CLKIN1_CLKOUT1)
                                                     -7.814    14.728 r  SoC_i/clk_wiz_0/inst/mmcm_adv_inst/CLKOUT1
                         net (fo=2, routed)           2.012    16.740    SoC_i/clk_wiz_0/inst/clk_50_SoC_clk_wiz_0_0
    BUFGCTRL_X0Y16       BUFGCTRL (Prop_bufgctrl_I0_O)
                                                      0.091    16.831 r  SoC_i/clk_wiz_0/inst/clkout2_buf/O
                         net (fo=728, routed)         1.659    18.491    SoC_i/axi_mem_intercon/s00_couplers/auto_pc/inst/gen_axi4_axi3.axi3_conv_inst/USE_WRITE.write_addr_inst/USE_BURSTS.cmd_queue/inst/fifo_gen_inst/inst_fifo_gen/gconvfifo.rf/grf.rf/gntv_or_sync_fifo.gl0.wr/gwss.wsts/clk
    SLICE_X4Y48          FDCE                                         r  SoC_i/axi_mem_intercon/s00_couplers/auto_pc/inst/gen_axi4_axi3.axi3_conv_inst/USE_WRITE.write_addr_inst/USE_BURSTS.cmd_queue/inst/fifo_gen_inst/inst_fifo_gen/gconvfifo.rf/grf.rf/gntv_or_sync_fifo.gl0.wr/gwss.wsts/ram_full_fb_i_reg/C
                         clock pessimism              0.452    18.943    
                         clock uncertainty           -0.080    18.863    
    SLICE_X4Y48          FDCE (Setup_fdce_C_D)       -0.238    18.625    SoC_i/axi_mem_intercon/s00_couplers/auto_pc/inst/gen_axi4_axi3.axi3_conv_inst/USE_WRITE.write_addr_inst/USE_BURSTS.cmd_queue/inst/fifo_gen_inst/inst_fifo_gen/gconvfifo.rf/grf.rf/gntv_or_sync_fifo.gl0.wr/gwss.wsts/ram_full_fb_i_reg
  -------------------------------------------------------------------
                         required time                         18.625    
                         arrival time                          -6.465    
  -------------------------------------------------------------------
                         slack                                 12.160    





Min Delay Paths
--------------------------------------------------------------------------------------
Slack (MET) :             0.069ns  (arrival time - required time)
  Source:                 SoC_i/axi_quad_spi_0/U0/NO_DUAL_QUAD_MODE.QSPI_NORMAL/QSPI_ENHANCED_MD_GEN.QSPI_CORE_INTERFACE_I/LOGIC_FOR_MD_0_GEN.SPI_MODULE_I/RX_DATA_SCK_RATIO_2_GEN1.receive_Data_int_reg[7]/C
                            (rising edge-triggered cell FDRE clocked by clk_50_SoC_clk_wiz_0_0  {rise@0.000ns fall@10.000ns period=20.000ns})
  Destination:            SoC_i/axi_quad_spi_0/U0/NO_DUAL_QUAD_MODE.QSPI_NORMAL/QSPI_ENHANCED_MD_GEN.QSPI_CORE_INTERFACE_I/FIFO_EXISTS.RX_FIFO_II/gnuram_async_fifo.xpm_fifo_base_inst/gen_sdpram.xpm_memory_base_inst/gen_wr_a.gen_word_narrow.mem_reg/DIADI[0]
                            (rising edge-triggered cell RAMB18E1 clocked by clk_50_SoC_clk_wiz_0_0  {rise@0.000ns fall@10.000ns period=20.000ns})
  Path Group:             clk_50_SoC_clk_wiz_0_0
  Path Type:              Hold (Min at Fast Process Corner)
  Requirement:            0.000ns  (clk_50_SoC_clk_wiz_0_0 rise@0.000ns - clk_50_SoC_clk_wiz_0_0 rise@0.000ns)
  Data Path Delay:        0.440ns  (logic 0.164ns (37.237%)  route 0.276ns (62.763%))
  Logic Levels:           0  
  Clock Path Skew:        0.075ns (DCD - SCD - CPR)
    Destination Clock Delay (DCD):    -0.867ns
    Source Clock Delay      (SCD):    -0.668ns
    Clock Pessimism Removal (CPR):    -0.275ns

    Location             Delay type                Incr(ns)  Path(ns)    Netlist Resource(s)
  -------------------------------------------------------------------    -------------------
                         (clock clk_50_SoC_clk_wiz_0_0 rise edge)
                                                      0.000     0.000 r  
    H16                                               0.000     0.000 r  sys_clock (IN)
                         net (fo=0)                   0.000     0.000    SoC_i/clk_wiz_0/inst/clk_in1
    H16                  IBUF (Prop_ibuf_I_O)         0.219     0.219 r  SoC_i/clk_wiz_0/inst/clkin1_ibufg/O
                         net (fo=1, routed)           0.440     0.659    SoC_i/clk_wiz_0/inst/clk_in1_SoC_clk_wiz_0_0
    MMCME2_ADV_X1Y2      MMCME2_ADV (Prop_mmcme2_adv_CLKIN1_CLKOUT1)
                                                     -2.613    -1.954 r  SoC_i/clk_wiz_0/inst/mmcm_adv_inst/CLKOUT1
                         net (fo=2, routed)           0.696    -1.257    SoC_i/clk_wiz_0/inst/clk_50_SoC_clk_wiz_0_0
    BUFGCTRL_X0Y16       BUFGCTRL (Prop_bufgctrl_I0_O)
                                                      0.026    -1.231 r  SoC_i/clk_wiz_0/inst/clkout2_buf/O
                         net (fo=728, routed)         0.564    -0.668    SoC_i/axi_quad_spi_0/U0/NO_DUAL_QUAD_MODE.QSPI_NORMAL/QSPI_ENHANCED_MD_GEN.QSPI_CORE_INTERFACE_I/LOGIC_FOR_MD_0_GEN.SPI_MODULE_I/ext_spi_clk
    SLICE_X34Y5          FDRE                                         r  SoC_i/axi_quad_spi_0/U0/NO_DUAL_QUAD_MODE.QSPI_NORMAL/QSPI_ENHANCED_MD_GEN.QSPI_CORE_INTERFACE_I/LOGIC_FOR_MD_0_GEN.SPI_MODULE_I/RX_DATA_SCK_RATIO_2_GEN1.receive_Data_int_reg[7]/C
  -------------------------------------------------------------------    -------------------
    SLICE_X34Y5          FDRE (Prop_fdre_C_Q)         0.164    -0.504 r  SoC_i/axi_quad_spi_0/U0/NO_DUAL_QUAD_MODE.QSPI_NORMAL/QSPI_ENHANCED_MD_GEN.QSPI_CORE_INTERFACE_I/LOGIC_FOR_MD_0_GEN.SPI_MODULE_I/RX_DATA_SCK_RATIO_2_GEN1.receive_Data_int_reg[7]/Q
                         net (fo=1, routed)           0.276    -0.227    SoC_i/axi_quad_spi_0/U0/NO_DUAL_QUAD_MODE.QSPI_NORMAL/QSPI_ENHANCED_MD_GEN.QSPI_CORE_INTERFACE_I/FIFO_EXISTS.RX_FIFO_II/gnuram_async_fifo.xpm_fifo_base_inst/gen_sdpram.xpm_memory_base_inst/dina[0]
    RAMB18_X2Y0          RAMB18E1                                     r  SoC_i/axi_quad_spi_0/U0/NO_DUAL_QUAD_MODE.QSPI_NORMAL/QSPI_ENHANCED_MD_GEN.QSPI_CORE_INTERFACE_I/FIFO_EXISTS.RX_FIFO_II/gnuram_async_fifo.xpm_fifo_base_inst/gen_sdpram.xpm_memory_base_inst/gen_wr_a.gen_word_narrow.mem_reg/DIADI[0]
  -------------------------------------------------------------------    -------------------

                         (clock clk_50_SoC_clk_wiz_0_0 rise edge)
                                                      0.000     0.000 r  
    H16                                               0.000     0.000 r  sys_clock (IN)
                         net (fo=0)                   0.000     0.000    SoC_i/clk_wiz_0/inst/clk_in1
    H16                  IBUF (Prop_ibuf_I_O)         0.406     0.406 r  SoC_i/clk_wiz_0/inst/clkin1_ibufg/O
                         net (fo=1, routed)           0.480     0.886    SoC_i/clk_wiz_0/inst/clk_in1_SoC_clk_wiz_0_0
    MMCME2_ADV_X1Y2      MMCME2_ADV (Prop_mmcme2_adv_CLKIN1_CLKOUT1)
                                                     -3.407    -2.521 r  SoC_i/clk_wiz_0/inst/mmcm_adv_inst/CLKOUT1
                         net (fo=2, routed)           0.752    -1.769    SoC_i/clk_wiz_0/inst/clk_50_SoC_clk_wiz_0_0
    BUFGCTRL_X0Y16       BUFGCTRL (Prop_bufgctrl_I0_O)
                                                      0.029    -1.740 r  SoC_i/clk_wiz_0/inst/clkout2_buf/O
                         net (fo=728, routed)         0.872    -0.867    SoC_i/axi_quad_spi_0/U0/NO_DUAL_QUAD_MODE.QSPI_NORMAL/QSPI_ENHANCED_MD_GEN.QSPI_CORE_INTERFACE_I/FIFO_EXISTS.RX_FIFO_II/gnuram_async_fifo.xpm_fifo_base_inst/gen_sdpram.xpm_memory_base_inst/clka
    RAMB18_X2Y0          RAMB18E1                                     r  SoC_i/axi_quad_spi_0/U0/NO_DUAL_QUAD_MODE.QSPI_NORMAL/QSPI_ENHANCED_MD_GEN.QSPI_CORE_INTERFACE_I/FIFO_EXISTS.RX_FIFO_II/gnuram_async_fifo.xpm_fifo_base_inst/gen_sdpram.xpm_memory_base_inst/gen_wr_a.gen_word_narrow.mem_reg/CLKARDCLK
                         clock pessimism              0.275    -0.592    
    RAMB18_X2Y0          RAMB18E1 (Hold_ramb18e1_CLKARDCLK_DIADI[0])
                                                      0.296    -0.296    SoC_i/axi_quad_spi_0/U0/NO_DUAL_QUAD_MODE.QSPI_NORMAL/QSPI_ENHANCED_MD_GEN.QSPI_CORE_INTERFACE_I/FIFO_EXISTS.RX_FIFO_II/gnuram_async_fifo.xpm_fifo_base_inst/gen_sdpram.xpm_memory_base_inst/gen_wr_a.gen_word_narrow.mem_reg
  -------------------------------------------------------------------
                         required time                          0.296    
                         arrival time                          -0.227    
  -------------------------------------------------------------------
                         slack                                  0.069    





Pulse Width Checks
--------------------------------------------------------------------------------------
Clock Name:         clk_50_SoC_clk_wiz_0_0
Waveform(ns):       { 0.000 10.000 }
Period(ns):         20.000
Sources:            { SoC_i/clk_wiz_0/inst/mmcm_adv_inst/CLKOUT1 }

Check Type        Corner  Lib Pin             Reference Pin  Required(ns)  Actual(ns)  Slack(ns)  Location         Pin
Min Period        n/a     RAMB18E1/CLKARDCLK  n/a            2.576         20.000      17.424     RAMB18_X2Y0      SoC_i/axi_quad_spi_0/U0/NO_DUAL_QUAD_MODE.QSPI_NORMAL/QSPI_ENHANCED_MD_GEN.QSPI_CORE_INTERFACE_I/FIFO_EXISTS.RX_FIFO_II/gnuram_async_fifo.xpm_fifo_base_inst/gen_sdpram.xpm_memory_base_inst/gen_wr_a.gen_word_narrow.mem_reg/CLKARDCLK
Max Period        n/a     MMCME2_ADV/CLKOUT1  n/a            213.360       20.000      193.360    MMCME2_ADV_X1Y2  SoC_i/clk_wiz_0/inst/mmcm_adv_inst/CLKOUT1
Low Pulse Width   Slow    RAMD32/CLK          n/a            1.250         10.000      8.750      SLICE_X2Y42      SoC_i/axi_mem_intercon/s00_couplers/auto_pc/inst/gen_axi4_axi3.axi3_conv_inst/USE_READ.USE_SPLIT_R.read_addr_inst/USE_R_CHANNEL.cmd_queue/inst/fifo_gen_inst/inst_fifo_gen/gconvfifo.rf/grf.rf/gntv_or_sync_fifo.mem/gdm.dm_gen.dm/RAM_reg_0_31_0_0/DP/CLK
High Pulse Width  Slow    RAMD32/CLK          n/a            1.250         10.000      8.750      SLICE_X2Y42      SoC_i/axi_mem_intercon/s00_couplers/auto_pc/inst/gen_axi4_axi3.axi3_conv_inst/USE_READ.USE_SPLIT_R.read_addr_inst/USE_R_CHANNEL.cmd_queue/inst/fifo_gen_inst/inst_fifo_gen/gconvfifo.rf/grf.rf/gntv_or_sync_fifo.mem/gdm.dm_gen.dm/RAM_reg_0_31_0_0/DP/CLK



---------------------------------------------------------------------------------------------------
From Clock:  clkfbout_SoC_clk_wiz_0_0
  To Clock:  clkfbout_SoC_clk_wiz_0_0

Setup :           NA  Failing Endpoints,  Worst Slack           NA  ,  Total Violation           NA
Hold  :           NA  Failing Endpoints,  Worst Slack           NA  ,  Total Violation           NA
PW    :            0  Failing Endpoints,  Worst Slack        5.845ns,  Total Violation        0.000ns
---------------------------------------------------------------------------------------------------


Pulse Width Checks
--------------------------------------------------------------------------------------
Clock Name:         clkfbout_SoC_clk_wiz_0_0
Waveform(ns):       { 0.000 4.000 }
Period(ns):         8.000
Sources:            { SoC_i/clk_wiz_0/inst/mmcm_adv_inst/CLKFBOUT }

Check Type  Corner  Lib Pin             Reference Pin  Required(ns)  Actual(ns)  Slack(ns)  Location         Pin
Min Period  n/a     BUFG/I              n/a            2.155         8.000       5.845      BUFGCTRL_X0Y18   SoC_i/clk_wiz_0/inst/clkf_buf/I
Max Period  n/a     MMCME2_ADV/CLKFBIN  n/a            100.000       8.000       92.000     MMCME2_ADV_X1Y2  SoC_i/clk_wiz_0/inst/mmcm_adv_inst/CLKFBIN



---------------------------------------------------------------------------------------------------
From Clock:  clk_50_SoC_clk_wiz_0_0
  To Clock:  clk_25_SoC_clk_wiz_0_0

Setup :            0  Failing Endpoints,  Worst Slack       10.134ns,  Total Violation        0.000ns
Hold  :            0  Failing Endpoints,  Worst Slack        0.163ns,  Total Violation        0.000ns
---------------------------------------------------------------------------------------------------


Max Delay Paths
--------------------------------------------------------------------------------------
Slack (MET) :             10.134ns  (required time - arrival time)
  Source:                 SoC_i/processing_system7_0/inst/PS7_i/SAXIHP0ACLK
                            (rising edge-triggered cell PS7 clocked by clk_50_SoC_clk_wiz_0_0  {rise@0.000ns fall@10.000ns period=20.000ns})
  Destination:            SoC_i/northbridge/axi_interconnect_0/m00_couplers/auto_cc/inst/gen_clock_conv.gen_sync_conv.gen_conv_write_ch.w_sync_clock_converter/gen_sync_clock_converter.m_tpayload_r_reg[59]/CE
                            (rising edge-triggered cell FDRE clocked by clk_25_SoC_clk_wiz_0_0  {rise@0.000ns fall@20.000ns period=40.000ns})
  Path Group:             clk_25_SoC_clk_wiz_0_0
  Path Type:              Setup (Max at Slow Process Corner)
  Requirement:            20.000ns  (clk_25_SoC_clk_wiz_0_0 rise@40.000ns - clk_50_SoC_clk_wiz_0_0 rise@20.000ns)
  Data Path Delay:        8.782ns  (logic 1.783ns (20.303%)  route 6.999ns (79.697%))
  Logic Levels:           2  (LUT3=1 LUT4=1)
  Clock Path Skew:        -0.446ns (DCD - SCD + CPR)
    Destination Clock Delay (DCD):    -1.590ns = ( 38.410 - 40.000 ) 
    Source Clock Delay      (SCD):    -0.896ns = ( 19.104 - 20.000 ) 
    Clock Pessimism Removal (CPR):    0.249ns
  Clock Uncertainty:      0.210ns  ((TSJ^2 + DJ^2)^1/2) / 2 + PE
    Total System Jitter     (TSJ):    0.071ns
    Discrete Jitter          (DJ):    0.165ns
    Phase Error              (PE):    0.120ns

    Location             Delay type                Incr(ns)  Path(ns)    Netlist Resource(s)
  -------------------------------------------------------------------    -------------------
                         (clock clk_50_SoC_clk_wiz_0_0 rise edge)
                                                     20.000    20.000 r  
    H16                                               0.000    20.000 r  sys_clock (IN)
                         net (fo=0)                   0.000    20.000    SoC_i/clk_wiz_0/inst/clk_in1
    H16                  IBUF (Prop_ibuf_I_O)         1.451    21.451 r  SoC_i/clk_wiz_0/inst/clkin1_ibufg/O
                         net (fo=1, routed)           1.285    22.736    SoC_i/clk_wiz_0/inst/clk_in1_SoC_clk_wiz_0_0
    MMCME2_ADV_X1Y2      MMCME2_ADV (Prop_mmcme2_adv_CLKIN1_CLKOUT1)
                                                     -7.759    14.977 r  SoC_i/clk_wiz_0/inst/mmcm_adv_inst/CLKOUT1
                         net (fo=2, routed)           2.206    17.183    SoC_i/clk_wiz_0/inst/clk_50_SoC_clk_wiz_0_0
    BUFGCTRL_X0Y16       BUFGCTRL (Prop_bufgctrl_I0_O)
                                                      0.101    17.284 r  SoC_i/clk_wiz_0/inst/clkout2_buf/O
                         net (fo=728, routed)         1.820    19.104    SoC_i/processing_system7_0/inst/S_AXI_HP0_ACLK
    PS7_X0Y0             PS7                                          r  SoC_i/processing_system7_0/inst/PS7_i/SAXIHP0ACLK
  -------------------------------------------------------------------    -------------------
    PS7_X0Y0             PS7 (Prop_ps7_SAXIHP0ACLK_SAXIHP0WREADY)
                                                      1.277    20.381 r  SoC_i/processing_system7_0/inst/PS7_i/SAXIHP0WREADY
                         net (fo=4, routed)           1.946    22.327    SoC_i/axi_mem_intercon/s00_couplers/auto_pc/inst/gen_axi4_axi3.axi3_conv_inst/USE_WRITE.write_addr_inst/USE_BURSTS.cmd_queue/inst/m_axi_wready
    SLICE_X7Y48          LUT3 (Prop_lut3_I0_O)        0.152    22.479 r  SoC_i/axi_mem_intercon/s00_couplers/auto_pc/inst/gen_axi4_axi3.axi3_conv_inst/USE_WRITE.write_addr_inst/USE_BURSTS.cmd_queue/inst/s_axi_wready_INST_0/O
                         net (fo=86, routed)          2.574    25.053    SoC_i/northbridge/axi_interconnect_0/m00_couplers/auto_cc/inst/gen_clock_conv.gen_sync_conv.gen_conv_write_ch.w_sync_clock_converter/m_axi_wready
    SLICE_X10Y27         LUT4 (Prop_lut4_I1_O)        0.354    25.407 r  SoC_i/northbridge/axi_interconnect_0/m00_couplers/auto_cc/inst/gen_clock_conv.gen_sync_conv.gen_conv_write_ch.w_sync_clock_converter/gen_sync_clock_converter.m_tpayload_r[73]_i_1/O
                         net (fo=72, routed)          2.479    27.886    SoC_i/northbridge/axi_interconnect_0/m00_couplers/auto_cc/inst/gen_clock_conv.gen_sync_conv.gen_conv_write_ch.w_sync_clock_converter/gen_sync_clock_converter.load_tpayload
    SLICE_X17Y39         FDRE                                         r  SoC_i/northbridge/axi_interconnect_0/m00_couplers/auto_cc/inst/gen_clock_conv.gen_sync_conv.gen_conv_write_ch.w_sync_clock_converter/gen_sync_clock_converter.m_tpayload_r_reg[59]/CE
  -------------------------------------------------------------------    -------------------

                         (clock clk_25_SoC_clk_wiz_0_0 rise edge)
                                                     40.000    40.000 r  
    H16                                               0.000    40.000 r  sys_clock (IN)
                         net (fo=0)                   0.000    40.000    SoC_i/clk_wiz_0/inst/clk_in1
    H16                  IBUF (Prop_ibuf_I_O)         1.380    41.380 r  SoC_i/clk_wiz_0/inst/clkin1_ibufg/O
                         net (fo=1, routed)           1.162    42.542    SoC_i/clk_wiz_0/inst/clk_in1_SoC_clk_wiz_0_0
    MMCME2_ADV_X1Y2      MMCME2_ADV (Prop_mmcme2_adv_CLKIN1_CLKOUT0)
                                                     -7.814    34.728 r  SoC_i/clk_wiz_0/inst/mmcm_adv_inst/CLKOUT0
                         net (fo=2, routed)           2.012    36.740    SoC_i/clk_wiz_0/inst/clk_25_SoC_clk_wiz_0_0
    BUFGCTRL_X0Y17       BUFGCTRL (Prop_bufgctrl_I0_O)
                                                      0.091    36.831 r  SoC_i/clk_wiz_0/inst/clkout1_buf/O
                         net (fo=25462, routed)       1.578    38.410    SoC_i/northbridge/axi_interconnect_0/m00_couplers/auto_cc/inst/gen_clock_conv.gen_sync_conv.gen_conv_write_ch.w_sync_clock_converter/out
    SLICE_X17Y39         FDRE                                         r  SoC_i/northbridge/axi_interconnect_0/m00_couplers/auto_cc/inst/gen_clock_conv.gen_sync_conv.gen_conv_write_ch.w_sync_clock_converter/gen_sync_clock_converter.m_tpayload_r_reg[59]/C
                         clock pessimism              0.249    38.658    
                         clock uncertainty           -0.210    38.448    
    SLICE_X17Y39         FDRE (Setup_fdre_C_CE)      -0.429    38.019    SoC_i/northbridge/axi_interconnect_0/m00_couplers/auto_cc/inst/gen_clock_conv.gen_sync_conv.gen_conv_write_ch.w_sync_clock_converter/gen_sync_clock_converter.m_tpayload_r_reg[59]
  -------------------------------------------------------------------
                         required time                         38.019    
                         arrival time                         -27.886    
  -------------------------------------------------------------------
                         slack                                 10.134    





Min Delay Paths
--------------------------------------------------------------------------------------
Slack (MET) :             0.163ns  (arrival time - required time)
  Source:                 SoC_i/northbridge/axi_interconnect_0/m00_couplers/auto_cc/inst/gen_clock_conv.gen_sync_conv.gen_conv_write_ch.w_sync_clock_converter/gen_sync_clock_converter.m_tready_hold_reg/C
                            (rising edge-triggered cell FDRE clocked by clk_50_SoC_clk_wiz_0_0  {rise@0.000ns fall@10.000ns period=20.000ns})
  Destination:            SoC_i/northbridge/axi_interconnect_0/m00_couplers/auto_cc/inst/gen_clock_conv.gen_sync_conv.gen_conv_write_ch.w_sync_clock_converter/gen_sync_clock_converter.m_tpayload_r_reg[19]/CE
                            (rising edge-triggered cell FDRE clocked by clk_25_SoC_clk_wiz_0_0  {rise@0.000ns fall@20.000ns period=40.000ns})
  Path Group:             clk_25_SoC_clk_wiz_0_0
  Path Type:              Hold (Min at Fast Process Corner)
  Requirement:            0.000ns  (clk_25_SoC_clk_wiz_0_0 rise@0.000ns - clk_50_SoC_clk_wiz_0_0 rise@0.000ns)
  Data Path Delay:        0.590ns  (logic 0.188ns (31.888%)  route 0.402ns (68.112%))
  Logic Levels:           1  (LUT4=1)
  Clock Path Skew:        0.329ns (DCD - SCD - CPR)
    Destination Clock Delay (DCD):    -0.887ns
    Source Clock Delay      (SCD):    -0.649ns
    Clock Pessimism Removal (CPR):    -0.567ns
  Clock Uncertainty:      0.210ns  ((TSJ^2 + DJ^2)^1/2) / 2 + PE
    Total System Jitter     (TSJ):    0.071ns
    Discrete Jitter          (DJ):    0.165ns
    Phase Error              (PE):    0.120ns

    Location             Delay type                Incr(ns)  Path(ns)    Netlist Resource(s)
  -------------------------------------------------------------------    -------------------
                         (clock clk_50_SoC_clk_wiz_0_0 rise edge)
                                                      0.000     0.000 r  
    H16                                               0.000     0.000 r  sys_clock (IN)
                         net (fo=0)                   0.000     0.000    SoC_i/clk_wiz_0/inst/clk_in1
    H16                  IBUF (Prop_ibuf_I_O)         0.219     0.219 r  SoC_i/clk_wiz_0/inst/clkin1_ibufg/O
                         net (fo=1, routed)           0.440     0.659    SoC_i/clk_wiz_0/inst/clk_in1_SoC_clk_wiz_0_0
    MMCME2_ADV_X1Y2      MMCME2_ADV (Prop_mmcme2_adv_CLKIN1_CLKOUT1)
                                                     -2.613    -1.954 r  SoC_i/clk_wiz_0/inst/mmcm_adv_inst/CLKOUT1
                         net (fo=2, routed)           0.696    -1.257    SoC_i/clk_wiz_0/inst/clk_50_SoC_clk_wiz_0_0
    BUFGCTRL_X0Y16       BUFGCTRL (Prop_bufgctrl_I0_O)
                                                      0.026    -1.231 r  SoC_i/clk_wiz_0/inst/clkout2_buf/O
                         net (fo=728, routed)         0.583    -0.649    SoC_i/northbridge/axi_interconnect_0/m00_couplers/auto_cc/inst/gen_clock_conv.gen_sync_conv.gen_conv_write_ch.w_sync_clock_converter/gen_sync_clock_converter.m_tready_hold_reg_1
    SLICE_X9Y25          FDRE                                         r  SoC_i/northbridge/axi_interconnect_0/m00_couplers/auto_cc/inst/gen_clock_conv.gen_sync_conv.gen_conv_write_ch.w_sync_clock_converter/gen_sync_clock_converter.m_tready_hold_reg/C
  -------------------------------------------------------------------    -------------------
    SLICE_X9Y25          FDRE (Prop_fdre_C_Q)         0.141    -0.508 r  SoC_i/northbridge/axi_interconnect_0/m00_couplers/auto_cc/inst/gen_clock_conv.gen_sync_conv.gen_conv_write_ch.w_sync_clock_converter/gen_sync_clock_converter.m_tready_hold_reg/Q
                         net (fo=77, routed)          0.278    -0.230    SoC_i/northbridge/axi_interconnect_0/m00_couplers/auto_cc/inst/gen_clock_conv.gen_sync_conv.gen_conv_write_ch.w_sync_clock_converter/gen_sync_clock_converter.m_tready_hold
    SLICE_X10Y27         LUT4 (Prop_lut4_I2_O)        0.047    -0.183 r  SoC_i/northbridge/axi_interconnect_0/m00_couplers/auto_cc/inst/gen_clock_conv.gen_sync_conv.gen_conv_write_ch.w_sync_clock_converter/gen_sync_clock_converter.m_tpayload_r[73]_i_1/O
                         net (fo=72, routed)          0.124    -0.059    SoC_i/northbridge/axi_interconnect_0/m00_couplers/auto_cc/inst/gen_clock_conv.gen_sync_conv.gen_conv_write_ch.w_sync_clock_converter/gen_sync_clock_converter.load_tpayload
    SLICE_X11Y28         FDRE                                         r  SoC_i/northbridge/axi_interconnect_0/m00_couplers/auto_cc/inst/gen_clock_conv.gen_sync_conv.gen_conv_write_ch.w_sync_clock_converter/gen_sync_clock_converter.m_tpayload_r_reg[19]/CE
  -------------------------------------------------------------------    -------------------

                         (clock clk_25_SoC_clk_wiz_0_0 rise edge)
                                                      0.000     0.000 r  
    H16                                               0.000     0.000 r  sys_clock (IN)
                         net (fo=0)                   0.000     0.000    SoC_i/clk_wiz_0/inst/clk_in1
    H16                  IBUF (Prop_ibuf_I_O)         0.406     0.406 r  SoC_i/clk_wiz_0/inst/clkin1_ibufg/O
                         net (fo=1, routed)           0.480     0.886    SoC_i/clk_wiz_0/inst/clk_in1_SoC_clk_wiz_0_0
    MMCME2_ADV_X1Y2      MMCME2_ADV (Prop_mmcme2_adv_CLKIN1_CLKOUT0)
                                                     -3.407    -2.521 r  SoC_i/clk_wiz_0/inst/mmcm_adv_inst/CLKOUT0
                         net (fo=2, routed)           0.752    -1.769    SoC_i/clk_wiz_0/inst/clk_25_SoC_clk_wiz_0_0
    BUFGCTRL_X0Y17       BUFGCTRL (Prop_bufgctrl_I0_O)
                                                      0.029    -1.740 r  SoC_i/clk_wiz_0/inst/clkout1_buf/O
                         net (fo=25462, routed)       0.853    -0.887    SoC_i/northbridge/axi_interconnect_0/m00_couplers/auto_cc/inst/gen_clock_conv.gen_sync_conv.gen_conv_write_ch.w_sync_clock_converter/out
    SLICE_X11Y28         FDRE                                         r  SoC_i/northbridge/axi_interconnect_0/m00_couplers/auto_cc/inst/gen_clock_conv.gen_sync_conv.gen_conv_write_ch.w_sync_clock_converter/gen_sync_clock_converter.m_tpayload_r_reg[19]/C
                         clock pessimism              0.567    -0.320    
                         clock uncertainty            0.210    -0.110    
    SLICE_X11Y28         FDRE (Hold_fdre_C_CE)       -0.112    -0.222    SoC_i/northbridge/axi_interconnect_0/m00_couplers/auto_cc/inst/gen_clock_conv.gen_sync_conv.gen_conv_write_ch.w_sync_clock_converter/gen_sync_clock_converter.m_tpayload_r_reg[19]
  -------------------------------------------------------------------
                         required time                          0.222    
                         arrival time                          -0.059    
  -------------------------------------------------------------------
                         slack                                  0.163    





---------------------------------------------------------------------------------------------------
From Clock:  clk_25_SoC_clk_wiz_0_0
  To Clock:  clk_50_SoC_clk_wiz_0_0

Setup :            0  Failing Endpoints,  Worst Slack       10.865ns,  Total Violation        0.000ns
Hold  :            0  Failing Endpoints,  Worst Slack        0.130ns,  Total Violation        0.000ns
---------------------------------------------------------------------------------------------------


Max Delay Paths
--------------------------------------------------------------------------------------
Slack (MET) :             10.865ns  (required time - arrival time)
  Source:                 SoC_i/cpu_reset_gen25/U0/ACTIVE_LOW_PR_OUT_DFF[0].FDRE_PER_N/C
                            (rising edge-triggered cell FDRE clocked by clk_25_SoC_clk_wiz_0_0  {rise@0.000ns fall@20.000ns period=40.000ns})
  Destination:            SoC_i/axi_mem_intercon/s00_couplers/auto_pc/inst/gen_axi4_axi3.axi3_conv_inst/USE_WRITE.write_addr_inst/S_AXI_ACACHE_Q_reg[0]/R
                            (rising edge-triggered cell FDRE clocked by clk_50_SoC_clk_wiz_0_0  {rise@0.000ns fall@10.000ns period=20.000ns})
  Path Group:             clk_50_SoC_clk_wiz_0_0
  Path Type:              Setup (Max at Slow Process Corner)
  Requirement:            20.000ns  (clk_50_SoC_clk_wiz_0_0 rise@20.000ns - clk_25_SoC_clk_wiz_0_0 rise@0.000ns)
  Data Path Delay:        7.759ns  (logic 0.608ns (7.836%)  route 7.151ns (92.164%))
  Logic Levels:           1  (LUT1=1)
  Clock Path Skew:        -0.440ns (DCD - SCD + CPR)
    Destination Clock Delay (DCD):    -1.648ns = ( 18.352 - 20.000 ) 
    Source Clock Delay      (SCD):    -0.959ns
    Clock Pessimism Removal (CPR):    0.249ns
  Clock Uncertainty:      0.210ns  ((TSJ^2 + DJ^2)^1/2) / 2 + PE
    Total System Jitter     (TSJ):    0.071ns
    Discrete Jitter          (DJ):    0.165ns
    Phase Error              (PE):    0.120ns

    Location             Delay type                Incr(ns)  Path(ns)    Netlist Resource(s)
  -------------------------------------------------------------------    -------------------
                         (clock clk_25_SoC_clk_wiz_0_0 rise edge)
                                                      0.000     0.000 r  
    H16                                               0.000     0.000 r  sys_clock (IN)
                         net (fo=0)                   0.000     0.000    SoC_i/clk_wiz_0/inst/clk_in1
    H16                  IBUF (Prop_ibuf_I_O)         1.451     1.451 r  SoC_i/clk_wiz_0/inst/clkin1_ibufg/O
                         net (fo=1, routed)           1.285     2.736    SoC_i/clk_wiz_0/inst/clk_in1_SoC_clk_wiz_0_0
    MMCME2_ADV_X1Y2      MMCME2_ADV (Prop_mmcme2_adv_CLKIN1_CLKOUT0)
                                                     -7.759    -5.023 r  SoC_i/clk_wiz_0/inst/mmcm_adv_inst/CLKOUT0
                         net (fo=2, routed)           2.206    -2.817    SoC_i/clk_wiz_0/inst/clk_25_SoC_clk_wiz_0_0
    BUFGCTRL_X0Y17       BUFGCTRL (Prop_bufgctrl_I0_O)
                                                      0.101    -2.716 r  SoC_i/clk_wiz_0/inst/clkout1_buf/O
                         net (fo=25462, routed)       1.757    -0.959    SoC_i/cpu_reset_gen25/U0/slowest_sync_clk
    SLICE_X17Y1          FDRE                                         r  SoC_i/cpu_reset_gen25/U0/ACTIVE_LOW_PR_OUT_DFF[0].FDRE_PER_N/C
  -------------------------------------------------------------------    -------------------
    SLICE_X17Y1          FDRE (Prop_fdre_C_Q)         0.456    -0.503 f  SoC_i/cpu_reset_gen25/U0/ACTIVE_LOW_PR_OUT_DFF[0].FDRE_PER_N/Q
                         net (fo=46, routed)          3.091     2.588    SoC_i/axi_mem_intercon/s00_couplers/auto_pc/inst/gen_axi4_axi3.axi3_conv_inst/USE_WRITE.write_addr_inst/USE_BURSTS.cmd_queue/inst/aresetn
    SLICE_X5Y47          LUT1 (Prop_lut1_I0_O)        0.152     2.740 r  SoC_i/axi_mem_intercon/s00_couplers/auto_pc/inst/gen_axi4_axi3.axi3_conv_inst/USE_WRITE.write_addr_inst/USE_BURSTS.cmd_queue/inst/S_AXI_AREADY_I_i_1/O
                         net (fo=284, routed)         4.060     6.800    SoC_i/axi_mem_intercon/s00_couplers/auto_pc/inst/gen_axi4_axi3.axi3_conv_inst/USE_WRITE.write_addr_inst/SR[0]
    SLICE_X26Y56         FDRE                                         r  SoC_i/axi_mem_intercon/s00_couplers/auto_pc/inst/gen_axi4_axi3.axi3_conv_inst/USE_WRITE.write_addr_inst/S_AXI_ACACHE_Q_reg[0]/R
  -------------------------------------------------------------------    -------------------

                         (clock clk_50_SoC_clk_wiz_0_0 rise edge)
                                                     20.000    20.000 r  
    H16                                               0.000    20.000 r  sys_clock (IN)
                         net (fo=0)                   0.000    20.000    SoC_i/clk_wiz_0/inst/clk_in1
    H16                  IBUF (Prop_ibuf_I_O)         1.380    21.380 r  SoC_i/clk_wiz_0/inst/clkin1_ibufg/O
                         net (fo=1, routed)           1.162    22.542    SoC_i/clk_wiz_0/inst/clk_in1_SoC_clk_wiz_0_0
    MMCME2_ADV_X1Y2      MMCME2_ADV (Prop_mmcme2_adv_CLKIN1_CLKOUT1)
                                                     -7.814    14.728 r  SoC_i/clk_wiz_0/inst/mmcm_adv_inst/CLKOUT1
                         net (fo=2, routed)           2.012    16.740    SoC_i/clk_wiz_0/inst/clk_50_SoC_clk_wiz_0_0
    BUFGCTRL_X0Y16       BUFGCTRL (Prop_bufgctrl_I0_O)
                                                      0.091    16.831 r  SoC_i/clk_wiz_0/inst/clkout2_buf/O
                         net (fo=728, routed)         1.521    18.352    SoC_i/axi_mem_intercon/s00_couplers/auto_pc/inst/gen_axi4_axi3.axi3_conv_inst/USE_WRITE.write_addr_inst/aclk
    SLICE_X26Y56         FDRE                                         r  SoC_i/axi_mem_intercon/s00_couplers/auto_pc/inst/gen_axi4_axi3.axi3_conv_inst/USE_WRITE.write_addr_inst/S_AXI_ACACHE_Q_reg[0]/C
                         clock pessimism              0.249    18.601    
                         clock uncertainty           -0.210    18.391    
    SLICE_X26Y56         FDRE (Setup_fdre_C_R)       -0.726    17.665    SoC_i/axi_mem_intercon/s00_couplers/auto_pc/inst/gen_axi4_axi3.axi3_conv_inst/USE_WRITE.write_addr_inst/S_AXI_ACACHE_Q_reg[0]
  -------------------------------------------------------------------
                         required time                         17.665    
                         arrival time                          -6.800    
  -------------------------------------------------------------------
                         slack                                 10.865    





Min Delay Paths
--------------------------------------------------------------------------------------
Slack (MET) :             0.130ns  (arrival time - required time)
  Source:                 SoC_i/northbridge/axi_interconnect_0/m00_couplers/auto_cc/inst/gen_clock_conv.gen_sync_conv.gen_conv_read_ch.ar_sync_clock_converter/gen_sync_clock_converter.m_tpayload_r_reg[58]/C
                            (rising edge-triggered cell FDRE clocked by clk_25_SoC_clk_wiz_0_0  {rise@0.000ns fall@20.000ns period=40.000ns})
  Destination:            SoC_i/axi_mem_intercon/s00_couplers/auto_pc/inst/gen_axi4_axi3.axi3_conv_inst/USE_READ.USE_SPLIT_R.read_addr_inst/S_AXI_AADDR_Q_reg[28]/D
                            (rising edge-triggered cell FDRE clocked by clk_50_SoC_clk_wiz_0_0  {rise@0.000ns fall@10.000ns period=20.000ns})
  Path Group:             clk_50_SoC_clk_wiz_0_0
  Path Type:              Hold (Min at Fast Process Corner)
  Requirement:            0.000ns  (clk_50_SoC_clk_wiz_0_0 rise@0.000ns - clk_25_SoC_clk_wiz_0_0 rise@0.000ns)
  Data Path Delay:        0.801ns  (logic 0.275ns (34.350%)  route 0.526ns (65.650%))
  Logic Levels:           2  (CARRY4=1 LUT1=1)
  Clock Path Skew:        0.327ns (DCD - SCD - CPR)
    Destination Clock Delay (DCD):    -0.875ns
    Source Clock Delay      (SCD):    -0.635ns
    Clock Pessimism Removal (CPR):    -0.567ns
  Clock Uncertainty:      0.210ns  ((TSJ^2 + DJ^2)^1/2) / 2 + PE
    Total System Jitter     (TSJ):    0.071ns
    Discrete Jitter          (DJ):    0.165ns
    Phase Error              (PE):    0.120ns

    Location             Delay type                Incr(ns)  Path(ns)    Netlist Resource(s)
  -------------------------------------------------------------------    -------------------
                         (clock clk_25_SoC_clk_wiz_0_0 rise edge)
                                                      0.000     0.000 r  
    H16                                               0.000     0.000 r  sys_clock (IN)
                         net (fo=0)                   0.000     0.000    SoC_i/clk_wiz_0/inst/clk_in1
    H16                  IBUF (Prop_ibuf_I_O)         0.219     0.219 r  SoC_i/clk_wiz_0/inst/clkin1_ibufg/O
                         net (fo=1, routed)           0.440     0.659    SoC_i/clk_wiz_0/inst/clk_in1_SoC_clk_wiz_0_0
    MMCME2_ADV_X1Y2      MMCME2_ADV (Prop_mmcme2_adv_CLKIN1_CLKOUT0)
                                                     -2.613    -1.954 r  SoC_i/clk_wiz_0/inst/mmcm_adv_inst/CLKOUT0
                         net (fo=2, routed)           0.696    -1.257    SoC_i/clk_wiz_0/inst/clk_25_SoC_clk_wiz_0_0
    BUFGCTRL_X0Y17       BUFGCTRL (Prop_bufgctrl_I0_O)
                                                      0.026    -1.231 r  SoC_i/clk_wiz_0/inst/clkout1_buf/O
                         net (fo=25462, routed)       0.597    -0.635    SoC_i/northbridge/axi_interconnect_0/m00_couplers/auto_cc/inst/gen_clock_conv.gen_sync_conv.gen_conv_read_ch.ar_sync_clock_converter/out
    SLICE_X10Y48         FDRE                                         r  SoC_i/northbridge/axi_interconnect_0/m00_couplers/auto_cc/inst/gen_clock_conv.gen_sync_conv.gen_conv_read_ch.ar_sync_clock_converter/gen_sync_clock_converter.m_tpayload_r_reg[58]/C
  -------------------------------------------------------------------    -------------------
    SLICE_X10Y48         FDRE (Prop_fdre_C_Q)         0.164    -0.471 f  SoC_i/northbridge/axi_interconnect_0/m00_couplers/auto_cc/inst/gen_clock_conv.gen_sync_conv.gen_conv_read_ch.ar_sync_clock_converter/gen_sync_clock_converter.m_tpayload_r_reg[58]/Q
                         net (fo=2, routed)           0.526     0.055    SoC_i/ram_offset_to_zero_0/inst/s_axi_ram_araddr[1]
    SLICE_X10Y46         LUT1 (Prop_lut1_I0_O)        0.045     0.100 r  SoC_i/ram_offset_to_zero_0/inst/m_axi_ram_araddr[27]_INST_0_i_1/O
                         net (fo=1, routed)           0.000     0.100    SoC_i/ram_offset_to_zero_0/inst/m_axi_ram_araddr[27]_INST_0_i_1_n_0
    SLICE_X10Y46         CARRY4 (Prop_carry4_S[1]_O[1])
                                                      0.066     0.166 r  SoC_i/ram_offset_to_zero_0/inst/m_axi_ram_araddr[27]_INST_0/O[1]
                         net (fo=1, routed)           0.000     0.166    SoC_i/axi_mem_intercon/s00_couplers/auto_pc/inst/gen_axi4_axi3.axi3_conv_inst/USE_READ.USE_SPLIT_R.read_addr_inst/s_axi_araddr[28]
    SLICE_X10Y46         FDRE                                         r  SoC_i/axi_mem_intercon/s00_couplers/auto_pc/inst/gen_axi4_axi3.axi3_conv_inst/USE_READ.USE_SPLIT_R.read_addr_inst/S_AXI_AADDR_Q_reg[28]/D
  -------------------------------------------------------------------    -------------------

                         (clock clk_50_SoC_clk_wiz_0_0 rise edge)
                                                      0.000     0.000 r  
    H16                                               0.000     0.000 r  sys_clock (IN)
                         net (fo=0)                   0.000     0.000    SoC_i/clk_wiz_0/inst/clk_in1
    H16                  IBUF (Prop_ibuf_I_O)         0.406     0.406 r  SoC_i/clk_wiz_0/inst/clkin1_ibufg/O
                         net (fo=1, routed)           0.480     0.886    SoC_i/clk_wiz_0/inst/clk_in1_SoC_clk_wiz_0_0
    MMCME2_ADV_X1Y2      MMCME2_ADV (Prop_mmcme2_adv_CLKIN1_CLKOUT1)
                                                     -3.407    -2.521 r  SoC_i/clk_wiz_0/inst/mmcm_adv_inst/CLKOUT1
                         net (fo=2, routed)           0.752    -1.769    SoC_i/clk_wiz_0/inst/clk_50_SoC_clk_wiz_0_0
    BUFGCTRL_X0Y16       BUFGCTRL (Prop_bufgctrl_I0_O)
                                                      0.029    -1.740 r  SoC_i/clk_wiz_0/inst/clkout2_buf/O
                         net (fo=728, routed)         0.865    -0.875    SoC_i/axi_mem_intercon/s00_couplers/auto_pc/inst/gen_axi4_axi3.axi3_conv_inst/USE_READ.USE_SPLIT_R.read_addr_inst/aclk
    SLICE_X10Y46         FDRE                                         r  SoC_i/axi_mem_intercon/s00_couplers/auto_pc/inst/gen_axi4_axi3.axi3_conv_inst/USE_READ.USE_SPLIT_R.read_addr_inst/S_AXI_AADDR_Q_reg[28]/C
                         clock pessimism              0.567    -0.308    
                         clock uncertainty            0.210    -0.098    
    SLICE_X10Y46         FDRE (Hold_fdre_C_D)         0.134     0.036    SoC_i/axi_mem_intercon/s00_couplers/auto_pc/inst/gen_axi4_axi3.axi3_conv_inst/USE_READ.USE_SPLIT_R.read_addr_inst/S_AXI_AADDR_Q_reg[28]
  -------------------------------------------------------------------
                         required time                         -0.036    
                         arrival time                           0.166    
  -------------------------------------------------------------------
                         slack                                  0.130    





---------------------------------------------------------------------------------------------------
Path Group:  **async_default**
From Clock:  clk_25_SoC_clk_wiz_0_0
  To Clock:  clk_25_SoC_clk_wiz_0_0

Setup :            0  Failing Endpoints,  Worst Slack       24.596ns,  Total Violation        0.000ns
Hold  :            0  Failing Endpoints,  Worst Slack        0.445ns,  Total Violation        0.000ns
---------------------------------------------------------------------------------------------------


Max Delay Paths
--------------------------------------------------------------------------------------
Slack (MET) :             24.596ns  (required time - arrival time)
  Source:                 SoC_i/cpu_reset_gen25/U0/ACTIVE_LOW_PR_OUT_DFF[0].FDRE_PER_N/C
                            (rising edge-triggered cell FDRE clocked by clk_25_SoC_clk_wiz_0_0  {rise@0.000ns fall@20.000ns period=40.000ns})
  Destination:            SoC_i/cpu_0/inst/i_cva6_wrapper/i_ariane/i_cva6/ex_stage_i/fpu_gen.fpu_i/fpu_gen.i_fpnew_bulk/gen_operation_groups[3].i_opgroup_block/gen_merged_slice.i_multifmt_slice/gen_num_lanes[0].active_lane.lane_instance.i_fpnew_cast_multi/gen_inside_pipeline[0].mid_pipe_int_fmt_q_reg[1][0]/CLR
                            (recovery check against rising-edge clock clk_25_SoC_clk_wiz_0_0  {rise@0.000ns fall@20.000ns period=40.000ns})
  Path Group:             **async_default**
  Path Type:              Recovery (Max at Slow Process Corner)
  Requirement:            40.000ns  (clk_25_SoC_clk_wiz_0_0 rise@40.000ns - clk_25_SoC_clk_wiz_0_0 rise@0.000ns)
  Data Path Delay:        14.792ns  (logic 0.580ns (3.921%)  route 14.212ns (96.079%))
  Logic Levels:           1  (LUT1=1)
  Clock Path Skew:        -0.117ns (DCD - SCD + CPR)
    Destination Clock Delay (DCD):    -1.529ns = ( 38.471 - 40.000 ) 
    Source Clock Delay      (SCD):    -0.959ns
    Clock Pessimism Removal (CPR):    0.452ns
  Clock Uncertainty:      0.090ns  ((TSJ^2 + DJ^2)^1/2) / 2 + PE
    Total System Jitter     (TSJ):    0.071ns
    Discrete Jitter          (DJ):    0.165ns
    Phase Error              (PE):    0.000ns

    Location             Delay type                Incr(ns)  Path(ns)    Netlist Resource(s)
  -------------------------------------------------------------------    -------------------
                         (clock clk_25_SoC_clk_wiz_0_0 rise edge)
                                                      0.000     0.000 r  
    H16                                               0.000     0.000 r  sys_clock (IN)
                         net (fo=0)                   0.000     0.000    SoC_i/clk_wiz_0/inst/clk_in1
    H16                  IBUF (Prop_ibuf_I_O)         1.451     1.451 r  SoC_i/clk_wiz_0/inst/clkin1_ibufg/O
                         net (fo=1, routed)           1.285     2.736    SoC_i/clk_wiz_0/inst/clk_in1_SoC_clk_wiz_0_0
    MMCME2_ADV_X1Y2      MMCME2_ADV (Prop_mmcme2_adv_CLKIN1_CLKOUT0)
                                                     -7.759    -5.023 r  SoC_i/clk_wiz_0/inst/mmcm_adv_inst/CLKOUT0
                         net (fo=2, routed)           2.206    -2.817    SoC_i/clk_wiz_0/inst/clk_25_SoC_clk_wiz_0_0
    BUFGCTRL_X0Y17       BUFGCTRL (Prop_bufgctrl_I0_O)
                                                      0.101    -2.716 r  SoC_i/clk_wiz_0/inst/clkout1_buf/O
                         net (fo=25462, routed)       1.757    -0.959    SoC_i/cpu_reset_gen25/U0/slowest_sync_clk
    SLICE_X17Y1          FDRE                                         r  SoC_i/cpu_reset_gen25/U0/ACTIVE_LOW_PR_OUT_DFF[0].FDRE_PER_N/C
  -------------------------------------------------------------------    -------------------
    SLICE_X17Y1          FDRE (Prop_fdre_C_Q)         0.456    -0.503 r  SoC_i/cpu_reset_gen25/U0/ACTIVE_LOW_PR_OUT_DFF[0].FDRE_PER_N/Q
                         net (fo=46, routed)          6.680     6.177    SoC_i/cpu_0/inst/i_cva6_wrapper/i_ariane/i_cva6/gen_cache_wt.i_cache_subsystem/i_cva6_icache/aresetn
    SLICE_X101Y43        LUT1 (Prop_lut1_I0_O)        0.124     6.301 f  SoC_i/cpu_0/inst/i_cva6_wrapper/i_ariane/i_cva6/gen_cache_wt.i_cache_subsystem/i_cva6_icache/i_/O
                         net (fo=15325, routed)       7.532    13.833    SoC_i/cpu_0/inst/i_cva6_wrapper/i_ariane/i_cva6/ex_stage_i/fpu_gen.fpu_i/fpu_gen.i_fpnew_bulk/gen_operation_groups[3].i_opgroup_block/gen_merged_slice.i_multifmt_slice/gen_num_lanes[0].active_lane.lane_instance.i_fpnew_cast_multi/gen_input_pipeline[0].inp_pipe_is_boxed_q_reg[1][1]_0
    SLICE_X51Y144        FDCE                                         f  SoC_i/cpu_0/inst/i_cva6_wrapper/i_ariane/i_cva6/ex_stage_i/fpu_gen.fpu_i/fpu_gen.i_fpnew_bulk/gen_operation_groups[3].i_opgroup_block/gen_merged_slice.i_multifmt_slice/gen_num_lanes[0].active_lane.lane_instance.i_fpnew_cast_multi/gen_inside_pipeline[0].mid_pipe_int_fmt_q_reg[1][0]/CLR
  -------------------------------------------------------------------    -------------------

                         (clock clk_25_SoC_clk_wiz_0_0 rise edge)
                                                     40.000    40.000 r  
    H16                                               0.000    40.000 r  sys_clock (IN)
                         net (fo=0)                   0.000    40.000    SoC_i/clk_wiz_0/inst/clk_in1
    H16                  IBUF (Prop_ibuf_I_O)         1.380    41.380 r  SoC_i/clk_wiz_0/inst/clkin1_ibufg/O
                         net (fo=1, routed)           1.162    42.542    SoC_i/clk_wiz_0/inst/clk_in1_SoC_clk_wiz_0_0
    MMCME2_ADV_X1Y2      MMCME2_ADV (Prop_mmcme2_adv_CLKIN1_CLKOUT0)
                                                     -7.814    34.728 r  SoC_i/clk_wiz_0/inst/mmcm_adv_inst/CLKOUT0
                         net (fo=2, routed)           2.012    36.740    SoC_i/clk_wiz_0/inst/clk_25_SoC_clk_wiz_0_0
    BUFGCTRL_X0Y17       BUFGCTRL (Prop_bufgctrl_I0_O)
                                                      0.091    36.831 r  SoC_i/clk_wiz_0/inst/clkout1_buf/O
                         net (fo=25462, routed)       1.640    38.471    SoC_i/cpu_0/inst/i_cva6_wrapper/i_ariane/i_cva6/ex_stage_i/fpu_gen.fpu_i/fpu_gen.i_fpnew_bulk/gen_operation_groups[3].i_opgroup_block/gen_merged_slice.i_multifmt_slice/gen_num_lanes[0].active_lane.lane_instance.i_fpnew_cast_multi/aclk
    SLICE_X51Y144        FDCE                                         r  SoC_i/cpu_0/inst/i_cva6_wrapper/i_ariane/i_cva6/ex_stage_i/fpu_gen.fpu_i/fpu_gen.i_fpnew_bulk/gen_operation_groups[3].i_opgroup_block/gen_merged_slice.i_multifmt_slice/gen_num_lanes[0].active_lane.lane_instance.i_fpnew_cast_multi/gen_inside_pipeline[0].mid_pipe_int_fmt_q_reg[1][0]/C
                         clock pessimism              0.452    38.924    
                         clock uncertainty           -0.090    38.834    
    SLICE_X51Y144        FDCE (Recov_fdce_C_CLR)     -0.405    38.429    SoC_i/cpu_0/inst/i_cva6_wrapper/i_ariane/i_cva6/ex_stage_i/fpu_gen.fpu_i/fpu_gen.i_fpnew_bulk/gen_operation_groups[3].i_opgroup_block/gen_merged_slice.i_multifmt_slice/gen_num_lanes[0].active_lane.lane_instance.i_fpnew_cast_multi/gen_inside_pipeline[0].mid_pipe_int_fmt_q_reg[1][0]
  -------------------------------------------------------------------
                         required time                         38.429    
                         arrival time                         -13.833    
  -------------------------------------------------------------------
                         slack                                 24.596    





Min Delay Paths
--------------------------------------------------------------------------------------
Slack (MET) :             0.445ns  (arrival time - required time)
  Source:                 SoC_i/northbridge/axi_interconnect_0/s00_couplers/s00_data_fifo/inst/gen_fifo.fifo_gen_inst/inst_fifo_gen/gaxi_full_lite.gwrite_ch.gwach2.axi_wach/grf.rf/rstblk/grstd1.grst_full.grst_f.rst_d2_reg/C
                            (rising edge-triggered cell FDPE clocked by clk_25_SoC_clk_wiz_0_0  {rise@0.000ns fall@20.000ns period=40.000ns})
  Destination:            SoC_i/northbridge/axi_interconnect_0/s00_couplers/s00_data_fifo/inst/gen_fifo.fifo_gen_inst/inst_fifo_gen/gaxi_full_lite.gwrite_ch.gwach2.axi_wach/grf.rf/gntv_or_sync_fifo.gl0.wr/gwss.wsts/ram_full_fb_i_reg/PRE
                            (removal check against rising-edge clock clk_25_SoC_clk_wiz_0_0  {rise@0.000ns fall@20.000ns period=40.000ns})
  Path Group:             **async_default**
  Path Type:              Removal (Min at Fast Process Corner)
  Requirement:            0.000ns  (clk_25_SoC_clk_wiz_0_0 rise@0.000ns - clk_25_SoC_clk_wiz_0_0 rise@0.000ns)
  Data Path Delay:        0.356ns  (logic 0.128ns (35.932%)  route 0.228ns (64.068%))
  Logic Levels:           0  
  Clock Path Skew:        0.060ns (DCD - SCD - CPR)
    Destination Clock Delay (DCD):    -0.888ns
    Source Clock Delay      (SCD):    -0.673ns
    Clock Pessimism Removal (CPR):    -0.275ns

    Location             Delay type                Incr(ns)  Path(ns)    Netlist Resource(s)
  -------------------------------------------------------------------    -------------------
                         (clock clk_25_SoC_clk_wiz_0_0 rise edge)
                                                      0.000     0.000 r  
    H16                                               0.000     0.000 r  sys_clock (IN)
                         net (fo=0)                   0.000     0.000    SoC_i/clk_wiz_0/inst/clk_in1
    H16                  IBUF (Prop_ibuf_I_O)         0.219     0.219 r  SoC_i/clk_wiz_0/inst/clkin1_ibufg/O
                         net (fo=1, routed)           0.440     0.659    SoC_i/clk_wiz_0/inst/clk_in1_SoC_clk_wiz_0_0
    MMCME2_ADV_X1Y2      MMCME2_ADV (Prop_mmcme2_adv_CLKIN1_CLKOUT0)
                                                     -2.613    -1.954 r  SoC_i/clk_wiz_0/inst/mmcm_adv_inst/CLKOUT0
                         net (fo=2, routed)           0.696    -1.257    SoC_i/clk_wiz_0/inst/clk_25_SoC_clk_wiz_0_0
    BUFGCTRL_X0Y17       BUFGCTRL (Prop_bufgctrl_I0_O)
                                                      0.026    -1.231 r  SoC_i/clk_wiz_0/inst/clkout1_buf/O
                         net (fo=25462, routed)       0.559    -0.673    SoC_i/northbridge/axi_interconnect_0/s00_couplers/s00_data_fifo/inst/gen_fifo.fifo_gen_inst/inst_fifo_gen/gaxi_full_lite.gwrite_ch.gwach2.axi_wach/grf.rf/rstblk/s_aclk
    SLICE_X33Y16         FDPE                                         r  SoC_i/northbridge/axi_interconnect_0/s00_couplers/s00_data_fifo/inst/gen_fifo.fifo_gen_inst/inst_fifo_gen/gaxi_full_lite.gwrite_ch.gwach2.axi_wach/grf.rf/rstblk/grstd1.grst_full.grst_f.rst_d2_reg/C
  -------------------------------------------------------------------    -------------------
    SLICE_X33Y16         FDPE (Prop_fdpe_C_Q)         0.128    -0.545 f  SoC_i/northbridge/axi_interconnect_0/s00_couplers/s00_data_fifo/inst/gen_fifo.fifo_gen_inst/inst_fifo_gen/gaxi_full_lite.gwrite_ch.gwach2.axi_wach/grf.rf/rstblk/grstd1.grst_full.grst_f.rst_d2_reg/Q
                         net (fo=3, routed)           0.228    -0.316    SoC_i/northbridge/axi_interconnect_0/s00_couplers/s00_data_fifo/inst/gen_fifo.fifo_gen_inst/inst_fifo_gen/gaxi_full_lite.gwrite_ch.gwach2.axi_wach/grf.rf/gntv_or_sync_fifo.gl0.wr/gwss.wsts/out
    SLICE_X27Y16         FDPE                                         f  SoC_i/northbridge/axi_interconnect_0/s00_couplers/s00_data_fifo/inst/gen_fifo.fifo_gen_inst/inst_fifo_gen/gaxi_full_lite.gwrite_ch.gwach2.axi_wach/grf.rf/gntv_or_sync_fifo.gl0.wr/gwss.wsts/ram_full_fb_i_reg/PRE
  -------------------------------------------------------------------    -------------------

                         (clock clk_25_SoC_clk_wiz_0_0 rise edge)
                                                      0.000     0.000 r  
    H16                                               0.000     0.000 r  sys_clock (IN)
                         net (fo=0)                   0.000     0.000    SoC_i/clk_wiz_0/inst/clk_in1
    H16                  IBUF (Prop_ibuf_I_O)         0.406     0.406 r  SoC_i/clk_wiz_0/inst/clkin1_ibufg/O
                         net (fo=1, routed)           0.480     0.886    SoC_i/clk_wiz_0/inst/clk_in1_SoC_clk_wiz_0_0
    MMCME2_ADV_X1Y2      MMCME2_ADV (Prop_mmcme2_adv_CLKIN1_CLKOUT0)
                                                     -3.407    -2.521 r  SoC_i/clk_wiz_0/inst/mmcm_adv_inst/CLKOUT0
                         net (fo=2, routed)           0.752    -1.769    SoC_i/clk_wiz_0/inst/clk_25_SoC_clk_wiz_0_0
    BUFGCTRL_X0Y17       BUFGCTRL (Prop_bufgctrl_I0_O)
                                                      0.029    -1.740 r  SoC_i/clk_wiz_0/inst/clkout1_buf/O
                         net (fo=25462, routed)       0.852    -0.888    SoC_i/northbridge/axi_interconnect_0/s00_couplers/s00_data_fifo/inst/gen_fifo.fifo_gen_inst/inst_fifo_gen/gaxi_full_lite.gwrite_ch.gwach2.axi_wach/grf.rf/gntv_or_sync_fifo.gl0.wr/gwss.wsts/s_aclk
    SLICE_X27Y16         FDPE                                         r  SoC_i/northbridge/axi_interconnect_0/s00_couplers/s00_data_fifo/inst/gen_fifo.fifo_gen_inst/inst_fifo_gen/gaxi_full_lite.gwrite_ch.gwach2.axi_wach/grf.rf/gntv_or_sync_fifo.gl0.wr/gwss.wsts/ram_full_fb_i_reg/C
                         clock pessimism              0.275    -0.613    
    SLICE_X27Y16         FDPE (Remov_fdpe_C_PRE)     -0.149    -0.762    SoC_i/northbridge/axi_interconnect_0/s00_couplers/s00_data_fifo/inst/gen_fifo.fifo_gen_inst/inst_fifo_gen/gaxi_full_lite.gwrite_ch.gwach2.axi_wach/grf.rf/gntv_or_sync_fifo.gl0.wr/gwss.wsts/ram_full_fb_i_reg
  -------------------------------------------------------------------
                         required time                          0.762    
                         arrival time                          -0.316    
  -------------------------------------------------------------------
                         slack                                  0.445    





---------------------------------------------------------------------------------------------------
Path Group:  **async_default**
From Clock:  clk_50_SoC_clk_wiz_0_0
  To Clock:  clk_50_SoC_clk_wiz_0_0

Setup :            0  Failing Endpoints,  Worst Slack       15.865ns,  Total Violation        0.000ns
Hold  :            0  Failing Endpoints,  Worst Slack        0.565ns,  Total Violation        0.000ns
---------------------------------------------------------------------------------------------------


Max Delay Paths
--------------------------------------------------------------------------------------
Slack (MET) :             15.865ns  (required time - arrival time)
  Source:                 SoC_i/axi_mem_intercon/s00_couplers/auto_pc/inst/gen_axi4_axi3.axi3_conv_inst/USE_WRITE.write_addr_inst/USE_B_CHANNEL.cmd_b_queue/inst/fifo_gen_inst/inst_fifo_gen/gconvfifo.rf/grf.rf/rstblk/ngwrdrst.grst.g7serrst.gnsckt_wrst.rst_wr_reg2_inst/arststages_ff_reg[1]/C
                            (rising edge-triggered cell FDPE clocked by clk_50_SoC_clk_wiz_0_0  {rise@0.000ns fall@10.000ns period=20.000ns})
  Destination:            SoC_i/axi_mem_intercon/s00_couplers/auto_pc/inst/gen_axi4_axi3.axi3_conv_inst/USE_WRITE.write_addr_inst/USE_B_CHANNEL.cmd_b_queue/inst/fifo_gen_inst/inst_fifo_gen/gconvfifo.rf/grf.rf/gntv_or_sync_fifo.gl0.wr/wpntr/gcc0.gc0.count_d1_reg[2]/CLR
                            (recovery check against rising-edge clock clk_50_SoC_clk_wiz_0_0  {rise@0.000ns fall@10.000ns period=20.000ns})
  Path Group:             **async_default**
  Path Type:              Recovery (Max at Slow Process Corner)
  Requirement:            20.000ns  (clk_50_SoC_clk_wiz_0_0 rise@20.000ns - clk_50_SoC_clk_wiz_0_0 rise@0.000ns)
  Data Path Delay:        3.584ns  (logic 0.716ns (19.977%)  route 2.868ns (80.023%))
  Logic Levels:           1  (LUT3=1)
  Clock Path Skew:        -0.066ns (DCD - SCD + CPR)
    Destination Clock Delay (DCD):    -1.510ns = ( 18.490 - 20.000 ) 
    Source Clock Delay      (SCD):    -0.877ns
    Clock Pessimism Removal (CPR):    0.567ns
  Clock Uncertainty:      0.080ns  ((TSJ^2 + DJ^2)^1/2) / 2 + PE
    Total System Jitter     (TSJ):    0.071ns
    Discrete Jitter          (DJ):    0.144ns
    Phase Error              (PE):    0.000ns

    Location             Delay type                Incr(ns)  Path(ns)    Netlist Resource(s)
  -------------------------------------------------------------------    -------------------
                         (clock clk_50_SoC_clk_wiz_0_0 rise edge)
                                                      0.000     0.000 r  
    H16                                               0.000     0.000 r  sys_clock (IN)
                         net (fo=0)                   0.000     0.000    SoC_i/clk_wiz_0/inst/clk_in1
    H16                  IBUF (Prop_ibuf_I_O)         1.451     1.451 r  SoC_i/clk_wiz_0/inst/clkin1_ibufg/O
                         net (fo=1, routed)           1.285     2.736    SoC_i/clk_wiz_0/inst/clk_in1_SoC_clk_wiz_0_0
    MMCME2_ADV_X1Y2      MMCME2_ADV (Prop_mmcme2_adv_CLKIN1_CLKOUT1)
                                                     -7.759    -5.023 r  SoC_i/clk_wiz_0/inst/mmcm_adv_inst/CLKOUT1
                         net (fo=2, routed)           2.206    -2.817    SoC_i/clk_wiz_0/inst/clk_50_SoC_clk_wiz_0_0
    BUFGCTRL_X0Y16       BUFGCTRL (Prop_bufgctrl_I0_O)
                                                      0.101    -2.716 r  SoC_i/clk_wiz_0/inst/clkout2_buf/O
                         net (fo=728, routed)         1.839    -0.877    SoC_i/axi_mem_intercon/s00_couplers/auto_pc/inst/gen_axi4_axi3.axi3_conv_inst/USE_WRITE.write_addr_inst/USE_B_CHANNEL.cmd_b_queue/inst/fifo_gen_inst/inst_fifo_gen/gconvfifo.rf/grf.rf/rstblk/ngwrdrst.grst.g7serrst.gnsckt_wrst.rst_wr_reg2_inst/dest_clk
    SLICE_X3Y48          FDPE                                         r  SoC_i/axi_mem_intercon/s00_couplers/auto_pc/inst/gen_axi4_axi3.axi3_conv_inst/USE_WRITE.write_addr_inst/USE_B_CHANNEL.cmd_b_queue/inst/fifo_gen_inst/inst_fifo_gen/gconvfifo.rf/grf.rf/rstblk/ngwrdrst.grst.g7serrst.gnsckt_wrst.rst_wr_reg2_inst/arststages_ff_reg[1]/C
  -------------------------------------------------------------------    -------------------
    SLICE_X3Y48          FDPE (Prop_fdpe_C_Q)         0.419    -0.458 f  SoC_i/axi_mem_intercon/s00_couplers/auto_pc/inst/gen_axi4_axi3.axi3_conv_inst/USE_WRITE.write_addr_inst/USE_B_CHANNEL.cmd_b_queue/inst/fifo_gen_inst/inst_fifo_gen/gconvfifo.rf/grf.rf/rstblk/ngwrdrst.grst.g7serrst.gnsckt_wrst.rst_wr_reg2_inst/arststages_ff_reg[1]/Q
                         net (fo=3, routed)           1.292     0.834    SoC_i/axi_mem_intercon/s00_couplers/auto_pc/inst/gen_axi4_axi3.axi3_conv_inst/USE_WRITE.write_addr_inst/USE_B_CHANNEL.cmd_b_queue/inst/fifo_gen_inst/inst_fifo_gen/gconvfifo.rf/grf.rf/rstblk/ngwrdrst.rst_wr_reg2
    SLICE_X2Y42          LUT3 (Prop_lut3_I2_O)        0.297     1.131 f  SoC_i/axi_mem_intercon/s00_couplers/auto_pc/inst/gen_axi4_axi3.axi3_conv_inst/USE_WRITE.write_addr_inst/USE_B_CHANNEL.cmd_b_queue/inst/fifo_gen_inst/inst_fifo_gen/gconvfifo.rf/grf.rf/rstblk/gpregsm1.curr_fwft_state[1]_i_2/O
                         net (fo=32, routed)          1.576     2.707    SoC_i/axi_mem_intercon/s00_couplers/auto_pc/inst/gen_axi4_axi3.axi3_conv_inst/USE_WRITE.write_addr_inst/USE_B_CHANNEL.cmd_b_queue/inst/fifo_gen_inst/inst_fifo_gen/gconvfifo.rf/grf.rf/gntv_or_sync_fifo.gl0.wr/wpntr/AR[0]
    SLICE_X5Y45          FDCE                                         f  SoC_i/axi_mem_intercon/s00_couplers/auto_pc/inst/gen_axi4_axi3.axi3_conv_inst/USE_WRITE.write_addr_inst/USE_B_CHANNEL.cmd_b_queue/inst/fifo_gen_inst/inst_fifo_gen/gconvfifo.rf/grf.rf/gntv_or_sync_fifo.gl0.wr/wpntr/gcc0.gc0.count_d1_reg[2]/CLR
  -------------------------------------------------------------------    -------------------

                         (clock clk_50_SoC_clk_wiz_0_0 rise edge)
                                                     20.000    20.000 r  
    H16                                               0.000    20.000 r  sys_clock (IN)
                         net (fo=0)                   0.000    20.000    SoC_i/clk_wiz_0/inst/clk_in1
    H16                  IBUF (Prop_ibuf_I_O)         1.380    21.380 r  SoC_i/clk_wiz_0/inst/clkin1_ibufg/O
                         net (fo=1, routed)           1.162    22.542    SoC_i/clk_wiz_0/inst/clk_in1_SoC_clk_wiz_0_0
    MMCME2_ADV_X1Y2      MMCME2_ADV (Prop_mmcme2_adv_CLKIN1_CLKOUT1)
                                                     -7.814    14.728 r  SoC_i/clk_wiz_0/inst/mmcm_adv_inst/CLKOUT1
                         net (fo=2, routed)           2.012    16.740    SoC_i/clk_wiz_0/inst/clk_50_SoC_clk_wiz_0_0
    BUFGCTRL_X0Y16       BUFGCTRL (Prop_bufgctrl_I0_O)
                                                      0.091    16.831 r  SoC_i/clk_wiz_0/inst/clkout2_buf/O
                         net (fo=728, routed)         1.658    18.490    SoC_i/axi_mem_intercon/s00_couplers/auto_pc/inst/gen_axi4_axi3.axi3_conv_inst/USE_WRITE.write_addr_inst/USE_B_CHANNEL.cmd_b_queue/inst/fifo_gen_inst/inst_fifo_gen/gconvfifo.rf/grf.rf/gntv_or_sync_fifo.gl0.wr/wpntr/clk
    SLICE_X5Y45          FDCE                                         r  SoC_i/axi_mem_intercon/s00_couplers/auto_pc/inst/gen_axi4_axi3.axi3_conv_inst/USE_WRITE.write_addr_inst/USE_B_CHANNEL.cmd_b_queue/inst/fifo_gen_inst/inst_fifo_gen/gconvfifo.rf/grf.rf/gntv_or_sync_fifo.gl0.wr/wpntr/gcc0.gc0.count_d1_reg[2]/C
                         clock pessimism              0.567    19.057    
                         clock uncertainty           -0.080    18.977    
    SLICE_X5Y45          FDCE (Recov_fdce_C_CLR)     -0.405    18.572    SoC_i/axi_mem_intercon/s00_couplers/auto_pc/inst/gen_axi4_axi3.axi3_conv_inst/USE_WRITE.write_addr_inst/USE_B_CHANNEL.cmd_b_queue/inst/fifo_gen_inst/inst_fifo_gen/gconvfifo.rf/grf.rf/gntv_or_sync_fifo.gl0.wr/wpntr/gcc0.gc0.count_d1_reg[2]
  -------------------------------------------------------------------
                         required time                         18.572    
                         arrival time                          -2.707    
  -------------------------------------------------------------------
                         slack                                 15.865    





Min Delay Paths
--------------------------------------------------------------------------------------
Slack (MET) :             0.565ns  (arrival time - required time)
  Source:                 SoC_i/axi_mem_intercon/s00_couplers/auto_pc/inst/gen_axi4_axi3.axi3_conv_inst/USE_WRITE.write_addr_inst/USE_B_CHANNEL.cmd_b_queue/inst/fifo_gen_inst/inst_fifo_gen/gconvfifo.rf/grf.rf/rstblk/ngwrdrst.grst.g7serrst.gnsckt_wrst.gcc_rst.sckt_wr_rst_cc_reg[1]/C
                            (rising edge-triggered cell FDRE clocked by clk_50_SoC_clk_wiz_0_0  {rise@0.000ns fall@10.000ns period=20.000ns})
  Destination:            SoC_i/axi_mem_intercon/s00_couplers/auto_pc/inst/gen_axi4_axi3.axi3_conv_inst/USE_WRITE.write_addr_inst/USE_B_CHANNEL.cmd_b_queue/inst/fifo_gen_inst/inst_fifo_gen/gconvfifo.rf/grf.rf/gntv_or_sync_fifo.gl0.rd/gr1.gr1_int.rfwft/aempty_fwft_fb_i_reg/PRE
                            (removal check against rising-edge clock clk_50_SoC_clk_wiz_0_0  {rise@0.000ns fall@10.000ns period=20.000ns})
  Path Group:             **async_default**
  Path Type:              Removal (Min at Fast Process Corner)
  Requirement:            0.000ns  (clk_50_SoC_clk_wiz_0_0 rise@0.000ns - clk_50_SoC_clk_wiz_0_0 rise@0.000ns)
  Data Path Delay:        0.531ns  (logic 0.209ns (39.386%)  route 0.322ns (60.614%))
  Logic Levels:           1  (LUT3=1)
  Clock Path Skew:        0.037ns (DCD - SCD - CPR)
    Destination Clock Delay (DCD):    -0.845ns
    Source Clock Delay      (SCD):    -0.607ns
    Clock Pessimism Removal (CPR):    -0.275ns

    Location             Delay type                Incr(ns)  Path(ns)    Netlist Resource(s)
  -------------------------------------------------------------------    -------------------
                         (clock clk_50_SoC_clk_wiz_0_0 rise edge)
                                                      0.000     0.000 r  
    H16                                               0.000     0.000 r  sys_clock (IN)
                         net (fo=0)                   0.000     0.000    SoC_i/clk_wiz_0/inst/clk_in1
    H16                  IBUF (Prop_ibuf_I_O)         0.219     0.219 r  SoC_i/clk_wiz_0/inst/clkin1_ibufg/O
                         net (fo=1, routed)           0.440     0.659    SoC_i/clk_wiz_0/inst/clk_in1_SoC_clk_wiz_0_0
    MMCME2_ADV_X1Y2      MMCME2_ADV (Prop_mmcme2_adv_CLKIN1_CLKOUT1)
                                                     -2.613    -1.954 r  SoC_i/clk_wiz_0/inst/mmcm_adv_inst/CLKOUT1
                         net (fo=2, routed)           0.696    -1.257    SoC_i/clk_wiz_0/inst/clk_50_SoC_clk_wiz_0_0
    BUFGCTRL_X0Y16       BUFGCTRL (Prop_bufgctrl_I0_O)
                                                      0.026    -1.231 r  SoC_i/clk_wiz_0/inst/clkout2_buf/O
                         net (fo=728, routed)         0.625    -0.607    SoC_i/axi_mem_intercon/s00_couplers/auto_pc/inst/gen_axi4_axi3.axi3_conv_inst/USE_WRITE.write_addr_inst/USE_B_CHANNEL.cmd_b_queue/inst/fifo_gen_inst/inst_fifo_gen/gconvfifo.rf/grf.rf/rstblk/clk
    SLICE_X4Y43          FDRE                                         r  SoC_i/axi_mem_intercon/s00_couplers/auto_pc/inst/gen_axi4_axi3.axi3_conv_inst/USE_WRITE.write_addr_inst/USE_B_CHANNEL.cmd_b_queue/inst/fifo_gen_inst/inst_fifo_gen/gconvfifo.rf/grf.rf/rstblk/ngwrdrst.grst.g7serrst.gnsckt_wrst.gcc_rst.sckt_wr_rst_cc_reg[1]/C
  -------------------------------------------------------------------    -------------------
    SLICE_X4Y43          FDRE (Prop_fdre_C_Q)         0.164    -0.443 f  SoC_i/axi_mem_intercon/s00_couplers/auto_pc/inst/gen_axi4_axi3.axi3_conv_inst/USE_WRITE.write_addr_inst/USE_B_CHANNEL.cmd_b_queue/inst/fifo_gen_inst/inst_fifo_gen/gconvfifo.rf/grf.rf/rstblk/ngwrdrst.grst.g7serrst.gnsckt_wrst.gcc_rst.sckt_wr_rst_cc_reg[1]/Q
                         net (fo=2, routed)           0.126    -0.317    SoC_i/axi_mem_intercon/s00_couplers/auto_pc/inst/gen_axi4_axi3.axi3_conv_inst/USE_WRITE.write_addr_inst/USE_B_CHANNEL.cmd_b_queue/inst/fifo_gen_inst/inst_fifo_gen/gconvfifo.rf/grf.rf/rstblk/ngwrdrst.grst.g7serrst.gnsckt_wrst.gcc_rst.sckt_wr_rst_cc[1]
    SLICE_X2Y42          LUT3 (Prop_lut3_I0_O)        0.045    -0.272 f  SoC_i/axi_mem_intercon/s00_couplers/auto_pc/inst/gen_axi4_axi3.axi3_conv_inst/USE_WRITE.write_addr_inst/USE_B_CHANNEL.cmd_b_queue/inst/fifo_gen_inst/inst_fifo_gen/gconvfifo.rf/grf.rf/rstblk/gpregsm1.curr_fwft_state[1]_i_2/O
                         net (fo=32, routed)          0.196    -0.076    SoC_i/axi_mem_intercon/s00_couplers/auto_pc/inst/gen_axi4_axi3.axi3_conv_inst/USE_WRITE.write_addr_inst/USE_B_CHANNEL.cmd_b_queue/inst/fifo_gen_inst/inst_fifo_gen/gconvfifo.rf/grf.rf/gntv_or_sync_fifo.gl0.rd/gr1.gr1_int.rfwft/gpregsm1.user_valid_reg_0
    SLICE_X2Y43          FDPE                                         f  SoC_i/axi_mem_intercon/s00_couplers/auto_pc/inst/gen_axi4_axi3.axi3_conv_inst/USE_WRITE.write_addr_inst/USE_B_CHANNEL.cmd_b_queue/inst/fifo_gen_inst/inst_fifo_gen/gconvfifo.rf/grf.rf/gntv_or_sync_fifo.gl0.rd/gr1.gr1_int.rfwft/aempty_fwft_fb_i_reg/PRE
  -------------------------------------------------------------------    -------------------

                         (clock clk_50_SoC_clk_wiz_0_0 rise edge)
                                                      0.000     0.000 r  
    H16                                               0.000     0.000 r  sys_clock (IN)
                         net (fo=0)                   0.000     0.000    SoC_i/clk_wiz_0/inst/clk_in1
    H16                  IBUF (Prop_ibuf_I_O)         0.406     0.406 r  SoC_i/clk_wiz_0/inst/clkin1_ibufg/O
                         net (fo=1, routed)           0.480     0.886    SoC_i/clk_wiz_0/inst/clk_in1_SoC_clk_wiz_0_0
    MMCME2_ADV_X1Y2      MMCME2_ADV (Prop_mmcme2_adv_CLKIN1_CLKOUT1)
                                                     -3.407    -2.521 r  SoC_i/clk_wiz_0/inst/mmcm_adv_inst/CLKOUT1
                         net (fo=2, routed)           0.752    -1.769    SoC_i/clk_wiz_0/inst/clk_50_SoC_clk_wiz_0_0
    BUFGCTRL_X0Y16       BUFGCTRL (Prop_bufgctrl_I0_O)
                                                      0.029    -1.740 r  SoC_i/clk_wiz_0/inst/clkout2_buf/O
                         net (fo=728, routed)         0.895    -0.845    SoC_i/axi_mem_intercon/s00_couplers/auto_pc/inst/gen_axi4_axi3.axi3_conv_inst/USE_WRITE.write_addr_inst/USE_B_CHANNEL.cmd_b_queue/inst/fifo_gen_inst/inst_fifo_gen/gconvfifo.rf/grf.rf/gntv_or_sync_fifo.gl0.rd/gr1.gr1_int.rfwft/clk
    SLICE_X2Y43          FDPE                                         r  SoC_i/axi_mem_intercon/s00_couplers/auto_pc/inst/gen_axi4_axi3.axi3_conv_inst/USE_WRITE.write_addr_inst/USE_B_CHANNEL.cmd_b_queue/inst/fifo_gen_inst/inst_fifo_gen/gconvfifo.rf/grf.rf/gntv_or_sync_fifo.gl0.rd/gr1.gr1_int.rfwft/aempty_fwft_fb_i_reg/C
                         clock pessimism              0.275    -0.570    
    SLICE_X2Y43          FDPE (Remov_fdpe_C_PRE)     -0.071    -0.641    SoC_i/axi_mem_intercon/s00_couplers/auto_pc/inst/gen_axi4_axi3.axi3_conv_inst/USE_WRITE.write_addr_inst/USE_B_CHANNEL.cmd_b_queue/inst/fifo_gen_inst/inst_fifo_gen/gconvfifo.rf/grf.rf/gntv_or_sync_fifo.gl0.rd/gr1.gr1_int.rfwft/aempty_fwft_fb_i_reg
  -------------------------------------------------------------------
                         required time                          0.641    
                         arrival time                          -0.076    
  -------------------------------------------------------------------
                         slack                                  0.565    





